Epoch,Average Loss
1,0.17555395181934694
2,0.15444578346881116
