gene_nr,fit_invitro_hff,fit_invivo_PE,fit_invivo_lung,fit_invivo_liver,fit_invivo_spleen,fit_naive_bmdm,fit_ifng
200010,2.54,0.3932,0.0108,-0.0984,-0.0023,0.0979,-0.3323
200130,,-2.8243,0.0,-0.0243,-0.8602,,
200230,,-0.0966,-0.2176,-0.2455,-0.3987,,
200240,,-0.1054,-0.0019,-0.1602,-0.0906,,
200250,,-0.2442,-0.2477,0.1234,-0.0162,,
200270,0.93,-0.0281,0.065,-0.1907,-2.6487,-0.4626,0.4093
200280,-1.28,0.0066,2.7699,3.8119,3.2407,0.4796,-0.2055
200290,0.75,-40.5167,-13.6125,-13.6188,-28.6152,0.2198,-2.4447
200295,1.35,0.3044,0.0066,0.7306,0.0105,0.7118,-0.2998
200300,2.25,0.2869,0.6091,0.7338,0.8054,0.0345,-0.0986
200310,-0.05,0.0834,-1.5927,-0.0189,-0.2511,-0.9387,0.3504
200320,,6.2437,2.0665,1.374,0.5348,,
200330,0.26,-3.7608,-2.3305,-8.9929,-6.7378,-0.1488,-0.7002
200340,1.89,0.1748,-1.0551,-0.0363,-0.0842,0.2766,-0.3661
200350,2.18,0.4956,0.2658,0.1799,0.7409,0.2234,-0.6539
200360,2.63,-0.4587,-1.4319,-1.5134,-0.8001,-0.0733,-0.081
200370,-0.53,-411.8617,-163.5337,-85.0376,-75.1236,0.9001,-2.7773
200385,0.98,-5.3782,-0.8317,-2.8238,-1.3122,-0.5562,-0.5289
200400,-3.17,-6.0067,-0.0156,-0.2127,-0.0811,0.4563,-0.1035
200410,-0.41,-1.1256,-7.9119,-0.847,-1.8508,0.4774,-0.8436
200430,-0.66,1.553,15.4462,9.3698,1.2221,1.1321,-0.8756
200440,-1.22,0.0898,0.045,0.5656,0.8939,-0.6789,0.1114
200450,1.0,0.0472,0.409,0.0687,-0.097,-0.1167,-0.3562
200460,0.45,-139.5198,-258.3405,-104.1707,-143.6354,-0.1259,-1.5265
200470,0.19,0.065,0.0197,0.1725,0.0039,0.5482,-0.2406
200480,1.23,-0.5727,0.0006,-0.9861,-0.0325,-0.1893,0.0938
200590,2.09,-0.0562,-0.3086,-1.3601,-0.1688,0.0931,-0.7293
200595,1.0,0.0081,-0.0958,-0.0491,-0.1737,0.772,-0.5519
200600,0.38,0.8589,0.6707,0.5103,0.378,0.8833,-0.305
200700,,-0.6164,-0.2661,0.0025,-0.0005,,
201100,-1.44,-2.0152,-0.693,-0.2441,-0.5157,-0.1516,-0.3495
201110,-3.19,-2.4834,-1.2104,-1.5974,-3.9289,0.4073,-0.1796
201120,-1.46,5.0429,-0.0167,-0.0004,-0.3381,0.5468,-0.6488
201130,-0.18,-28.3901,-2.8027,-3.9695,-4.7916,-0.0891,-0.3047
201140,-1.19,-91.2679,-118.8758,-90.7735,-114.9667,0.4118,-1.2816
201150,-1.57,35.9614,5.1091,5.8406,0.2551,0.3889,-0.0556
201160,1.68,0.0346,0.0467,0.9059,1.03,-0.3998,0.0175
201170,0.78,-8.2549,-10.5596,-9.9679,-9.9281,0.0484,-0.1767
201180,0.815,-0.4333,0.0002,-0.1456,-0.0812,0.0058,0.2953
201190,0.69,-0.3407,-0.2207,-0.7527,-0.029,-0.3501,0.1932
201200,-3.11,-5.4776,-1.6139,-0.5159,-3.1706,-0.0923,0.2451
201210,-3.48,0.5386,-40.7601,-0.6781,-47.2808,1.0213,-0.3248
201220,-5.4,0.1787,-0.0372,-0.0667,-5.5357,0.5121,-0.0407
201230,-1.18,-1.9083,-11.1345,-8.3388,-1.6855,-0.2468,-1.6923
201240,0.67,0.6764,0.0437,1.0537,2.0884,0.3031,-0.3401
201250,0.48,0.8084,2.9068,5.103,6.0501,-0.6714,-0.3998
201260,1.13,-0.1556,-3.219,-4.5724,-4.6484,-0.1737,-0.2612
201270,-3.41,-4.7757,-0.2493,-14.7153,-51.589,0.391,0.3948
201380,-2.84,-6.9493,-0.1785,-4.5112,-0.8879,0.599,-0.0407
201390,1.86,-0.4817,-0.3696,0.0518,0.0927,-0.1739,0.175
201400,-1.52,-62.2398,-80.7852,-68.8271,-43.949,2.025,-1.781
201520,-0.25,0.0003,0.0295,0.0141,0.061,-0.3856,0.1223
201630,0.795,-0.836,0.2256,-0.9458,-0.1519,,
201640,0.09,1.3383,2.2646,3.8497,0.2383,0.1232,-0.6491
201650,-1.02,0.0126,-0.033,-0.0455,-0.2062,0.0548,-0.5676
201660,0.62,-0.2167,-1.2084,-0.3053,-0.4122,0.2221,-0.3946
201670,0.17,-0.0176,-0.4657,-2.4023,-5.6667,0.0742,-0.7814
201680,-4.55,0.0341,0.01,0.0004,-0.0,0.5889,-0.0305
201690,-1.28,0.0408,0.2381,1.5718,0.8311,0.529,-0.1247
201700,-3.65,-8.1056,-1.5778,-3.3067,-4.1811,0.2655,-0.4547
201710,-4.0,-10.8904,-75.2139,-22.0355,-55.6598,0.4281,-0.2678
201720,-1.12,-8.2525,-6.6608,-2.581,-13.3993,0.4857,-0.3027
201730,-0.62,-0.0001,0.0011,0.0172,0.3013,-1.2179,0.3501
201740,-0.29,-0.3012,-0.2268,-2.9852,-2.965,-0.3434,-0.1608
201750,1.45,-0.1037,-0.6859,-0.4055,-0.1146,-0.0557,-0.4758
201760,0.54,-0.0074,-0.2038,-1.5757,-0.3069,0.1171,-0.3828
201770,-0.56,1.0418,0.4747,0.4702,0.5205,1.1641,-1.0622
201775,2.09,0.0,0.571,0.1951,0.0119,0.086,0.1559
201780,-1.17,2.6743,12.0988,51.4434,13.8401,0.7773,-0.6185
201785,2.21,0.0505,0.467,0.7745,0.1226,0.2549,-0.7079
201790,-3.7,-0.0915,-5.3517,-0.9091,-1.7002,0.3214,0.1217
201800,-4.01,-3.0694,-1.7404,-0.2025,-0.1768,0.2695,0.1164
201810,0.05,-0.5537,-0.898,-0.2139,-1.0552,0.0206,-0.3063
201820,-1.45,-0.0402,-3.1365,-0.1019,-4.025,0.2591,0.0066
201830,-4.94,0.9827,-2.8901,0.754,-2.92,0.5487,-0.0322
201840,-0.36,0.0686,0.153,0.2205,0.0654,0.0421,-0.3872
201850,0.41,-0.0228,-1.8892,-0.5131,-4.8361,0.0873,-0.9123
201860,2.14,-0.2628,-0.0523,-1.5072,-0.3654,-0.012,-0.5536
201870,-0.27,-63.438,-49.8141,-28.4646,-50.6925,0.3739,-0.8868
201880,-3.68,-31.3637,-2.8927,-32.3401,-10.5359,0.3865,0.0908
201890,-0.6,1.4324,1.4464,3.2031,1.3699,-0.056,-0.3661
201895,1.14,0.0909,0.0017,-0.238,-3.4278,0.7588,-0.6786
201900,-3.29,0.0659,-1.6476,0.0119,-0.5886,0.2174,-0.4142
202010,0.63,0.032,0.1873,2.0226,0.0754,-0.0324,-0.2451
202020,-0.12,0.6264,-0.0529,1.5452,1.3849,-0.4707,-0.567
202025,0.04,0.4735,0.9229,4.7245,2.3143,-0.1693,0.3659
202030,0.41,-0.0401,-0.0587,-0.1153,-0.058,0.4143,-0.7593
202040,-0.2,-0.9719,-3.3149,-1.1131,-2.2801,0.2395,-0.5367
202050,0.5,-0.0848,-0.7944,-1.244,-0.5757,-0.2851,0.2853
202065,0.65,-0.0,0.0068,-0.1302,-0.0008,-0.4457,-0.1814
202070,-2.15,0.0016,-5.703,-0.0878,-0.8118,0.9322,-0.7198
202080,-3.85,-3.9926,-33.522,-4.0428,-5.4774,0.4353,-0.0407
202090,1.65,0.0322,-0.0195,-0.0227,-0.538,0.015,-0.4381
202100,-0.42,-0.1724,-3.2415,-2.0367,-1.7199,0.8814,-0.0403
202110,-1.0,-0.0104,-0.6662,-0.0292,-1.2731,0.4331,-1.2534
202120,-2.1,2.1342,0.2521,0.9755,0.1422,0.6922,0.0899
202140,0.58,-0.0,-0.0535,-1.2042,-3.4697,-0.4612,0.772
202160,-0.41,-0.0159,-1.5138,-19.8485,-1.799,1.3716,-1.7889
202170,-4.25,-0.5301,-6.5583,-0.8613,-4.1742,0.2295,-0.5041
202180,-5.46,-2.9151,2.3798,0.8099,1.6873,0.4445,-0.025
202190,-1.28,-1.1326,-0.7813,-0.8191,-2.3644,0.2613,-0.562
202200,-1.41,-66.9999,-1.3671,-3.7422,-0.1292,-0.2952,-0.5821
202205,1.03,-0.2981,-0.3813,-0.208,-0.2931,-0.1725,0.0402
202210,0.6,0.0064,0.1594,-0.2639,-0.3187,0.2739,-0.3522
202220,-3.49,-2.9539,-0.5018,-0.9918,-0.7577,0.8168,-0.6378
202230,-3.66,-3.7411,-0.0795,-0.8735,-0.0118,0.3077,-0.0443
202240,-4.54,-10.2891,-32.3532,-39.6084,-27.729,0.2597,-0.0407
202250,-0.27,-0.325,-5.4136,-0.5481,-1.7006,-0.8269,0.2655
202255,0.34,-0.5439,-0.6964,-1.5419,-4.931,-0.5215,0.1297
202260,-0.78,-0.9046,-3.7878,-6.3685,-4.748,0.4835,-0.6196
202280,-0.75,-0.5596,-0.1013,-1.5422,-1.3359,0.2254,0.5833
202285,-0.14,-0.561,-0.1553,-0.3343,-0.862,0.2702,-0.3593
202290,-3.46,0.1152,-0.0157,-0.2837,-0.3736,0.3469,-0.6011
202300,0.42,2.4487,1.0244,0.3746,0.0383,0.3753,0.024
202310,-4.74,-0.238,4.0688,1.0784,1.6297,0.6862,-0.1841
202340,-2.39,7.9178,3.0116,1.3136,0.2175,-0.1273,0.5318
202350,-5.07,3.8736,11.9523,7.7514,10.3167,0.3121,-0.0407
202360,-1.12,0.5635,-0.0105,0.0405,0.0135,0.724,-0.2057
202370,-6.05,0.3653,4.412,4.0556,5.3658,0.2123,0.5048
202375,-1.39,-0.0086,-0.0458,-0.0555,0.0081,-0.3471,0.943
202380,-5.31,-3.4068,-0.4077,-0.7086,-3.3059,0.4658,-0.1506
202390,0.8,-0.2153,-0.1472,-1.4015,-0.206,-0.0889,-0.9155
202400,-1.09,-0.1095,-0.0116,0.0205,0.0,0.3557,-0.1395
202410,-2.92,-1.5667,-3.3588,-5.7082,-2.4901,0.6461,-0.5036
202420,-0.43,-31.8431,-3.2896,-18.82,-2.591,0.5575,0.049
202430,-2.17,-0.0034,-0.0834,0.043,-1.2045,-0.0138,-0.0491
202440,-2.71,-0.6272,-12.4037,-0.7529,-22.6319,0.5145,-0.0126
202445,1.7,0.3436,0.0585,-0.0293,-0.0,0.3404,-0.1657
202450,0.33,-0.5379,-0.1104,0.0578,-0.2438,-0.4932,-0.7391
202460,-3.89,2.7861,2.5128,1.0775,2.2458,0.3047,0.0307
202470,-2.7,3.8317,-0.3059,0.1652,-0.0777,1.2239,-0.4635
202480,-2.37,-86.8136,-21.3308,-61.761,-82.4346,1.068,-0.8395
202490,-2.76,-0.6909,0.16,1.9546,1.0867,0.3814,0.1495
202500,-4.49,0.0151,0.0357,-0.1439,0.0169,0.3607,-0.0407
202510,0.91,0.5157,0.0385,5.7518,0.7504,0.3616,-0.9463
202520,-2.55,0.003,-1.4658,0.031,-0.3334,-0.147,0.4781
202530,-5.13,0.1193,8.9024,-0.0001,0.0099,0.3822,-0.1175
202540,-2.43,3.8436,14.2798,0.5058,1.5459,0.4567,-0.554
202550,-0.39,63.7522,42.0683,35.9749,33.4542,-0.2199,0.4997
202568,-4.01,-24.9837,-5.8448,-1.2935,-4.3198,0.599,-0.0407
202572,-3.09,18.8317,-0.0029,4.7716,0.0904,0.6314,-0.4474
202580,-1.76,-0.0764,-0.5012,-0.1311,-0.2614,0.2933,-1.2684
202590,-1.39,-0.0217,-0.0156,-0.0496,-0.0299,0.4836,-0.0864
202600,1.56,-0.0039,-0.3245,-0.233,-0.0202,-0.5866,-0.1103
202610,0.96,-0.5322,0.016,-0.0415,-0.1274,-0.0487,-0.8557
202620,0.94,-0.8047,0.003,-0.0116,-0.0035,0.0413,-0.8302
202630,-3.33,0.0024,-1.3419,-0.0662,1.6762,0.4493,-0.0407
202640,-1.7,-0.2874,0.0046,0.0066,0.0,0.5231,-0.2218
202650,-1.05,-125.0329,-37.2813,-42.9186,-29.2643,0.6871,-0.9053
202680,-4.3,0.0666,-13.6484,-4.4592,-12.9656,0.599,-0.0407
202690,-2.89,1.2361,-5.5535,-1.1238,-10.6236,0.5114,-0.6579
202700,-0.02,0.016,-5.5122,-3.3772,-3.7715,0.0333,0.3737
202720,-4.27,5.0455,2.5698,0.4208,-0.005,0.4397,0.0063
202730,-3.49,-0.3159,-3.5076,-1.016,-2.2893,0.5234,-0.1249
202735,-0.65,-0.4593,-17.9966,-5.8905,-3.1165,0.9347,-0.3112
202740,-1.66,18.4045,5.0648,5.9878,3.9171,-0.4864,1.5743
202750,-4.31,-1.1514,-29.2463,-25.3038,-6.4734,0.332,-0.0333
202760,-0.19,-0.2171,-3.6451,-0.8169,-0.9811,-0.1125,-0.7161
202770,-3.03,-0.6246,-0.4313,-0.009,-3.0322,0.905,-0.8989
202780,-1.58,-40.9297,-5.215,-1.5609,-23.5457,0.0109,-0.3011
202790,-0.81,29.2447,21.7922,42.7892,31.1747,-0.7584,1.3218
202800,-5.11,-4.6524,-17.9125,-8.9273,-13.387,0.3555,-0.1278
202810,-3.42,-0.5138,-2.1618,-0.5665,-0.3311,0.3497,-0.3825
202820,-4.77,0.005,4.1975,1.1146,1.6799,0.3564,-0.0407
202830,1.79,-0.0297,-0.6715,-0.0022,-0.3166,-0.4178,0.1251
202840,-3.54,4.9873,-0.0254,-0.3825,0.0225,0.2023,-0.2707
202850,-3.17,-1.9309,-8.4864,-1.1407,-2.012,0.509,-0.0305
202870,-3.88,0.0225,-0.1455,0.0019,0.2188,0.4382,-0.0407
202880,-3.99,-3.3733,-17.8171,-1.5096,-6.9596,0.7222,-0.1841
202890,-0.96,-22.1756,-13.053,-14.7424,-10.5448,0.3645,-0.303
202900,0.89,214.3365,79.8707,315.7874,188.6116,-0.7832,0.1103
202910,0.77,-0.0979,-0.1287,0.0224,-0.0217,-0.0739,-0.5339
202920,-3.74,-40.2445,-1.4219,-2.3542,-0.4706,0.4817,-0.0407
202930,1.61,-0.1662,-0.3747,-0.262,-0.5807,0.1618,-0.0892
202940,0.55,5.9778,1.8004,7.1164,1.1941,-0.8546,-0.2579
202950,-2.73,-13.4496,-0.038,-0.2775,-0.1604,1.157,-0.7689
202960,-2.75,-0.0793,-0.2394,0.6124,-0.2634,0.4454,0.3794
202970,-0.11,-0.0289,-0.0472,-0.0483,0.001,0.3212,-1.0995
202975,0.48,0.7913,1.4274,7.3639,5.7341,0.0468,-0.7204
202980,-4.22,-1.3425,-0.0998,-0.2427,-0.0508,0.5222,-0.4801
202990,-0.06,0.0003,-3.0378,-0.2849,-8.6474,0.4867,-0.1959
203000,0.73,-0.0019,-1.8914,-0.0037,-0.3022,0.8592,-1.1012
203010,-1.3,-1.6311,-0.963,-0.0946,-0.3086,0.6511,0.2663
203020,-4.23,0.7164,-73.0557,-7.5838,-22.3415,0.4098,-0.0407
203030,-0.67,21.3587,-0.0757,-5.8846,-1.2603,0.4886,-0.0256
203040,1.55,0.0076,-3.0052,-0.7011,-0.7612,-0.1144,-0.1033
203050,1.27,1.3346,0.0758,0.4404,0.0354,0.0324,0.3365
203060,-2.78,-23.4394,-30.8302,-20.5118,-52.9913,0.2025,-0.0407
203070,1.87,0.5891,-0.0656,-0.0378,-0.0953,-0.2134,-0.0559
203080,-3.43,-14.7992,-34.9829,-30.1414,-26.3119,0.398,-0.0859
203090,1.31,-0.0,-3.2186,-1.6702,-2.9091,-0.1392,0.0491
203100,0.76,-1.431,-1.762,-6.3889,-2.8842,0.6022,-0.7057
203110,1.72,0.4893,-0.0167,-0.0021,-0.3458,0.2462,-0.068
203120,-4.2,0.2122,-27.2074,-10.6095,-40.2553,0.8669,-0.6447
203135,-0.54,0.2061,-1.3374,-0.2005,-2.0928,-0.0754,-0.138
203150,-1.08,-0.0004,1.6437,7.5636,4.8922,0.2749,-0.5941
203160,-0.7,-20.6918,-4.9533,-0.7567,-1.364,0.766,-1.8174
203170,-4.69,-1.6575,-0.3907,-1.6378,-0.4785,0.1498,-0.0407
203175,-0.54,0.0083,-2.2394,-5.829,-2.9368,0.0794,0.121
203180,-0.88,0.0207,-0.1061,1.9264,0.121,0.6453,-0.5712
203200,-1.13,1.6419,0.576,0.426,0.1731,0.6246,-0.4806
203220,-4.45,-8.6407,-8.1834,-8.5404,-33.7353,0.4341,-0.0407
203230,1.12,0.09,0.2364,0.3786,0.0407,-0.6102,-0.1392
203240,-0.49,0.0014,-0.0254,0.0008,-1.6462,0.3478,-0.5039
203250,1.12,-0.0049,0.0625,1.9958,1.1752,-0.2022,-0.249
203260,-2.45,0.8287,-0.027,-0.45,-1.1018,1.0036,-0.0713
203270,-3.77,17.6055,-2.33,-0.4637,-2.4417,0.618,-0.4597
203280,-4.17,0.0061,0.3096,0.9393,0.0927,0.0903,0.322
203290,2.26,-1.4024,-0.0001,-0.0381,-0.0232,-0.274,-0.1032
203300,-1.59,-0.2334,-1.843,-4.8542,-3.7961,0.3467,-0.1931
203310,1.9,-28.1123,-1.4653,-0.6378,-1.5749,0.1122,-0.2664
203320,-2.09,-3.4125,-5.9927,-9.3345,-4.1081,0.5216,-0.313
203330,0.92,0.1299,0.5849,2.798,0.3973,0.3008,0.0654
203340,-0.46,-0.1227,-0.0701,-0.0251,-0.1037,0.6497,-0.7196
203350,-0.62,7.7448,1.9475,4.6856,2.454,0.1473,0.0429
203358,-3.84,-19.6675,-4.7147,-1.6548,-3.1635,-0.2243,-0.3472
203362,-4.32,-1.2707,0.0705,-0.0076,0.0144,0.3724,0.1393
203370,-4.25,0.0059,-1.9131,1.5987,-1.7436,0.4954,-0.0407
203375,0.67,0.305,-0.004,0.2228,-0.2773,0.5991,0.0521
203380,-1.45,0.0447,-65.3679,-0.5301,-28.9348,0.2999,1.0439
203390,-0.37,-114.9195,-110.1757,-92.1861,-92.8821,-0.0112,-0.8411
203400,0.25,1.8316,0.3322,1.2066,-0.0012,0.6122,-0.8629
203420,-2.31,7.645,1.8301,0.1766,-0.1949,0.2531,-0.5616
203430,-0.98,-0.355,-0.9548,-0.5211,-1.0222,0.4588,-0.5968
203440,-1.9,-7.8189,-44.2371,-19.548,-40.3068,-0.4256,-0.3809
203450,-3.0,4.7009,4.4006,18.7504,9.2138,0.2512,0.1899
203460,-3.46,0.5502,-0.1504,0.3538,-0.0251,0.1634,-0.1569
203470,-2.34,0.0187,-0.3789,-0.0287,-0.5329,0.7545,-0.6474
203480,-3.13,59.3893,0.7599,27.1692,0.0001,0.3425,0.2022
203490,-5.13,-1.5773,-2.2367,-4.6157,-4.2312,-0.3444,-0.0305
203500,0.75,-0.0634,-0.0001,-0.4041,-0.9038,-0.6062,-0.6357
203505,-0.02,0.0353,-0.0092,-0.2778,-0.1362,-0.038,-0.2626
203510,-0.46,-0.4513,-0.8394,0.1065,-1.2639,0.07,-0.1231
203520,-1.25,-0.1898,-0.0128,-0.3569,-0.0408,0.302,-0.9453
203540,0.86,-76.6793,-54.3448,-17.266,-25.4716,-1.1197,-0.1211
203560,1.76,-0.8052,-0.8491,-0.468,-0.477,-0.9434,0.1131
203570,2.74,-0.6837,-2.0099,-4.8327,-4.5391,-0.0662,-0.1832
203580,1.9,1.4601,0.1723,-0.0382,0.0009,-0.2863,0.0701
203590,1.35,0.0,-0.0052,0.0048,-0.1265,0.0797,-0.2578
203600,2.29,-10.608,-18.9448,-7.8776,-18.0832,-1.5579,0.3672
203610,-0.58,0.0157,-28.1022,-9.4988,-27.2875,1.3527,-2.0493
203620,-4.66,-0.0792,-5.342,-5.2066,-4.0247,0.4903,-0.1116
203630,-4.1,-2.2577,0.4636,0.0562,1.3197,0.5575,-0.0407
203665,1.08,-1.4004,-0.6148,-1.8521,-2.747,-0.2151,-0.3674
203682,2.65,0.013,0.0432,-0.0005,-0.085,0.1794,-0.3273
203685,1.23,-0.2627,-0.2548,-0.105,-0.1711,0.036,-0.3802
203688,,-0.0009,-0.0423,-0.1207,-0.2316,,
203690,0.89,1.6298,0.002,3.4104,-0.001,0.4472,-0.1939
203700,1.47,-7.26,-3.1237,-2.0863,-0.4757,0.5104,-0.3028
203705,2.54,-3.7456,-1.0115,-0.4577,-0.3874,-0.0328,-0.2283
203710,-0.56,-12.2258,-43.4113,-22.6898,-39.6307,0.1677,-0.1594
203720,1.53,-0.0233,0.2689,-0.0138,-0.0324,0.206,-0.6598
203730,-2.35,0.0387,-0.0405,0.4625,1.5957,0.6209,-0.2323
203735,2.17,0.0113,0.3133,0.5657,0.7699,-0.1768,-0.2414
203740,2.05,-0.0796,-0.26,-0.2395,-0.2075,-0.0471,0.0213
203750,-4.39,-3.0085,-8.8379,-8.9072,-1.9151,0.2117,-0.0305
203760,-3.61,-0.0017,-2.2663,-3.3467,-16.9293,0.1985,0.3803
203770,1.61,0.002,-0.0163,-0.8993,-0.3316,-0.0171,-0.0963
203780,-3.38,6.6549,0.0013,0.5362,2.1066,0.225,-0.0407
203790,1.07,-0.0968,-0.2419,-3.8027,-3.6926,-0.6304,-0.1088
203800,1.08,-0.0007,-0.1517,-0.6795,-0.1409,0.7445,-0.9174
203810,0.49,0.0263,0.001,0.0312,-0.0194,-0.2968,-0.1885
203820,1.39,3.7379,0.1918,2.1015,1.0955,0.0075,-0.6741
203830,-0.44,-0.0162,-0.0355,-0.0609,-0.0018,0.0364,0.1868
203840,-3.45,-0.1957,-48.1316,-12.1799,-38.0895,0.4934,0.0492
203860,-3.41,0.0355,0.0832,0.4958,0.5217,0.541,0.0545
203870,-3.13,-0.0121,1.5512,0.7813,1.0072,0.4044,-0.1637
203875,2.58,0.378,0.1322,0.0559,0.0027,0.4388,-0.0831
203880,0.14,2.5686,1.7473,2.6555,0.0174,-0.2103,0.1942
203890,1.87,1.348,4.9467,5.928,2.7642,0.0129,-1.8333
203900,-1.11,-0.0328,-3.7905,-3.3538,-1.4372,0.78,-0.2612
203910,0.53,-24.5596,-28.5045,-45.71,-57.6698,0.7317,-1.3727
203930,-0.1,0.1937,0.46,0.0373,-0.0007,-0.6775,0.1979
203940,-4.2,-6.4447,-2.5493,-4.6722,-0.1218,0.5238,-0.0422
203950,-5.25,-19.319,-3.1345,-9.859,-7.4876,0.2772,-0.2203
203960,-4.35,-4.4443,-7.7794,-5.337,-7.2796,0.8014,-0.2532
203970,-4.25,-1.876,-0.8326,-0.3916,-1.6528,0.501,-0.0307
203980,-4.55,-2.5111,-3.0811,-0.8158,-1.9434,0.7083,-0.3531
203985,1.06,-0.7185,-0.6045,0.0512,-0.0227,0.0586,-0.0278
203990,1.63,-1.4353,-0.0335,-0.2336,-0.8,-0.0087,-0.4408
204000,0.86,0.0371,-0.1235,-0.0276,-0.8768,0.1063,-1.6415
204010,1.86,-1.2733,-1.2763,-0.1602,-1.2103,0.0025,-0.274
204020,-4.99,-0.0002,0.735,0.1685,0.3547,0.599,-0.0407
204040,0.38,-1.3007,-0.9681,-5.4017,-8.8401,0.8933,-0.9775
204045,1.37,0.972,-0.8776,0.0085,0.0088,-0.3231,-0.1079
204050,1.21,-0.1206,-3.0853,-0.9807,-0.8549,0.2563,0.6281
204055,1.69,0.0085,-1.7003,-0.0294,-0.9244,-0.4146,0.2596
204060,-0.97,-1.6831,-28.3776,-6.4594,-21.0693,-0.0837,-0.2774
204070,-4.28,-0.0233,-22.507,-1.7009,-2.9803,0.4846,-0.0407
204080,-1.99,-0.1178,0.6387,0.3295,0.1829,0.4133,0.0492
204090,1.35,-3.8475,-3.1305,-0.1976,-4.7837,0.02,0.7886
204100,-1.02,-82.2549,-8.3587,-2.6374,-0.2848,0.4513,-0.0792
204110,-1.03,-0.0506,-3.3402,-0.8497,-2.6783,-0.9544,-0.3196
204120,-3.91,-5.3006,-53.3772,-123.8622,-66.4727,0.4584,-0.0305
204130,1.13,-167.1052,-233.3208,-140.7393,-155.0649,1.7345,-0.374
204140,-4.89,-2.799,-93.4142,-30.5621,-27.5601,0.3461,-0.0694
204150,-0.87,-9.1792,-4.6707,-0.3281,-0.7509,-0.2062,-0.3007
204160,-4.57,-1.2736,-0.2747,-0.1263,-0.2518,0.2623,0.1695
204270,-0.59,-8.3728,0.3792,0.0995,-0.0002,-0.0029,0.1532
204280,-2.78,91.4352,54.4111,114.2473,27.4324,1.5186,-0.4221
204290,-1.79,-0.0682,-0.0212,0.0856,0.042,-0.1251,1.0312
204300,-0.25,1.3283,-0.8511,-2.9267,-3.1392,-0.2404,-0.1303
204310,-3.52,-12.7501,-0.2542,-9.7783,-5.3121,0.4687,-0.0407
204315,-0.07,-0.0318,-0.0272,0.4846,0.9988,-0.2216,-0.8242
204320,0.84,-0.2851,-0.531,-0.8357,-0.8894,-0.3118,-0.0581
204325,1.66,-0.0035,0.1123,-0.0142,-0.0448,-0.203,-0.1736
204330,1.6,0.136,-0.1417,-0.8105,-0.0435,-0.2429,-0.0718
204340,1.54,-0.0003,1.0655,0.0789,0.9466,-0.4202,-0.2812
204350,-1.17,0.0151,-10.2347,-4.4918,-5.5855,0.2091,-0.0224
204360,1.01,-0.0086,0.1277,0.5009,0.2679,0.2761,-0.1177
204370,0.33,2.3801,-1.7306,5.1378,-1.5702,1.6962,-0.6893
204380,-5.24,-3.0519,0.8179,0.0211,0.3043,0.599,-0.0407
204390,-0.43,-1.1391,-0.1223,0.0165,-0.0359,0.2411,-0.7102
204395,0.35,-2.6061,-0.3905,-0.0016,-0.04,-0.437,-0.6881
204400,-3.84,-3.3546,-2.2471,-0.4435,-0.4448,0.4343,-0.4063
204410,-0.49,25.3812,9.737,7.4621,0.4194,0.3794,-1.3013
204420,1.19,-7.2064,-2.9146,-2.7443,-1.6077,0.231,-1.1072
204440,-0.94,-0.0053,-0.6383,-0.8545,-0.6481,0.7145,-0.6809
204460,0.91,-0.0035,0.0143,-0.1768,-0.1873,-0.7377,0.1607
204468,1.46,-0.3221,-0.7301,-0.2875,-0.5594,0.1539,-0.6383
204472,1.54,-0.0048,-0.6811,-0.3808,-0.295,0.3101,-0.8993
204480,-3.49,0.0765,0.0444,-0.2441,-0.4037,0.7169,-0.4505
204490,-0.13,-0.002,-0.002,-0.0041,-0.431,-0.0678,-0.7274
204500,0.76,0.1778,-0.2964,-0.4287,-1.7271,0.2805,0.0896
204505,1.85,0.5392,0.0937,0.016,-0.004,1.0436,-0.6469
204510,0.41,0.0829,-0.438,-0.0057,-0.0645,-0.1579,-0.8134
204520,2.63,-0.2093,-0.6896,-0.5797,-0.4596,-0.2298,-0.3273
204530,1.77,-335.6598,-254.2779,-266.024,-254.8682,2.829,-1.4576
204540,-0.22,-83.0544,-21.8896,-34.1368,-19.1231,0.5364,-0.3563
204550,-5.23,0.0038,1.563,0.1669,-0.0,0.0188,-0.0407
204560,-1.29,0.2997,-1.5243,-0.0828,-0.0678,0.1725,-1.0094
204870,1.06,-0.1472,-15.518,-1.7347,-13.7972,-0.4427,-0.5847
204880,0.23,-46.1768,-18.8198,-3.1701,-12.9005,-0.1495,-0.4785
205000,-1.32,-5.7661,-6.0013,-8.2775,-12.1482,-0.3033,-0.3373
205010,-4.97,-25.6163,-49.4743,-15.1511,-24.917,0.4111,0.1756
205020,0.75,-0.0436,-0.1495,-0.1829,-0.0681,-0.1444,0.0339
205030,-3.94,-0.2007,-42.3306,-8.6375,-41.2049,0.4574,-0.0407
205040,-2.04,-40.9882,-8.9587,-56.4989,-25.5084,0.5208,-0.475
205050,-0.82,-0.2254,-0.001,0.0223,-0.171,-0.0055,0.0577
205060,0.96,2.631,-0.2138,0.7909,-0.3145,-1.0666,-0.1596
205070,1.25,0.2381,0.0176,0.108,0.1317,0.2594,-1.399
205080,0.83,0.068,-0.5202,-0.0059,-0.1784,-0.6395,-0.1165
205090,0.58,-1.2951,-1.1908,-1.0506,-1.1107,0.6474,-0.6435
205100,0.63,-4.9584,0.0822,-0.0661,-0.9395,0.6014,-1.4109
205110,-0.42,-0.0212,0.1389,0.0326,0.0067,0.4618,-0.5588
205120,-2.53,-0.8885,-0.0309,-0.1357,-0.2727,0.6661,-0.7234
205130,-0.51,-32.5325,-119.1728,-44.2433,-23.3466,0.5459,-1.3047
205140,0.14,0.0299,-0.1414,-0.2448,-0.3255,-0.0257,-1.0602
205150,-0.49,-0.4834,-4.7519,0.3089,-1.552,0.7614,-0.2333
205160,-4.86,0.0158,-6.4836,-0.6712,-12.8784,0.3963,-0.0407
205170,-2.47,-0.7298,0.2079,0.1752,0.7298,1.3388,-0.8042
205180,-5.79,-10.5457,-5.6595,-4.149,-0.289,0.5495,-0.2114
205190,-4.11,1.2794,-17.713,-4.3903,-6.974,0.6146,0.0038
205200,-0.43,0.3621,-0.0001,0.1737,0.3432,0.1379,-0.4336
205210,1.07,-0.6067,-1.3328,-1.3717,-0.4342,0.1478,-0.0501
205220,-5.34,-2.6706,-18.6684,-45.708,-10.3756,0.3312,-0.0407
205230,-0.08,-0.6,-3.4429,-1.0845,-2.1498,0.11,-0.9997
205240,-1.26,5.6023,-0.0205,28.5891,19.8484,0.599,-0.0407
205250,0.89,0.1972,-0.1682,-0.0188,-0.1577,0.7316,-1.1683
205265,1.74,0.0061,-0.0003,1.2288,0.59,-0.0892,-0.0617
205280,2.59,-0.2102,-4.0532,-2.506,-0.4588,-0.2263,-0.3347
205290,0.69,-0.5243,-5.1639,-1.7321,-1.9773,-0.9152,-0.1134
205300,-0.63,115.7673,25.2379,77.7535,15.6453,1.5064,-0.941
205320,0.85,-0.134,-1.6196,-0.4512,-0.7128,0.2009,-0.7332
205330,2.96,0.0058,-0.958,-0.8565,-0.1244,-0.28,-0.0737
205340,-4.83,-0.3922,-1.2416,-0.0795,-1.3024,0.2668,-0.0407
205350,0.24,-13.8327,-166.4347,-265.0496,-153.4809,0.726,-2.9956
205360,-1.59,-0.0315,-0.3763,-0.0156,-0.683,-0.3081,0.1043
205370,-1.08,-2.1634,-0.5524,-1.5744,-1.1608,0.2971,-0.4815
205380,-1.67,4.8553,-0.0213,0.1451,-2.705,0.4421,-0.3232
205390,0.97,-0.0658,0.4435,0.3579,0.7908,-0.2475,-0.662
205398,1.08,-0.0403,-0.9236,-0.0546,-0.7277,0.1284,-1.6131
205402,0.61,0.0,-0.0135,-0.0063,-0.0747,1.2483,-1.2082
205410,0.75,-0.0449,0.5133,0.1774,-0.2082,-0.0978,-0.3598
205420,0.36,-10.5204,-2.7744,-14.7569,-3.5107,-0.2301,-0.4325
205425,0.32,-2.8811,-4.058,-3.273,-4.3144,-0.0249,-0.2833
205430,0.91,3.3336,-0.3535,-0.7716,-0.2153,0.6234,-0.4317
205440,-4.52,9.3932,0.07,9.4178,1.4956,0.4361,-0.0407
205450,0.55,-0.2547,-0.1859,0.0047,-0.1373,-0.3473,-0.9035
205460,1.61,3.074,-0.0367,0.0546,-0.4271,0.441,-0.1662
205470,-4.31,16.3381,7.0275,6.3224,2.7586,0.5083,-0.0407
205480,1.66,0.0144,0.4778,0.0289,-0.1035,-0.384,0.1724
205490,0.65,-0.2022,-1.0008,-2.1452,-6.1681,0.0954,-0.7713
205500,-4.61,-11.1267,-13.8843,-1.5002,-32.5414,0.8446,-0.3389
205510,-4.28,0.3538,-8.418,0.0435,0.5716,0.5664,-0.1416
205520,0.59,-6.8654,-2.57,-4.4851,-4.3791,0.6188,-0.5475
205540,-5.86,0.4281,-2.0476,1.4934,-0.1797,0.5702,0.2143
205550,0.21,-0.0073,-0.2469,-1.3824,-0.9706,0.5243,-0.9985
205558,-3.68,-0.4081,0.09,0.3923,-0.0944,0.0144,-0.256
205562,-3.33,24.315,6.1306,50.8769,26.2336,0.8456,-0.5416
205570,-3.41,-1.9929,-8.1749,-2.5863,-0.4103,0.5788,-0.0108
205580,-4.01,-2.4337,0.16,-0.857,-0.0177,0.4449,-0.7706
205590,-0.46,0.053,-0.0669,0.0066,-0.0007,0.9133,-0.8351
205600,-0.36,20.7876,3.9003,5.7122,9.97,-0.1678,-0.4538
205615,-5.62,-52.4883,-65.6939,-9.5995,-5.2377,0.2541,-0.0508
205625,-2.05,-0.031,-0.0184,0.0023,-0.1484,0.8126,-0.9467
205630,0.26,0.4164,0.3929,0.1296,0.5522,-0.3778,-1.2219
205640,-2.98,0.0004,-11.5816,-9.2713,-6.7353,1.0564,0.0184
205650,-2.5,0.1504,0.7393,1.1741,-1.838,1.2701,-0.6002
205658,1.6,0.0095,0.0161,0.0508,-0.0168,-0.3769,0.5918
205662,1.56,-0.2351,-0.1058,-0.5909,-1.8571,0.4681,-1.1817
205670,-2.71,-10.6267,-20.7343,-9.4012,-0.9065,0.6065,-0.0333
205680,1.77,0.0127,-0.0691,0.193,-0.0529,0.8033,-0.6167
205690,0.17,-5.1454,-5.827,0.0912,-5.3269,-0.4676,-1.9294
205700,0.08,-0.0589,0.6676,3.1307,0.1961,0.6238,-0.9531
205710,-5.22,0.8012,-26.4561,-17.6588,-3.6274,0.5121,-0.0407
205720,0.09,0.4381,0.1559,0.0749,-0.0068,0.2938,-0.4673
205730,1.45,11.3935,0.0186,0.0089,0.1564,0.0696,-1.0658
205740,-5.03,-1.2914,-37.5564,-14.4843,-31.6635,0.1816,-0.0407
205750,-0.87,-2.6328,-0.7346,-5.2598,-8.2582,0.566,-0.2537
205760,0.38,-0.2338,-0.2041,-0.3424,-0.2145,0.3823,-0.8806
206290,0.38,-0.0315,-0.0176,0.0282,-0.0322,0.5593,-0.4913
206300,0.22,-1.1469,-0.011,-0.372,-1.1048,0.4581,0.2385
206310,-1.87,-0.3089,-1.6521,-1.3705,-3.9525,0.2203,-0.0579
206320,-0.84,-0.8284,-1.7598,-8.5954,-9.0675,0.5562,-0.8046
206330,-0.95,2.9121,0.6404,4.098,1.7056,0.881,-0.2185
206340,1.95,-0.1155,-0.4219,-0.0637,-0.0539,-0.5383,-0.6294
206350,1.54,-1.5795,-3.4646,-2.5527,-0.5156,-0.562,-0.7142
206360,-0.28,17.4261,-0.772,-0.5946,-1.2251,1.2869,0.2888
206380,-1.33,0.0011,-0.1684,-0.1454,-0.3054,0.2789,-1.0899
206390,0.54,0.7184,-0.3734,-0.5225,-1.0746,0.3063,-1.1834
206400,-0.36,-0.0005,-0.0657,-0.5874,-0.8629,0.3005,-1.231
206415,-2.78,-5.9278,-2.6716,-0.3467,-5.6651,0.3843,-0.5158
206430,-3.24,-13.6396,-4.2898,-0.0374,-11.865,0.0529,0.0763
206440,1.68,0.5521,0.8032,4.086,0.6341,0.3096,-0.0045
206450,-0.71,0.2104,-0.0258,-0.0733,-0.4659,-0.1024,-0.923
206460,1.89,-0.5965,-0.1275,-0.5988,-0.4987,-0.0625,0.2639
206470,-3.23,-0.4801,4.4783,0.038,0.1068,0.5739,-0.0189
206480,-1.8,-6.6044,-8.7379,-1.0659,-14.6531,0.6926,-0.1203
206490,-2.74,21.1723,0.2164,0.2576,-0.0006,1.3793,-0.1755
206500,-4.14,0.7963,-14.3461,0.2824,-1.7261,0.4242,-0.0053
206510,0.51,6.1518,10.4931,3.6876,0.2552,1.6466,-1.6508
206520,2.07,-0.7168,-0.8554,-0.5047,-0.377,0.255,0.0312
206540,1.13,0.0119,0.0034,0.0057,-0.0199,0.3409,-0.5521
206550,-0.43,-0.8478,-0.321,-0.6847,-0.6937,0.4832,-0.0709
206560,-0.66,-2.3727,-3.5549,-0.3186,-0.1701,0.3711,0.2823
206570,-0.67,-0.0407,-0.1448,-0.2857,-0.6043,0.0817,0.3508
206580,-1.12,-6.7549,-11.824,-30.1377,-24.3961,0.2016,-0.4445
206590,-2.05,12.8669,10.8576,17.3679,3.7485,0.26,-0.3825
206600,-4.19,-0.3005,-0.2524,-0.2877,-0.0148,0.6482,-0.0898
206610,-2.97,7.017,-8.1337,-0.0003,-18.7835,0.8985,-0.5051
206620,1.18,-0.1502,-0.2777,-0.4602,-0.5805,0.8422,-0.2858
206630,0.64,-0.6235,-0.1968,-0.1407,-0.2929,0.1343,-0.4674
206640,-1.45,-0.1119,-1.7906,-1.3094,-2.6461,-0.0881,-0.2513
206650,0.56,0.05,0.2882,0.2286,0.0652,-0.0435,-0.4244
206660,1.14,-0.0061,-1.9795,-1.3056,-1.0266,-0.3143,-0.4405
206670,-4.02,-0.0002,1.5447,-0.2257,0.0,0.3889,-0.0407
206680,-2.97,-4.5741,-2.3722,-0.2882,-1.8206,0.1805,0.2538
206690,0.44,0.0001,0.0651,-0.1702,-0.575,0.6056,-0.4594
206695,-0.01,-0.5248,-0.0031,-0.0112,-0.3708,0.571,-0.9728
206700,-4.23,-1.1355,-6.4896,-2.6091,-1.4222,0.599,-0.1593
206710,-0.03,1.9177,-35.8877,-10.4723,-6.6191,0.2092,-0.174
206910,0.53,-0.0055,-1.2407,-0.5465,-0.2791,0.0701,-0.8737
207005,,-0.1304,0.0802,-0.2902,-0.0763,,
207010,,-0.3387,-0.8531,-0.0555,-0.1806,,
207015,,-0.0461,-0.0252,0.0132,0.0065,,
207020,-3.03,-17.892,-6.2889,-25.3558,-7.7077,0.5795,-0.1756
207030,-0.31,-3.5131,-0.95,-0.9631,-1.017,0.8369,-0.0075
207040,-4.09,-13.2904,-52.708,-13.0506,-40.3454,0.7741,-0.3462
207050,-1.35,-0.0287,-0.3806,-0.0129,-0.2612,-0.4981,0.5462
207060,-4.35,-0.4121,-1.8657,-5.3872,-4.5396,0.584,-0.0459
207070,-2.63,-2.302,-4.3359,-0.6733,-10.3375,0.6243,-0.4212
207080,-0.98,-114.9966,-85.442,-87.1009,-30.5785,0.5365,-1.3031
207100,-3.26,-1.5667,-0.1144,-0.3544,-0.137,0.3601,-0.7257
207110,-3.68,-0.1104,-31.0417,-3.1482,-30.2976,0.599,-0.0407
207120,-3.86,-13.7366,-9.6298,-7.09,-19.7333,0.5127,-0.164
207130,0.44,0.0803,0.3972,0.8916,2.8827,0.3063,-0.2327
207140,0.28,-0.0251,0.02,-0.091,-0.0017,0.0075,-0.3292
207150,0.31,0.0289,0.1104,0.3154,0.8027,0.0971,-0.3271
207160,0.21,0.0004,0.3248,1.8504,0.3826,-0.4524,-0.9988
207170,-3.44,1.0864,-1.1257,-0.0254,-0.1703,0.1712,-0.0017
207180,-3.59,-4.4517,-0.6259,0.4974,0.4041,0.5394,-0.0407
207200,-4.79,-2.1043,-1.5631,-0.0105,-1.462,0.6559,-0.0975
207210,0.05,-1.9658,-1.4263,-2.5352,-0.9594,0.5424,-0.4563
207230,0.75,-0.4415,-2.2622,-3.0891,-2.9597,-0.1635,-0.7228
207240,-1.98,-0.0015,-3.114,-2.0565,-0.4129,0.7639,-0.1719
207250,-0.37,-0.7523,-1.7769,-4.7737,-1.7366,0.7272,0.4752
207350,1.83,-0.2265,-1.3327,-2.6994,-2.908,-0.5704,-0.0705
207360,1.83,0.0073,0.0568,0.0596,0.0,0.2116,-1.0289
207370,-3.89,-14.0395,-32.0048,-8.3414,-27.9182,0.5811,-0.1565
207390,-4.14,0.0003,-1.342,-0.0185,-2.8883,0.4528,-0.2278
207400,-3.75,-1.8019,-27.2175,-10.4031,-5.6058,0.5372,0.0322
207407,0.94,0.0061,-1.1494,-0.3411,-0.3953,0.126,-1.8311
207410,0.24,2.803,6.4412,11.8391,12.2254,0.3594,-0.9849
207420,-2.03,-0.8904,-0.3142,7.5041,-0.4506,0.33,-0.1899
207430,0.45,0.3527,0.0001,-0.0181,-0.0039,0.0945,-0.701
207440,-3.44,-0.0264,-0.7972,-0.844,-0.2223,0.5868,-0.1841
207450,0.07,0.1611,0.0284,-0.0028,0.0901,-0.4845,0.019
207460,-0.4,-15.2892,-24.8742,-26.5175,-10.1095,1.0016,-1.0892
207470,0.03,1.7441,0.5784,4.7108,1.9515,-0.4385,0.4795
207480,-0.28,-0.0101,-0.5188,-1.4058,-2.3307,0.1673,-0.0674
207590,0.37,-4.8769,-0.2373,-1.2732,-1.237,0.4138,-0.9905
207600,1.21,0.486,0.3985,0.2521,0.8938,-0.1,-0.81
207610,1.01,1.1416,-0.0706,-0.675,-0.2072,-0.2386,-0.9799
207620,-1.15,187.3453,53.2492,118.5948,30.1418,0.9628,-0.1993
207630,-3.49,0.362,4.3447,4.047,5.3139,0.5008,-0.0305
207640,-4.61,-0.02,-11.6833,-28.3515,-8.883,0.3625,-0.0508
207650,-2.75,-0.7294,-10.651,-0.8862,-4.2785,0.1382,-0.0009
207665,0.65,-0.0039,-0.1074,-0.4688,-0.071,0.031,-0.278
207680,-4.1,0.1027,0.1481,0.5485,0.9558,0.5889,-0.0407
207690,0.25,0.9163,-0.0,-0.0204,-0.1167,0.3885,-0.6949
207700,-0.76,0.1332,2.233,1.5628,1.5359,-0.1013,-0.1428
207710,-3.57,-0.3984,0.0652,-0.0549,-0.0006,0.4587,-0.6641
207720,-4.83,-10.0514,-3.3795,-6.0173,-3.1793,0.3447,-0.3382
207730,1.46,-0.1215,-2.1657,-2.1814,-1.0585,-0.3311,-0.0023
207740,0.54,0.0831,-0.0972,0.1201,0.0104,0.3667,-0.6226
207750,-0.47,-0.0306,-0.0258,0.0009,0.0063,-0.1447,-0.7037
207760,-3.41,0.0596,-0.3523,0.7231,-0.0003,0.1932,0.293
207770,-5.75,-1.1094,-6.2439,-10.7281,-19.5818,0.6262,-0.1124
207780,-1.24,6.9038,5.3624,5.6577,6.0334,-0.0411,-1.0045
207790,0.99,0.019,0.8205,0.0112,0.0659,-0.6152,-1.1084
207800,-3.97,-1.5311,2.5497,0.962,1.2066,0.3948,-0.0407
207820,-3.61,-7.0416,-18.6558,-6.9133,-12.6017,0.6381,-0.2942
207830,1.53,-0.7131,-3.2957,-3.4364,-5.6102,-0.3937,-0.2493
207840,-3.75,-9.4486,-0.3298,-0.6045,-0.0304,0.4257,-0.3509
207865,0.33,0.2056,0.0007,-1.0599,-0.4923,0.0218,-0.0664
207875,-0.18,-0.0002,-1.0711,-0.4371,-0.431,-0.7734,0.3643
207880,0.01,0.0975,-0.002,-0.0067,-0.055,0.2894,-0.3656
207900,-4.73,40.3177,1.2571,5.1407,2.1096,0.3397,-0.254
207910,-2.77,4.0827,12.6436,7.0388,13.3899,0.599,-0.0305
207920,-0.43,2.1195,0.0418,1.3764,0.5565,0.001,-0.0595
207930,-0.11,-3.3046,-0.56,-0.8954,-1.9925,-0.1755,0.2072
207940,-5.14,0.1064,-0.0051,0.3179,-2.9679,0.4538,-0.0996
207950,1.2,-0.1765,-0.0607,-2.5938,-1.1979,-0.1501,0.2984
207955,1.53,0.0392,0.0867,0.0339,0.2257,0.1461,0.1284
207960,-3.96,-42.94,-35.5529,-121.7599,-51.8009,0.5691,0.236
207965,0.91,-0.1153,-0.014,-0.0477,0.1316,-0.0176,-0.512
207970,-0.07,0.3964,1.207,1.413,1.2202,-0.1739,0.5536
207980,-5.95,0.6517,-0.2635,3.0475,-0.4084,0.4733,0.0609
207990,-5.01,0.4639,-0.1205,0.0006,-0.002,0.255,-0.0407
208010,-3.84,-19.8696,-2.5042,-5.514,-6.4929,0.3738,0.1635
208020,-0.09,-1.2395,-0.1307,-0.0072,-0.3166,-0.5855,0.0111
208030,0.83,18.8203,12.5494,29.1791,8.6038,0.6948,-0.2562
208040,-3.47,0.0037,-6.1467,-21.9614,-3.1864,0.7186,-0.208
208050,-2.31,57.676,5.3086,4.9668,4.2578,0.7801,-0.074
208070,-4.77,-15.963,-3.3407,-0.1086,-1.0239,0.5796,-0.0407
208080,-0.07,-0.0212,-0.0233,-0.0432,-0.1588,-0.0767,-0.5964
208090,-3.03,-0.0685,-18.0621,-0.6664,-12.5198,1.2462,-0.2958
208200,-4.65,-15.5932,-12.9667,0.0008,-5.4477,0.5854,-0.615
208300,-1.88,4.3082,3.4456,4.1481,1.6508,0.5477,0.3533
208310,0.91,-12.101,-7.2275,-3.3262,-3.0976,-0.2256,-0.0825
208320,-0.27,0.2761,0.071,0.7651,0.6623,0.84,-0.501
208330,1.54,-0.4586,-2.0403,-2.8407,-4.1706,-0.1042,0.2863
208340,-0.81,-0.0561,0.0561,-0.0052,0.006,1.3272,-0.5007
208350,0.93,-3.838,-23.279,-8.4806,-24.6232,-0.3791,-0.1743
208360,1.35,-1.4081,-0.1895,-0.0088,0.0008,-0.109,-2.2466
208370,1.79,-109.8005,-149.6513,-114.4378,-84.9159,0.5191,-2.9927
208380,1.11,0.1533,-0.542,-8.8504,-2.5038,-0.454,-0.6242
208390,0.09,-37.4075,-89.1069,-48.0704,-29.9374,0.5153,-0.1428
208400,-0.95,-163.89,-261.6905,-194.3481,-167.2639,-0.2855,-1.3512
208410,-0.88,-12.0165,-1.8378,-2.0791,-2.0014,-0.0802,-0.5877
208420,-2.31,-0.3985,-0.405,-0.4353,-0.7595,0.2786,-0.0407
208430,1.42,-0.9224,-1.1625,-1.4314,-2.4238,0.1107,-0.3955
208440,-3.54,-0.4256,-3.0043,-1.7332,-1.6878,0.8823,-0.332
208450,2.04,0.011,0.2038,0.2694,0.2042,0.2404,0.3084
208490,-2.39,-4.5718,-0.0874,-0.7561,0.0135,0.8247,-0.091
208500,0.84,-13.0656,-25.4779,-16.7386,-20.8531,0.5079,-0.9646
208510,-0.44,-6.5331,-6.6505,-1.2585,-9.0823,-0.0326,-0.9178
208530,1.25,80.0143,96.8827,71.1089,59.0012,0.343,-1.5127
208540,-4.06,0.1413,-3.6368,-6.0899,-2.3812,0.599,-0.0407
208550,1.43,-2.9642,-0.0924,-0.3005,0.0,-0.051,-0.6025
208560,-3.49,-0.0002,-29.1764,-7.7666,-9.4797,0.5804,-0.0188
208570,1.5,-0.1952,1.2678,0.3997,0.161,0.0462,-0.651
208580,-5.23,-8.9515,-2.6657,0.0328,-2.3199,0.599,-0.0407
208590,-4.78,-14.0641,-0.945,-5.7979,-5.9672,0.7623,-0.2391
208710,0.91,0.0003,-0.015,-0.001,-0.2236,0.0709,0.6862
208718,-2.32,-1.8051,-12.8968,-0.9648,-0.0501,-0.2548,-0.4793
208722,-1.12,-0.0347,-6.8876,-2.9078,-1.3422,0.4315,0.1273
208730,1.09,-0.0235,-0.0405,-0.0438,0.0024,0.1781,-0.1455
208740,2.46,0.6064,0.1888,0.0139,0.0087,-0.3517,-0.0673
208750,-1.33,7.7776,1.3748,5.0344,1.1638,0.2277,0.2794
208760,1.69,-0.0463,-0.8498,-0.341,-0.2515,-0.6528,-0.1523
208770,1.64,-0.0571,-0.715,-0.6826,-0.3764,1.1872,-0.9026
208780,-4.09,-0.1451,-21.3109,-15.8781,-9.35,0.897,-0.5308
208790,0.59,0.1741,-0.105,-0.0061,-0.001,-0.0109,-0.5671
208800,-2.71,-7.7736,-30.1242,-21.8454,-3.4633,0.3414,-0.2871
208810,-1.5,0.0005,0.1397,-0.7281,0.012,0.0575,-0.0985
208820,-5.59,0.0022,-1.38,-2.0361,-7.3532,0.6809,0.0512
208830,2.28,0.2468,-0.0739,-1.0528,-0.1777,-0.0833,-0.3237
208842,-0.78,3.3472,2.1289,8.1668,13.5715,0.6426,-1.1521
208850,2.25,0.0577,0.675,0.173,3.6596,0.2352,-0.4928
208910,-1.19,-5.4231,-16.0783,-13.837,-16.3164,0.0975,0.0068
208970,1.96,5.1819,0.2523,0.0101,0.0674,-0.0227,-0.145
208980,0.23,0.001,-0.6373,1.0672,0.1117,0.4588,-1.9562
208990,-4.33,-0.3101,-8.0987,-1.3928,-1.8997,0.6045,-0.0407
209000,-4.49,-2.8942,7.3339,2.4965,7.0017,0.7847,-0.6451
209010,-4.22,-1.22,-32.8107,-18.532,-28.4227,0.1614,-0.0407
209020,0.12,-0.2351,-3.5097,0.002,-0.1433,-0.572,-0.6251
209030,-4.5,0.4101,5.0318,2.4943,3.2963,0.5538,-0.0407
209040,1.04,-0.1646,-2.1115,-1.2242,-1.0313,0.1075,0.0085
209045,1.21,-0.0036,-0.0205,-0.3767,-0.0384,-0.2978,-0.3426
209050,-0.62,-0.2682,-1.2053,-0.1242,-0.345,0.713,-0.372
209060,-1.7,-124.2092,-78.736,-44.2207,-93.2844,0.9235,-0.614
209070,-2.84,-0.0072,-0.3803,-0.0021,-0.6196,0.188,0.3084
209080,-3.2,0.0423,-3.0955,1.4837,-0.0024,0.5758,-0.0943
209090,-5.27,-2.2067,-8.5241,-7.2267,-15.2286,0.4838,-0.0727
209095,0.08,-0.6446,-0.746,0.0029,-1.3197,-0.0049,-0.5184
209100,-3.3,0.2372,2.5871,2.819,3.3708,0.4805,0.457
209108,-2.54,-0.8806,-6.9898,-1.6978,-2.9922,0.713,-0.5951
209120,-0.06,0.0131,3.1305,12.7786,0.7135,0.2542,-0.0999
209130,-1.89,-16.1037,-9.4706,-0.971,-7.424,0.3938,0.0611
209140,-4.03,-0.158,4.9322,1.2957,1.9291,0.4658,0.1121
209150,-0.19,0.0036,0.9077,0.8891,0.4497,0.3923,-1.0414
209160,-4.96,0.0017,-3.8598,0.0003,-1.6533,0.5889,-0.0407
209170,0.82,-0.5292,-1.0287,-1.6375,-2.6936,-0.0972,-0.1286
209180,0.65,1.1365,0.1544,1.5929,0.7381,-0.2811,0.831
209190,0.82,-0.3622,-1.04,-0.3753,-0.5375,-0.276,0.0431
209200,-1.55,-9.5871,-25.9496,-1.8859,-19.409,1.3467,-0.8452
209210,-3.36,0.1871,0.1668,0.5792,0.9085,0.8361,-0.4163
209240,0.01,-1.0574,-0.4389,-1.2842,-1.6094,-0.3673,-0.6525
209250,-0.51,-20.8197,-53.251,-31.5975,-61.4595,0.1218,-0.5276
209260,-3.07,-4.3306,-23.164,-13.4518,-13.0275,0.5828,-0.0929
209270,-4.5,-2.5557,-16.7041,-12.9673,-4.1454,0.933,-0.3747
209280,-0.2,2.1198,3.2478,33.67,9.5699,0.1674,-0.5401
209290,-4.07,-0.2844,-0.5072,0.0006,-2.7885,0.5949,-0.098
209300,-0.67,-0.1166,-1.7314,-0.0337,-2.9142,0.6409,-1.2393
209410,0.83,-0.3485,-2.9551,-1.0769,-0.8353,0.3572,0.0936
209420,-2.96,-21.5718,-64.6515,-53.2588,-26.5158,0.581,-0.3158
209430,-4.73,-0.9915,-1.208,-2.2755,-2.9296,0.5838,0.0108
209440,-0.99,-3.3675,-0.6681,-0.1738,-0.1683,1.2957,-0.2189
209450,-1.31,0.5025,0.0137,1.7673,0.0388,0.424,-0.0305
209460,-1.57,-0.4909,-28.8404,-11.4654,-8.0074,0.8346,-0.4102
209470,0.86,0.0511,0.1721,1.8046,0.1412,-0.9052,0.094
209480,1.81,-0.013,-0.0295,0.0087,0.0563,-0.0612,-0.8314
209485,1.02,1.0324,-3.3648,-0.9294,-2.1693,-0.23,0.0261
209490,0.49,-6.045,-19.2384,-9.3387,-7.095,-0.0168,-0.355
209500,0.12,-64.0762,-82.6409,-40.551,-62.1875,0.3877,-3.6263
209510,0.86,-0.3547,-0.9983,-0.883,-1.728,0.6552,-0.421
209515,-0.04,-0.8244,-5.3201,-0.2202,-0.11,0.05,-0.5129
209520,-1.62,-0.1037,-0.0001,0.1017,0.003,0.334,-0.0832
209530,-1.47,-5.6253,-3.6504,-1.4079,-1.3071,0.0463,0.5945
209540,-4.06,7.6391,2.7257,5.0355,2.1872,0.581,-0.2198
209550,-3.74,-6.0344,-1.6806,0.0154,-15.0986,0.4338,-0.1175
209560,0.13,2.0495,2.8473,2.7516,1.3547,-0.4239,-0.7183
209570,1.26,-3.9232,-1.9782,-3.9173,-0.9102,-0.5469,0.1118
209580,-2.85,-2.6681,-16.5495,-2.9512,-11.5513,0.1082,-0.1127
209583,0.94,-0.8684,-1.3284,-1.8108,-1.1844,-0.1891,-0.6015
209585,0.84,0.5806,0.2965,1.032,0.4643,0.063,-0.4565
209590,1.61,-0.0032,-0.0574,-0.0849,-0.0718,0.4798,-0.9577
209600,1.9,-2.1982,-0.8574,-3.9282,-1.0101,0.0928,-0.2752
209610,0.55,-0.489,-6.1102,-0.7477,-1.7303,0.0659,-0.3912
209620,-0.1,-0.0776,-0.7737,-0.0118,0.0476,-0.2327,0.0646
209630,-0.04,-3.6525,-5.9968,-7.4093,-8.9496,-0.1628,-0.3236
209640,-3.05,-0.8853,-23.0284,-7.3941,-6.8761,0.8562,-0.3304
209650,-1.53,-3.8887,-2.76,-1.2922,-0.2822,0.563,-0.7045
209670,1.45,0.0652,-1.565,0.0052,0.0591,0.2343,-0.5493
209680,-1.02,0.9035,-4.4298,-0.3925,-8.7977,0.6795,-0.4321
209690,-1.3,-44.9596,-40.7608,-43.2275,-39.0003,0.5864,0.2434
209700,0.24,0.014,-0.1629,-0.441,-0.5447,-0.1576,-0.965
209705,1.41,0.3889,-0.0513,0.3951,0.5223,-0.3624,-0.1612
209710,-3.31,-3.1155,-58.3521,-8.0227,-28.4721,0.3299,-0.0305
209720,-1.64,82.8103,36.0694,67.2975,25.7517,0.5651,0.0748
209730,-4.83,-11.2274,-1.5809,-1.6002,-0.5155,0.9211,-0.5069
209740,-0.33,-0.1764,-1.1815,-0.0428,-0.5935,-0.2559,-0.8381
209755,0.855,-1.7321,-0.5288,-0.6467,-0.7383,0.5714,-0.5625
209770,-4.09,-0.0401,-1.0774,-0.1294,-0.3381,0.4215,0.0581
209790,-1.82,0.0189,-0.0245,-0.0,-0.0093,0.0746,-0.5281
209800,1.1,-0.0963,-24.2783,-4.0208,-11.5512,1.0384,-1.5354
209810,0.28,-0.0789,-0.414,-0.1903,-0.5675,-0.6301,0.9004
209820,-2.12,0.0264,-0.0918,0.0169,-8.4488,0.1547,0.4071
209830,-0.61,0.0789,0.2091,6.5646,3.2175,0.9503,-0.8531
209850,1.18,0.049,-0.0293,0.313,-0.1222,0.1688,-0.7409
209860,-3.42,-0.0062,-1.0345,-0.0505,-0.243,-0.1756,0.35
209870,-1.1,-3.0167,-1.5494,-1.6049,-2.2059,0.6986,-0.6283
209880,-5.26,0.1833,0.0844,2.9013,0.6114,0.599,-0.0407
209890,-4.84,14.3081,7.1844,5.8327,7.0278,0.5889,-0.0407
209900,-5.48,-0.6061,-0.1855,-0.6405,0.1531,0.4116,-0.0407
209910,-4.05,-0.2705,-0.7988,-0.6762,-1.6452,0.2861,-0.0407
209920,1.37,0.0058,0.0304,0.0398,0.0769,-0.1215,-0.2881
209930,1.05,-0.0048,-0.0102,0.0036,-0.0235,0.1821,-0.2646
209940,0.94,1.3651,2.7008,3.1159,0.4193,0.7393,-1.4936
209945,0.79,0.3807,-0.0064,-0.1583,-0.0126,0.9085,-1.0266
209950,-5.2,0.2558,0.1649,0.1004,-0.2761,0.6054,-0.047
209960,-0.75,-39.0212,-25.3161,-17.7718,-54.5387,0.1121,-0.6031
209970,-3.58,0.0034,0.0285,0.0177,0.0572,0.1597,0.25
209985,1.2,-0.1418,0.8026,0.0114,0.2512,0.2264,-0.4076
210095,0.91,0.0036,0.025,0.3385,-0.0003,0.3517,0.1928
210210,0.7,-0.0693,0.493,2.205,0.3571,0.3614,-0.4219
210220,-1.2,-0.3334,-0.0387,-0.0003,-0.0187,0.3622,-0.6999
210230,-3.37,0.7373,0.2953,0.9773,0.2017,0.6785,-0.8521
210235,-0.48,-0.3731,-0.0158,-0.106,-0.4794,0.2354,-0.6989
210245,0.42,-1.306,-0.3436,-1.346,-1.6508,0.9512,-1.3329
210255,-2.27,-0.7934,-0.0882,-0.02,-0.527,-0.5351,0.5691
210260,-0.69,-0.1895,-0.2151,-3.0476,-2.4909,0.6282,0.3307
210270,-3.53,-17.1011,-15.7611,-13.4013,-8.0839,0.4649,-0.126
210280,-4.97,-2.4177,0.4148,0.048,0.407,0.4934,-0.0508
210300,-0.82,-0.231,-0.0766,0.0736,-0.0,0.0639,-0.1602
210310,0.19,-0.29,-0.5609,-0.5195,-0.8409,-0.0284,-0.0201
210320,0.96,-0.0192,0.0709,0.1175,-0.0399,1.0102,-0.3509
210330,0.05,1.75,0.0561,8.6033,0.9649,-0.4578,-0.5852
210345,-1.79,1.1422,-1.7284,-0.7327,-0.3875,0.7336,-1.0142
210360,-6.63,0.0,0.4453,0.0992,0.302,0.6219,-0.0889
210370,1.07,-0.157,-0.0965,0.0536,0.0319,0.0789,-0.6276
210380,0.14,0.5597,0.4025,-0.0578,-0.0003,-0.1505,-0.7994
210390,-1.56,43.7669,27.6481,29.2213,17.2763,1.0156,-0.2665
210400,-0.51,-0.0006,-0.0,0.028,0.0156,0.7591,-0.5161
210408,-0.28,-163.7734,-41.5472,-1.5809,-50.9697,1.6775,-0.5962
210412,0.93,46.7437,-0.1365,3.678,-0.1968,0.1558,0.2222
210420,0.3,-5.0818,-0.09,-5.1728,-3.8055,0.6547,-0.6553
210430,-3.81,-10.0501,-30.8651,-5.4447,-35.8658,0.9113,-0.0253
210440,-3.52,0.0469,-13.8292,-6.8076,-25.3107,0.5346,-0.8953
210450,-0.15,0.076,0.5518,0.6333,0.4239,0.4418,-1.0683
210460,0.29,1.355,0.8668,9.8397,3.1221,-0.623,-0.2467
210470,0.17,-0.6724,-0.289,-0.326,-0.8872,0.7846,-2.3049
210478,-2.51,-0.3992,-0.1159,-0.1764,-1.9056,0.8096,-1.2438
210482,0.13,0.3466,-0.0005,-0.0181,-0.2587,0.0634,-0.5635
210490,-3.62,-0.1677,-1.392,-3.2204,-2.1222,0.9607,-0.1579
210600,,,,,,-0.0438,0.0173
210682,0.18,0.0356,0.2652,-0.0004,-0.0093,0.1845,0.1601
210690,-4.58,-0.5557,-1.1426,-0.0017,-1.2377,0.4812,-0.2038
210700,-1.95,3.9456,1.6636,2.6053,0.0646,0.3294,-0.2918
210715,1.08,-0.006,0.0001,-0.03,-0.668,0.0663,-0.5155
210730,0.47,-0.2843,-0.0159,-0.4247,-0.5997,-0.9805,0.246
210740,0.94,-0.2668,-0.4224,-1.8234,-8.0599,-0.6068,0.4943
210750,-4.38,-0.5994,-0.2706,-0.2549,-0.4278,0.604,-0.0444
210760,-1.47,-0.0004,0.003,-0.2316,-0.4089,0.6767,-0.6609
210770,0.53,-0.1497,-0.411,-0.7813,-0.5042,-0.5328,-1.452
210778,-2.78,200.2408,41.6957,19.4962,1.8121,0.248,-0.0619
210781,-0.82,110.9112,67.3191,289.0282,185.0054,-0.2761,-0.8747
210783,0.47,-10.8851,-8.0611,-10.489,-18.3856,-0.3947,-0.0838
210787,-1.99,-0.0696,-0.0001,10.0953,0.2726,0.7268,0.0195
210790,-2.84,-5.7667,-0.7319,-3.7188,-1.5223,-0.1597,0.1453
210800,-2.78,43.3863,11.6859,23.1396,2.4388,0.5041,-0.619
210810,-0.73,-0.2643,-0.0169,0.2027,0.0136,0.1155,-1.0072
210815,1.55,1.157,0.8365,6.8337,7.1751,-0.6863,0.1765
210820,-2.68,-11.6883,-8.6424,-7.7367,-9.514,-0.0344,-0.2237
210830,-4.64,-4.9381,-3.1004,-1.3558,-2.1649,0.4343,-0.0032
210840,-4.95,-0.0775,0.0354,-0.0579,-1.3209,0.3573,-0.0407
210950,0.69,-0.0095,0.0661,-0.9189,-0.1541,-0.0681,-0.1565
210960,-4.12,0.8492,2.7978,1.5246,1.8199,0.4499,0.0067
210970,0.66,-0.0054,0.1364,0.0402,0.3588,0.3695,-0.6392
210975,-2.53,0.2162,-2.1784,-0.0564,-5.391,0.8568,-0.3986
210980,-5.1,6.0291,-0.0008,0.0477,0.1804,0.4582,-0.0305
210990,-0.58,0.0147,-1.1795,0.0092,-0.3802,0.4457,0.1356
211000,-1.22,0.0239,-0.5263,0.0001,0.0026,0.501,-0.4416
211010,-3.74,-1.2848,-0.7047,0.0042,-1.2785,0.599,-0.0407
211015,-1.05,-0.3866,-0.6692,0.2428,-0.0218,0.5649,-0.3137
211020,-1.92,-0.124,-34.7919,-17.2169,-15.8464,0.8646,-0.399
211030,1.01,-0.0144,0.0425,-1.0704,-1.3467,0.196,-0.101
211040,-4.37,-4.2386,-19.0721,-13.892,-26.6219,0.2391,-0.169
211050,1.2,0.6509,-0.0721,-0.0039,-0.1821,-0.3285,0.0872
211060,-3.31,-12.0118,-14.2198,-18.376,-17.3108,0.5166,0.2632
211070,-2.04,0.0002,0.3162,0.0693,0.1674,0.2009,-1.3145
211080,1.63,-0.087,-0.8029,-0.5514,-0.652,0.1442,-0.0434
211090,-3.54,-3.4417,-4.7864,-16.5177,-38.3859,0.4553,0.0154
211150,-4.66,-18.1938,-8.8203,0.6425,-7.6096,0.5085,-0.2005
211220,-4.66,-81.8604,-19.7188,-39.9362,-24.4139,0.5275,-0.0407
211230,-4.48,-0.0065,-8.5008,-2.6321,-12.4402,0.424,-0.0407
211240,-1.76,0.0638,-0.6967,-0.1114,-0.7401,0.8876,-0.7538
211250,0.46,-2.1048,-1.0088,-5.7981,-3.4186,-0.3619,-0.465
211260,0.68,-0.3488,-2.8031,-3.6851,-1.6175,0.4754,-0.956
211270,-2.93,-0.3075,-0.7949,-0.2939,-0.3973,0.5027,-0.2261
211280,-0.09,0.6044,4.0846,6.1547,5.1709,0.1375,0.2658
211290,0.16,-0.0303,-0.0057,-0.8488,-0.3341,0.1841,-0.252
211300,-0.5,-0.1528,0.0103,-0.0006,-0.1036,-0.8581,-0.2783
211310,-0.69,-5.4751,-1.2877,-1.8712,-3.5672,0.0825,-0.4249
211320,1.21,-0.1105,-0.0675,-0.3152,-0.8328,0.3213,0.4394
211330,-2.88,0.4893,-5.7676,-5.2871,-4.7819,0.5046,0.0337
211340,-0.42,0.2272,0.009,1.0182,0.474,0.6581,-0.9027
211350,-2.4,-0.214,4.2662,1.1348,1.7078,0.6719,-0.1437
211360,-0.12,0.0032,-1.4997,-1.6785,-1.4129,0.5185,-1.0251
211370,-0.57,0.0016,0.0036,0.0214,-0.0245,-0.8503,0.0366
211380,-0.2,-0.2692,-2.1774,-1.4057,-1.5025,0.3432,-1.4119
211385,0.09,-1.2483,-1.1905,-1.994,-1.9658,-0.2069,-0.8265
211390,-3.04,0.2412,0.5376,0.7576,1.2043,0.8568,-0.299
211400,-5.04,0.0128,-9.9269,-18.9456,-5.1633,0.7999,-0.3077
211410,-1.81,0.6495,0.9932,0.68,-0.0561,-0.2137,0.0964
211420,-5.22,0.4647,-1.4314,-0.126,0.1317,0.6045,-0.5264
211430,-0.17,-0.0861,-0.0757,-0.1002,-0.2099,-0.1642,-0.1557
211440,-5.67,0.0989,-1.9171,-0.7994,-0.0964,0.599,-0.0407
211450,-4.38,4.1836,-6.3622,-0.0083,-2.5079,0.9148,-0.3565
211460,0.25,-4.1388,-0.8763,-0.0246,-0.0791,0.2666,-1.3677
211470,-5.11,-1.3519,-15.288,-22.6637,-13.5121,0.5151,-0.0407
211480,-3.46,-2.2166,-11.7288,-7.3525,-15.557,0.5169,-0.0407
211600,-0.24,-1.4552,-2.8308,-0.9648,-0.6736,0.1992,-1.0297
211610,-0.59,0.7892,0.0915,2.0878,0.5762,-0.3072,-0.7472
211630,1.07,-22.5007,-19.6586,-17.4485,-21.2565,0.1249,-0.83
211640,-1.46,-0.0248,-0.1126,-0.664,-0.363,0.7317,-0.0226
211650,-0.87,-0.0584,-0.7795,-0.2708,-0.4674,0.1798,0.5575
211660,-0.62,-0.1523,-1.9749,-0.453,-0.3369,-0.1757,0.1439
211670,0.72,-0.3016,-1.4441,-0.0763,-0.5025,0.0843,-0.3401
211675,0.19,0.2478,0.0064,0.3107,0.0717,0.1447,-0.3702
211680,-5.65,0.2322,-0.5652,-0.039,-0.1361,0.5434,-0.1713
211690,-5.05,-0.5277,-4.3986,-2.2321,-0.5208,0.5368,-0.0508
211695,-0.29,-1.081,-0.7718,-1.647,-1.0926,-0.2812,0.8087
211700,-5.23,-6.56,-4.5329,-21.1423,-3.9636,0.4343,0.0304
211710,1.92,-24.6259,-3.7094,-3.4566,-5.0074,0.802,-0.5342
211720,-1.29,1.5491,0.0432,0.0922,-0.02,0.9315,-1.0615
211730,-1.91,-0.0422,-0.8191,-0.5045,-13.1881,0.7207,0.0278
211850,0.8,-168.1319,-324.7746,-250.6317,-453.7854,0.9359,-3.1215
211860,0.48,0.0988,0.4372,0.4393,0.383,-0.0982,-0.0998
211870,-4.57,0.003,-0.0036,0.0,0.4088,0.4832,-0.0407
211880,-1.65,-0.1135,-4.3116,-0.0402,-3.5535,0.3387,0.2843
211890,0.28,-0.0642,0.0074,-0.1783,-0.1967,0.8139,-2.2692
211910,1.4,0.0002,-5.5216,-1.004,-2.9865,0.2219,-0.8504
211920,,,,,,0.474,-1.176
212030,1.14,0.0125,-0.0049,-0.0378,-0.6423,0.0779,-0.7216
212045,-0.11,-0.0155,-0.085,0.2169,-0.059,0.1384,-0.8723
212060,0.76,-0.0,-0.0273,0.0125,-0.0989,0.0797,-0.3667
212075,0.57,-0.028,-0.2703,-0.2134,-0.3381,0.1964,-0.5802
212090,-0.17,-0.0112,-0.3279,-1.3293,-2.0975,0.2001,0.2024
212100,-3.04,0.0539,-6.4027,-0.0435,-9.2887,0.3388,-0.0407
212110,-4.03,-358.5975,-303.9771,-257.7297,-230.9408,0.3763,0.0727
212130,-0.5,-3.3038,2.8474,1.7898,0.2204,-1.1928,0.4151
212140,-0.1,0.3352,-0.0838,2.4606,0.0765,0.3949,-0.5774
212145,-0.78,0.6789,0.2254,0.2059,0.1475,0.7619,-0.9895
212150,-4.24,-0.1454,-3.0163,0.0018,-1.5885,0.1159,-0.4911
212160,1.82,0.0004,0.0007,-0.2551,-0.0799,-0.3252,-0.3522
212170,-3.97,-0.055,2.4135,4.3315,3.8053,0.0577,-0.4002
212180,0.32,-0.4739,-0.6497,-0.992,-2.2793,0.3665,-1.8131
212190,-0.2,-0.7184,0.4303,0.4696,0.1306,0.2433,-0.0264
212200,1.09,-0.0268,-0.2274,-0.0943,-0.4588,0.0316,-0.7947
212210,0.31,-0.0315,0.2819,0.308,0.2104,-0.1611,-0.1737
212220,-4.91,-23.0984,-4.1152,-10.3445,-34.7623,0.6158,-0.0659
212240,1.12,0.0004,-3.0472,-1.4244,-0.1096,0.1967,-0.8514
212250,-0.26,0.0051,0.0138,1.2204,0.0003,0.7064,-1.5122
212260,-4.5,0.3334,3.7576,3.9682,4.8525,0.599,-0.0407
212270,-3.05,-3.2813,-0.2898,-0.1542,1.4251,0.1881,-0.1323
212275,1.46,0.0002,0.2018,0.2276,0.2475,0.0885,-0.6453
212280,0.69,0.1434,-11.9029,-4.8079,-0.6044,0.3712,-0.5597
212290,-4.49,-32.5467,-21.3802,-41.0163,-57.0129,0.3539,-0.138
212300,0.69,126.3137,82.9416,95.0752,34.9414,0.0404,0.3572
212310,-4.29,-2.5271,0.3887,0.0437,0.3737,0.2994,-0.5325
212410,,0.2273,6.9436,6.4296,5.2185,,
212420,,-0.3503,-0.0003,-0.1367,-0.1427,,
212735,,1.3807,0.333,-0.0192,-0.274,,
212740,1.4,0.0348,-0.1115,-0.5273,-0.0404,-0.2776,0.3071
212760,-1.42,-6.6046,-1.2498,-0.1697,-0.8269,0.2822,-0.0659
212770,-1.8,-2.3677,-0.3301,0.2195,-7.3078,2.8497,-2.2504
212775,1.52,-0.0715,-0.3012,-1.1551,-0.0703,0.1447,-0.3918
212780,-5.33,-0.0022,-4.963,-0.87,-0.7373,0.5783,-0.0407
212800,-4.6,-4.6597,-0.1668,-0.275,-0.1743,0.5969,0.0024
212810,-1.04,-1.4565,-0.3976,-0.0473,-0.0633,-0.5405,-1.1504
212820,-3.09,0.132,-12.9971,-0.1544,-4.1057,0.3475,-0.1043
212840,-4.75,-29.7856,-16.8624,-31.7288,-19.9907,0.599,-0.0407
212850,0.04,-3.6891,-1.9461,-0.5429,-1.1091,0.928,-1.8661
212860,-1.86,-4.8645,-2.5658,-1.57,-8.8569,0.4041,-0.7493
212880,-3.53,3.8189,-0.0315,5.3829,0.3399,0.4055,-0.0525
212900,0.79,-0.0004,-0.7492,-3.3103,-5.0011,-0.1447,0.6985
212910,1.85,-0.0181,-4.8277,-0.3407,-0.0979,-0.1023,0.1507
212920,-0.11,0.0016,-28.5276,-15.9205,-8.5703,0.483,-0.3875
212930,-1.03,187.2913,13.7867,93.3526,27.6801,1.7617,-0.9577
212937,0.79,0.2305,-0.5913,-0.0,-0.5687,0.4934,-0.5356
212940,-3.66,-2.9997,-1.7467,-1.6139,-2.2428,0.3502,0.474
212950,-4.24,-0.0018,2.3371,1.1639,2.8303,0.7319,-0.1837
212955,-4.6,-0.5687,-7.4708,-0.9448,-2.9271,0.3005,-0.6312
212960,-4.23,-28.0415,-79.7347,-66.2839,-58.0237,0.4246,-0.0659
212970,-0.09,0.9894,2.6778,3.2381,0.4437,0.1007,-1.4471
212980,-2.64,-0.143,1.7505,1.0368,1.0005,1.2742,-0.0825
212990,-0.35,7.4342,2.4179,5.9136,2.1185,0.19,-0.2359
213000,-3.59,-2.5052,-4.9558,-3.0223,-5.1393,0.5135,-0.128
213010,-4.45,-0.246,0.6663,-0.1156,0.0341,0.309,-0.0407
213020,-1.31,-0.0125,-0.0576,-0.9539,-1.0308,0.6943,-1.1563
213030,-1.04,-0.6699,-24.5247,-5.7656,-13.9469,0.1921,-0.0845
213040,-4.77,0.1161,-19.9076,-1.1869,-7.0102,0.599,-0.0508
213050,1.55,-1.9198,-0.0556,-0.0802,-0.1213,-0.213,-0.4683
213060,-0.99,0.213,0.199,0.6477,1.0603,0.6804,0.3003
213065,0.51,0.0004,0.0802,0.0172,0.1963,-0.0651,-0.4592
213067,-0.21,-3.1114,-0.0007,0.0006,-0.3757,-0.0473,0.1786
213069,-3.13,0.0001,-10.6834,-1.9635,-1.0737,0.5739,0.0993
213072,-3.23,0.5923,-2.7815,-0.0012,-0.2047,0.2742,-0.0991
213100,-4.12,-17.0007,-4.7075,-8.7702,-18.7528,0.5771,-0.1327
213115,-4.37,-0.4492,-2.0423,-9.3357,-5.2397,0.5285,-0.0305
213240,-5.36,0.0066,-18.1409,-17.8388,-11.7477,0.6092,-0.0508
213255,-1.29,0.0048,0.4152,0.6655,0.6756,0.5496,-0.7251
213280,2.11,0.0693,0.0019,0.0061,-0.0094,-0.4001,0.1411
213290,-1.69,-0.2363,-1.3816,-1.3664,-0.8672,0.3734,-0.4508
213300,-5.04,-5.5031,-6.876,-0.2958,-0.8541,0.5222,-0.0305
213310,-2.26,-3.345,-3.6708,-3.2359,-3.3884,0.8926,-0.4816
213325,-2.61,-21.7341,-20.0918,-17.9879,-9.6163,0.4731,-0.3389
213340,0.37,-0.6316,-0.0727,2.4917,0.9076,-0.1713,-0.4461
213350,-5.34,0.2287,0.6023,1.9107,1.1817,0.0369,-0.0407
213360,0.07,0.7217,0.1347,0.0517,1.0303,-0.6483,-0.111
213370,-2.79,-8.1798,-2.6828,-4.5995,-2.8732,0.5078,-0.2763
213380,-0.03,-1.6472,-1.7748,-0.1646,-0.1743,0.2664,-0.2687
213388,-2.52,-31.0301,0.0006,-0.2587,-2.7718,-0.3059,0.1146
213392,-5.02,-7.9515,-26.23,-27.4764,-20.8816,0.4923,-0.2496
213400,-0.94,-0.1381,-0.1274,-0.7128,-0.6456,1.3317,-1.2177
213410,-4.69,0.2762,0.2077,0.709,1.1409,0.6785,-0.2042
213415,0.29,-0.0009,-0.0015,-0.0073,-0.0215,0.2198,-0.3684
213420,-4.73,-7.0969,-7.7294,-19.3846,-9.2984,0.8241,-0.3555
213430,0.36,-0.148,-3.7996,-1.8352,-2.7884,-0.1035,0.5319
213445,1.11,-2.9889,-0.6864,-2.8267,-3.264,-0.3176,-0.5233
213460,0.53,0.067,-0.3457,0.0697,0.0022,-0.1674,-0.6769
213480,-0.06,-0.1561,-1.5587,-5.863,-0.7343,0.6372,-0.2031
213490,-2.6,-18.5981,-11.6243,-12.428,-2.7003,0.0998,-0.1499
213520,1.43,-0.0004,-0.7522,-1.2311,-0.1458,-0.0109,0.2138
213530,0.57,0.0797,0.2753,-0.0269,0.0941,-0.198,-0.534
213550,-0.5,-4.6239,-31.482,-78.8509,-67.0958,0.4419,-0.5176
213560,-0.77,-0.0538,-0.4966,-0.2224,-0.0471,-0.3551,-0.9725
213570,-2.3,-1.8747,-4.6029,-8.4545,-9.3791,0.3429,-0.6092
213580,0.52,-6.0891,-6.0336,-3.0951,-3.562,0.653,-1.2807
213590,-0.02,0.0125,-0.0,0.4517,0.3469,-0.465,-0.8141
213600,-2.51,-2.4402,-12.6693,-10.2059,-9.7297,0.1408,0.1113
213610,1.8,-2.2299,-11.5239,-5.0827,-7.319,-0.5013,0.3728
213620,0.09,-0.014,0.072,0.5373,0.3193,0.528,-0.1825
213635,-0.77,0.2504,-0.0384,-0.0,0.0273,0.1626,-0.3822
213650,-2.19,0.6642,-0.0107,1.0351,-0.028,0.6867,-0.2588
213660,0.32,-1.0787,-12.3037,-1.5078,-11.5167,0.1834,-0.8629
213670,-3.88,-72.6333,-49.0363,-30.6266,-38.874,0.6779,0.058
213680,1.13,-0.0008,2.2651,0.0076,0.0061,0.6214,-0.6334
213690,-4.21,0.4601,3.1513,0.0307,-1.2677,0.6614,-0.3066
213700,0.08,0.4455,1.9398,4.0579,2.4866,-0.0658,-0.6846
213710,-0.32,0.8734,0.8173,1.2857,0.0446,0.1671,-1.1802
213720,-0.34,-0.3328,-1.7212,-0.4451,-0.6116,0.292,0.2442
213730,0.22,-0.1415,-2.6861,-0.3214,-0.2515,-0.303,0.0943
213740,0.41,0.1528,0.8586,1.0046,0.2281,1.2619,-0.6571
213746,-0.72,-1.1613,-2.9906,-2.37,-2.4545,-0.6513,-0.0239
213748,2.08,0.0528,0.7591,1.345,1.337,0.2178,-1.4995
213752,0.2,0.0108,-0.3319,-1.3998,-2.1937,-0.0495,-0.2205
213760,-0.07,-0.1586,-2.6466,-2.3561,-3.8346,1.4463,-1.2447
213770,-5.24,3.2381,0.1034,0.268,2.4436,0.4213,0.3377
213780,-2.92,-0.6093,0.085,0.0028,0.0035,0.4083,-1.244
213790,-1.96,0.0272,-0.2481,-19.0665,-4.6079,0.1223,0.0307
213800,-3.62,-3.7853,-2.5138,-3.6975,-3.4649,0.2136,0.3165
213810,-4.52,-0.0044,-0.9929,-0.1153,-2.4431,0.5274,0.002
213820,0.53,-0.0,0.0194,0.4427,0.0024,0.027,-0.0713
213830,0.1,-5.7617,-4.8506,-8.5295,-6.8275,0.7443,-0.3658
213840,-0.18,-0.4858,-3.2179,-1.9463,-2.4536,-0.7422,-0.3903
213850,-0.92,0.1519,0.0,-0.03,-0.0804,-0.1074,0.4584
213860,0.91,-0.2547,-1.0099,-0.9541,-4.5772,0.7276,-0.2237
213870,-4.83,0.0001,-0.6776,0.0952,-0.1708,0.4353,-0.0407
213880,0.76,0.2053,-0.1789,0.0039,-1.6638,-0.1189,-0.2039
213885,-0.14,0.2501,-1.0465,0.2424,-0.4774,0.364,-1.1727
213890,-2.72,1.3604,1.4745,0.3967,2.1838,0.423,-0.0407
213900,-5.48,-0.3999,-0.0,1.1134,-0.4598,0.5398,-0.0508
213910,-3.24,6.6043,0.6434,14.0554,0.7719,0.7484,-0.3183
213920,-1.99,0.6962,0.1266,0.3278,0.0408,0.2137,-0.6918
213930,-3.56,0.0009,2.4866,1.35,1.6944,0.4596,0.2486
213940,-2.16,5.5007,4.3962,13.2677,0.4839,0.4759,0.3275
213950,-3.91,-0.0271,-0.2708,-3.4194,-4.1771,0.5826,-0.1554
213960,-1.0,-0.0152,-0.0059,0.1689,0.0105,0.4116,-0.2722
213970,-4.41,-0.8824,-0.1878,-1.1227,-0.511,0.5222,0.1183
214070,2.61,-0.2169,-0.0921,-1.0714,-0.0408,0.1666,-0.7225
214080,1.56,-0.1984,0.0003,0.066,-0.0576,-0.0677,-0.1542
214090,-0.3,-19.301,-6.4749,-6.4984,-2.1198,0.6905,-1.7315
214100,1.63,-1.028,-0.0045,-1.2742,-0.1918,0.2383,-0.4761
214110,-4.96,-0.0201,-4.821,-1.9464,-4.7876,0.3082,-0.0407
214115,0.33,-20.2629,-11.6156,-6.3597,-13.3157,1.0264,-0.7183
214120,0.2,-38.4411,-11.0752,-13.9788,-27.4261,0.0618,-0.7319
214130,-2.85,1.6578,-0.0,-0.0248,-0.8665,0.6239,0.1079
214140,-1.87,-9.9835,-30.09,-27.826,-27.7964,1.3901,-1.4616
214150,-4.5,0.9697,-12.927,-5.3781,-13.3274,0.5222,-0.0355
214160,-3.14,-1.3276,0.3787,0.0498,0.3165,0.1039,-0.163
214170,-4.54,-11.1961,-9.5903,-12.9934,-31.0972,0.5889,-0.0407
214180,-0.52,-47.5535,-133.5136,-179.6864,-126.5429,0.5781,-0.1187
214190,0.42,-0.3767,1.1098,0.9938,-0.0456,-0.0953,-1.0581
214200,-3.56,0.0355,-41.2912,-4.2483,-18.5596,0.372,-0.0345
214210,-4.3,-0.0795,3.3072,2.0323,1.2507,0.3846,-0.0407
214220,2.17,0.5461,0.0044,1.534,0.8369,0.1496,-0.4271
214230,-4.78,0.5354,0.3614,2.6006,1.6369,0.581,-0.0173
214240,-3.58,0.268,3.2225,2.9031,3.8649,0.4018,-0.09
214250,-3.94,-0.6835,0.0196,-0.0994,-1.4331,0.2818,-0.3446
214260,0.35,-0.003,0.0002,0.0996,-0.015,0.3927,-0.5708
214270,-5.99,-0.2539,2.3324,0.0363,1.7088,0.4372,0.1028
214280,-4.87,1.0549,-1.1719,-0.6233,-1.7781,0.3639,-0.1622
214290,2.0,-0.6002,-0.2435,0.0095,-0.094,0.7609,-0.8136
214295,2.26,-0.1796,-0.661,-0.7098,-1.5395,0.0641,-0.3202
214300,-0.36,-4.5432,-6.3829,-0.1382,-14.4845,0.1239,-0.172
214310,-0.12,29.9834,0.3471,14.6829,2.5187,1.5116,-0.7936
214320,-1.01,123.5118,56.9498,42.6175,5.4797,1.7745,-0.2622
214330,1.5,-0.1243,-1.5421,-0.2816,-0.281,0.4764,-0.0776
214340,-3.43,-12.8232,-0.998,-0.3414,-0.2354,0.3385,0.0334
214350,0.6,0.3857,0.0582,0.6316,0.196,1.7138,-1.1059
214370,-2.47,0.8472,-0.554,-0.0862,-11.7717,0.6832,0.012
214380,1.86,-0.0779,-0.0639,0.0002,0.0016,-0.1379,-0.1987
214385,-0.62,-5.9499,-1.8625,-3.9669,-12.8317,-0.1876,-0.4938
214390,2.36,-0.0377,-0.0679,-0.0305,0.0172,-0.2476,-0.9543
214400,2.56,1.1496,1.5696,3.8558,3.5917,0.4951,-0.6919
214410,,,,,,0.4178,-0.0986
214420,1.96,0.2773,-0.0601,-0.2494,-0.5689,-0.3026,-0.9085
214430,1.66,0.0,-0.1312,-0.677,-1.3701,-0.6393,0.5791
214440,2.14,-0.0986,-0.1714,-1.522,-0.4125,-0.0565,-0.8642
214470,-2.73,-14.1528,-12.4597,-10.9856,-11.4059,0.1906,0.367
214480,-0.69,-8.6804,-38.3249,-17.291,-4.2818,0.518,-0.2028
214490,-4.1,12.5578,7.2536,21.957,2.9874,1.0408,-0.5638
214500,0.25,-0.038,-0.5002,-0.0339,-0.18,-0.4394,-0.0514
214510,-0.42,1.8006,0.1346,0.0697,0.2733,0.3051,-1.1
214520,-3.67,-7.1129,-29.5152,-25.8377,-24.7655,0.599,-0.0407
214530,-2.08,-0.1764,-0.2802,0.0081,-0.0593,-0.8993,-0.6859
214540,1.64,-1.2869,-3.612,-3.7921,-2.3201,-0.3157,-1.4731
214545,1.75,-0.0057,0.0666,0.0086,0.0125,0.5863,-1.5155
214550,0.84,0.059,-0.0994,-0.0266,-0.6097,-0.4469,0.7006
214560,-4.3,-77.8048,-34.4597,-107.3225,-64.3423,0.3789,0.072
214570,0.79,-0.0154,-1.4877,-1.5853,-2.9678,0.2039,-0.2181
214575,2.62,0.2086,0.389,3.2214,1.4495,-0.2007,0.0001
214580,-0.04,0.1792,0.2115,0.328,0.6266,0.2759,-0.182
214590,-4.25,16.9149,-3.0615,-0.3364,-0.1983,0.5686,0.2411
214600,-4.78,-0.1086,-20.218,-3.1183,-13.4318,0.3013,-0.0508
214610,-4.12,-1.7956,-20.0298,-16.8769,-3.4109,0.7404,-0.2263
214620,-4.6,-0.008,-6.3648,-8.5734,-5.9717,0.4054,-0.591
214630,-1.94,-0.5038,-4.159,-4.3588,-2.5546,0.4194,0.0307
214740,-1.04,-25.5361,-52.5084,-44.4221,-26.286,0.3342,-0.6046
214750,-5.01,-2.7935,-23.4228,-4.9324,-32.3563,0.4866,-0.0305
214760,1.01,-3.7473,0.8223,0.3014,0.0014,-0.1606,0.1462
214770,-5.27,-1.6223,-0.0617,-2.3997,-0.1995,0.2859,-0.1661
214780,-0.09,-31.3826,-1.8531,-0.545,-0.8875,0.6666,-0.591
214790,-3.48,-11.6394,-11.4018,-13.4242,-38.6164,0.6529,-0.2481
214800,-0.04,-0.0036,-0.0264,0.0124,-0.0014,0.3224,-0.7831
214810,-0.72,26.4172,6.49,13.3482,3.4172,-0.8345,0.5201
214820,-4.12,0.1853,0.1658,0.572,0.8993,0.6939,-0.017
214830,-1.21,56.6801,9.144,29.5173,6.0325,0.0617,-0.4058
214835,1.81,0.1019,-1.008,-0.4179,-0.2144,-0.6717,0.4888
214840,-3.39,0.5043,0.187,1.9021,0.5994,-0.5045,0.3992
214850,-3.98,-126.1812,-76.1882,-59.8849,-46.3971,0.3575,-0.0407
214860,-0.8,-1.6472,-3.3626,-3.6818,-3.5479,-0.0289,-0.1095
214870,-2.04,-0.0076,-84.6769,-4.9699,-5.0775,0.5637,-0.5245
214880,0.01,0.0779,-0.2731,0.0148,-0.1207,0.1459,-0.224
214900,0.63,1.7893,-0.1507,-0.0468,-0.0657,-0.3425,0.9977
214910,-2.47,10.8352,1.1176,62.9314,10.533,0.7402,-0.488
214920,-2.96,-0.5202,-110.4982,-43.5322,-66.5937,0.6834,-0.7579
214930,-1.37,127.2579,6.5298,27.7359,1.8502,0.5571,-0.1518
214940,1.59,-19.1832,0.004,0.0076,-0.0866,0.5227,-2.1672
214950,-0.13,-0.6368,0.3302,0.2615,0.0667,-0.3781,-0.1451
214960,-2.34,-1.2572,1.1884,6.3383,0.0277,0.4129,-0.8364
214970,-4.96,0.0293,0.4841,0.918,-0.0042,0.4968,-0.0742
214980,0.67,-8.8446,-5.4897,-2.5175,-1.4118,0.4032,0.2939
214990,-1.09,211.9015,78.7597,60.3669,4.4258,0.4685,-0.9936
215010,-1.21,0.2993,0.072,4.4369,2.0372,0.5597,-1.2665
215020,-5.45,-1.0565,-1.4761,-1.5451,-4.7801,0.5121,-0.0305
215030,-1.59,-211.2473,-124.5701,-262.9411,-260.6259,-0.3493,0.84
215040,-0.87,7.2308,0.764,1.0659,0.1568,0.926,-0.5719
215050,0.23,-1.0101,-0.6415,-1.6426,-1.4372,0.6739,0.1664
215060,-6.29,-1.2845,0.0036,0.3215,-0.0108,0.3788,-0.0407
215070,-4.35,0.0002,-2.5377,-0.1032,-4.4168,0.3765,0.3572
215080,-1.31,-0.4714,-0.8045,-0.1689,-1.7116,0.3228,-1.2849
215090,-3.73,0.0014,0.0184,0.0091,0.0365,0.7546,-0.0827
215100,-4.07,-0.0227,-13.8742,-0.125,-11.6874,0.4887,-0.2731
215130,-2.24,0.1812,0.1636,0.5564,0.8791,-0.0383,0.0871
215140,1.11,0.009,0.0216,0.0691,0.0775,-0.9215,0.1106
215150,-2.29,-3.8895,-4.8367,-3.5485,-1.3347,1.4064,-0.9958
215160,-5.05,0.5051,-23.0078,-4.7621,-8.5594,0.3686,-0.0407
215165,1.81,-0.4045,-0.6788,-0.117,-0.3972,-0.212,0.0308
215170,-4.39,0.8523,-22.1583,-4.979,-35.4328,0.403,0.0202
215180,0.96,-5.6405,-10.2806,-9.0309,-6.3633,0.0957,-0.3742
215185,1.74,-0.0767,-0.1242,-0.3737,-0.5608,0.0363,-0.3717
215195,1.29,-0.4792,-3.948,-3.4599,-3.3987,0.5238,-0.4816
215210,0.49,-11.7107,-7.0404,-3.5977,-5.2758,0.6755,-1.5435
215220,1.04,-15.1291,-1.0795,0.378,-1.0728,1.1105,-2.9063
215230,-5.81,-0.3544,-6.1419,-12.1789,-3.2725,0.7195,-0.3046
215250,-3.28,3.8488,-64.4178,0.2879,-23.0244,0.3584,-0.1801
215260,-0.19,190.3796,1.9562,14.9169,1.9472,0.3672,0.4405
215270,-0.52,2.4996,0.4287,0.0207,0.358,0.7424,-0.4961
215280,-2.0,0.1615,0.1645,4.057,0.1662,0.8718,0.0019
215290,1.2,-4.1315,-1.302,-0.6523,-0.109,0.1468,-0.4961
215300,-0.41,0.0479,-1.5585,-0.8124,-0.0576,0.5711,-0.2586
215320,0.83,-1.3132,-0.0414,-1.4202,-1.0695,-0.0532,-0.1682
215328,0.56,-0.0571,0.0455,0.6568,-0.1013,0.4382,-0.8018
215340,-0.82,0.0528,-0.2707,0.6207,-0.2427,-0.0474,0.0018
215343,1.24,-0.0003,-0.7461,-0.2826,-0.017,0.5391,-0.0449
215347,2.49,0.0425,-0.0369,-0.2439,-0.1608,0.1232,-1.1097
215350,1.82,0.5133,0.0302,0.3414,0.0506,-0.2726,-1.0086
215360,2.23,0.0094,-0.4392,-0.2443,-1.2363,0.0573,0.0282
215370,-4.36,23.0372,1.619,2.6969,0.0072,0.5677,-0.0299
215380,1.92,-0.6343,-2.5523,-2.6199,-0.7874,0.0314,-0.0951
215385,0.08,-0.0753,-9.1729,-2.7021,-2.4887,0.3515,-1.3907
215390,-1.92,-7.2903,-37.6147,-3.2866,-53.9488,0.1024,-0.7376
215400,-3.45,-0.2364,-2.6028,-2.1825,-1.3045,0.3826,-0.4044
215410,-0.66,-1.2887,-4.4502,-4.8272,-0.6789,0.6618,-0.8271
215420,-4.66,-17.3428,-47.5051,-20.6486,-80.6111,0.3034,-0.1175
215425,0.42,-0.6724,-0.1986,-0.0574,-0.1292,0.1244,-0.1578
215430,-5.1,-2.8872,-0.6601,-1.3126,-2.087,0.4164,0.0247
215440,1.43,0.3634,3.4021,0.676,2.3413,-0.1421,-0.985
215450,0.79,-8.7548,-16.662,-26.6235,-20.4674,0.0025,-1.5885
215460,-3.44,-0.068,0.0151,2.4106,0.6828,0.9456,-0.3483
215470,-4.94,13.5566,6.2996,5.2413,5.8457,0.5889,-0.0305
215480,1.64,-0.0476,-1.1268,-2.145,-2.6018,0.5941,-0.4171
215490,-3.91,-0.1181,-1.06,0.0328,-0.197,0.6184,0.1404
215500,0.34,-1.7412,-0.1242,-0.0461,-0.0394,-0.0098,-0.0728
215510,-0.28,-0.1342,-0.1262,-0.1226,0.0146,0.3786,0.0198
215520,0.61,-1.3389,-6.7362,-3.4011,-1.9601,-0.1567,-0.1735
215530,2.57,-0.0994,-0.1519,-0.3336,-0.2203,-0.1123,0.0061
215540,1.81,-0.1225,0.5029,0.4377,-0.1589,-0.1571,-0.4829
215550,-2.4,0.127,-0.1791,-0.2173,-0.6074,0.4817,-0.7855
215560,-2.5,-25.0148,-19.1207,-9.6897,-10.9143,0.3591,-0.2313
215570,-0.56,-0.0015,-1.9941,-0.5135,-0.1968,-0.3274,0.0003
215580,1.59,-0.0224,-0.4997,-0.2597,-0.1883,-0.7256,0.94
215590,-3.96,-0.2973,-4.9039,-19.6934,-6.1409,0.4454,-0.0407
215600,-2.84,-25.5649,-13.0168,-5.2343,-6.0783,-0.0487,-0.1723
215610,-3.55,-8.8006,-0.6093,-0.4574,-1.2925,-0.0819,0.1606
215620,-0.68,-0.0562,-7.2521,-0.0529,-1.0168,0.2992,-0.5891
215640,-3.46,-21.3116,-120.535,-44.9886,-88.366,1.146,-0.5544
215650,0.0,-1.1179,-7.0023,-8.6461,-12.2366,1.2133,-1.2124
215660,-3.29,5.651,-1.7719,-1.9562,-12.1122,0.2603,-0.0515
215670,0.55,11.9836,0.473,9.3385,9.7813,0.5559,-0.8873
215680,1.18,1.335,-0.1915,0.2791,0.0004,-0.1502,0.4448
215690,-3.62,0.7383,-0.5472,-1.2297,-0.3253,0.6107,-0.0972
215700,-3.88,-7.5239,-0.911,-0.4584,-3.5803,0.3665,-0.1281
215710,-3.95,-0.6603,0.0078,2.1177,-1.5138,0.5903,0.0412
215730,-2.73,-0.0749,-0.0185,-0.0504,-0.0689,0.1624,0.1287
215740,-4.92,0.0024,2.6039,1.4995,1.7612,0.5889,-0.0407
215750,-5.33,0.0149,-12.8999,-1.1275,-0.0412,0.2641,-0.0407
215775,1.08,-0.0989,-0.061,-0.1308,-0.137,0.2421,-1.1352
215885,-1.06,-0.2399,-0.024,0.4408,-0.1289,0.2553,-0.7199
215890,-0.17,-161.7802,-54.3494,-17.464,-48.3185,0.0325,-1.7912
215895,0.74,0.0683,-0.1106,0.0444,0.0116,1.091,-1.1358
215900,1.96,0.1722,0.076,0.8379,1.0931,-0.1114,0.3398
215910,-0.79,-8.4455,-1.1203,-2.5742,-3.0198,-0.8454,0.6254
215920,-2.55,52.6596,48.7396,113.2508,20.1538,0.5763,-0.4047
215930,-5.0,-0.0417,0.0022,0.2433,-0.4641,0.3058,-0.0305
215940,-0.07,-1.0234,-4.5266,-6.0893,-12.3514,0.0624,-0.1506
215950,-3.83,8.8606,5.1726,1.0051,0.8595,0.7092,-0.174
215955,2.03,0.0068,-0.001,0.7302,0.4826,-0.5206,0.6754
215960,1.18,0.4604,0.0002,0.0293,0.2429,-0.1808,0.5855
215970,1.91,0.2058,-0.0011,0.2622,0.0036,-0.3911,-0.1092
215980,2.11,-0.4902,0.0074,-0.0241,-0.1996,0.0932,0.43
215990,-1.41,-0.0021,0.0035,0.5212,0.0823,0.946,0.1916
216000,-4.22,-40.7534,-31.2705,-37.2536,-24.6032,0.2339,0.1488
216010,-3.7,-0.0412,-10.3388,-0.4539,-4.6579,0.7675,-0.7502
216020,-0.45,-33.2344,-53.819,-43.375,-70.9201,0.6718,-1.0442
216030,-0.66,-35.4637,-14.331,-13.432,-9.4647,-0.1622,-0.3501
216040,-4.51,-4.7125,-22.6591,-7.9787,-20.5896,0.4995,-0.1329
216050,0.25,150.9241,50.9374,63.6295,74.95,0.1478,0.1893
216053,1.33,-0.0109,0.038,-0.004,0.005,-0.076,0.7048
216055,1.58,1.9546,0.0546,0.6815,0.4096,0.19,-0.0579
216060,0.12,-0.0251,-0.1539,0.0002,0.0003,0.6624,-0.8504
216070,-3.53,0.5981,-0.493,-0.3263,-10.8809,0.3029,0.0331
216080,-4.3,-21.2334,-12.4994,-13.9359,-11.9422,1.0472,0.1273
216090,0.39,-0.0257,-0.039,0.0965,-0.3927,-0.8831,0.1336
216120,-3.1,-2.1427,-0.2978,0.127,-0.0114,0.6092,-0.0508
216130,1.01,-73.4959,-80.0398,-57.56,-45.8376,1.0274,-1.3321
216140,1.75,0.6497,4.7677,14.2316,1.0313,0.1886,-0.5828
216150,0.74,0.2223,-0.0001,-0.1082,-0.082,0.3702,-0.769
216155,0.93,0.2598,0.0107,-0.0036,-0.0,0.3696,-0.7906
216160,0.49,-0.1519,-1.7331,-1.0064,-0.6179,-0.3189,-1.4772
216170,-3.95,-3.7385,-12.2332,-24.7569,-10.7224,0.8099,-0.7368
216180,2.17,-0.3318,-2.181,-0.0259,-2.6064,-0.1252,-0.0597
216190,0.79,75.4328,46.0522,45.7762,37.4859,-0.3355,-0.1398
216200,2.12,-0.2573,-0.0126,0.0,-0.0847,-0.6314,0.0658
216210,-4.83,-2.144,-19.8416,-18.0695,-18.5516,0.3881,-0.0508
216220,-4.57,0.6857,-0.4163,0.112,0.1761,0.3276,-0.4971
216230,-0.72,0.0289,-0.3549,-0.1085,-1.1167,0.3136,0.8603
216240,-4.06,-42.9919,-120.6491,-57.6348,-60.2377,0.5889,-0.0407
216250,-0.51,3.8779,-0.3252,-1.9002,-0.0284,0.8554,-1.4276
216260,-4.15,-1.2027,-4.4983,-0.1584,-44.1509,0.5363,-0.1609
216270,1.48,2.1359,1.2144,3.1425,2.4109,0.3836,0.919
216275,-0.86,-0.1708,-0.1675,-0.2517,-0.151,0.2037,-0.5874
216280,0.89,0.0006,0.006,0.7707,0.0273,0.2619,-0.2054
216285,0.96,0.1869,0.338,0.1537,-0.0003,-0.0335,-1.4031
216290,1.565,-0.0261,-0.2274,-0.1433,-0.4055,-0.2698,-0.6142
216335,0.73,0.1592,-0.0072,0.5598,0.2567,0.2261,-0.3753
216370,-4.37,0.9635,-1.9958,-0.008,-1.9449,0.246,0.3056
216375,-0.86,0.0367,0.2637,0.0183,0.0925,0.6527,-0.2318
216380,-0.43,-26.911,-0.0635,-0.9509,-0.0529,0.65,0.2025
216390,-5.6,9.5731,-11.3107,-3.0775,-14.3373,0.4341,0.0465
216400,-0.1,0.0051,-0.0085,-1.9456,-0.3452,0.2266,-1.0005
216410,0.86,-0.1036,-0.1329,-3.7998,-0.3339,0.1426,-0.8457
216415,0.91,-0.0025,-0.0808,-0.3371,-0.1999,0.668,-1.6105
216420,0.12,-0.3312,-1.9501,-1.638,-1.2037,0.1186,-0.3683
216430,0.09,0.0175,-0.0611,-0.5717,-0.1687,0.2647,-1.1645
216435,-0.24,0.0337,-0.186,-0.0009,0.0,0.2694,-0.4635
216440,0.38,-0.0204,-0.7625,-1.2087,-0.565,0.311,-0.588
216450,-4.1,0.0777,0.035,0.0264,0.0703,0.7219,-0.3943
216460,1.91,0.7625,0.0045,-0.0159,-0.2349,0.7181,-1.1755
216470,-0.67,-0.0154,-2.0384,-1.5616,-4.8887,0.8167,-1.9778
216480,-4.98,-0.0027,-0.4767,-2.3841,-5.5192,0.5909,-0.1093
216490,-0.86,0.0039,-0.0372,0.0771,-0.1794,0.499,-0.5368
216500,-3.52,-20.5326,-12.9363,-18.9101,-13.2199,0.3776,0.1972
216510,-4.8,-0.1028,-12.5865,-6.1211,-6.5808,0.5693,0.0692
216530,-3.81,0.6516,-0.2954,0.0014,-0.3652,0.4872,-0.0508
216540,-3.36,-0.7212,-12.1795,-4.1028,-42.5065,0.5204,0.0622
216560,-4.64,92.7969,10.4168,32.0672,16.7112,0.7301,-0.135
216580,-3.59,-0.1806,-12.985,-8.2473,-0.1906,0.4549,-0.0407
216585,0.99,0.447,0.022,0.3234,0.0698,0.2213,0.1406
216590,-5.1,-72.2064,-108.5115,-159.7165,-149.1764,0.3493,0.0233
216600,-2.67,-0.075,-0.0102,0.057,0.0516,0.6197,-0.4979
216610,-0.69,5.1015,12.6774,38.7321,17.6038,0.3338,0.1569
216620,-1.93,-2.2269,-0.031,0.0008,0.0903,0.6448,-0.2652
216630,-5.84,2.7601,1.4633,5.244,0.1534,0.599,-0.0407
216640,0.75,-0.0,0.013,0.0037,-0.6198,0.5372,-0.0577
216650,1.82,-0.1339,-1.3441,-5.0725,-4.4609,-0.323,0.851
216660,0.07,2.2208,1.3086,16.7452,21.9431,0.6845,0.0427
216670,-3.31,-0.6275,-36.3981,-5.4793,-17.8256,0.3518,-0.0407
216680,0.9,-0.0059,-3.2533,-1.4046,-1.3098,0.1534,-0.293
216700,-1.44,0.0028,-0.0047,-0.0223,-3.6185,0.0864,0.2489
216710,0.51,-0.4787,-5.4766,-6.1459,-14.358,0.6609,0.0793
216720,0.89,-0.4209,0.5646,1.7349,0.5975,-0.1893,-0.2109
216730,-5.46,-8.1241,1.0542,-0.1912,0.2797,0.3969,0.2429
216740,-3.97,-6.1237,-0.7221,-2.9006,1.0834,0.5369,-0.0463
216750,-0.55,-0.1062,-0.0417,0.4511,-0.0078,0.2684,-0.1507
216760,-2.64,0.4358,-7.5039,0.0617,-1.6464,0.45,-0.6952
216770,1.22,-2.6522,-0.7729,-1.2762,-0.3549,0.0154,0.5087
216780,-1.56,-77.2366,-45.5493,-43.6357,-15.6596,1.9633,-1.1144
216785,1.3,-0.4319,0.0882,0.0003,-0.0253,-0.1623,0.2668
216790,-4.11,-0.3836,3.9092,0.9317,1.5034,0.6841,-0.5651
216800,2.1,-0.0967,-0.066,0.0006,-0.0003,0.1886,-0.1874
216810,0.89,-7.2499,-1.5286,-4.2578,-5.2137,0.398,-0.3818
216820,-4.04,-13.551,-0.7177,0.0014,-0.1397,0.4785,-0.1022
216830,0.7,-0.8676,-4.1712,-4.4108,-7.69,-0.1036,-1.7858
216840,-0.55,0.0019,-0.0131,0.0009,-2.2284,0.6377,0.6228
216850,0.28,-10.9727,-0.9048,-0.2257,-7.0717,0.1873,-0.2613
216860,-5.17,-1.9793,-1.4144,-3.7348,-1.076,0.7554,-0.1924
216870,-4.33,-13.209,-0.0012,-0.0004,-0.0405,0.3658,-0.0407
216875,1.1,-0.1724,-0.8032,-1.0424,-0.5607,-0.1377,-0.6739
216880,-5.07,0.1267,0.668,0.0243,1.5221,0.4041,-0.0305
216890,1.01,-1.2037,0.0117,-1.9318,-4.6316,1.8297,-1.5109
216900,-2.88,1.255,-9.5379,-2.8135,-3.8181,-0.6539,0.4337
216910,-0.71,-1.9347,-0.2582,-2.2892,-5.0019,0.408,-0.5663
216920,-3.11,-0.4473,-18.5381,-2.0943,-40.6811,0.8027,-0.5291
216930,-3.84,-7.5969,-0.8712,-4.234,-0.5222,0.2831,-0.0407
216940,0.91,-0.0204,-0.0157,-0.0003,-0.0019,-0.3277,-1.301
216950,-4.25,-17.1242,-18.435,-24.5207,-22.3846,0.3793,-0.0407
216960,0.22,15.4733,2.2247,6.1439,1.3084,-1.3036,1.1652
216965,0.67,0.0091,0.004,-0.315,-0.0336,0.1115,0.3453
216970,0.71,1.7239,2.8688,5.0061,5.5526,0.13,-0.2605
216980,-0.66,0.0406,0.1026,0.4333,0.0008,-0.035,-0.4336
216990,0.16,-0.122,-0.1227,-0.6387,-0.7473,0.9096,-0.6116
217000,-0.11,-1.1119,-2.231,-3.2029,-2.6484,0.0849,0.1633
217010,-3.68,3.404,-1.1521,-1.0008,-2.9682,0.2237,0.1145
217020,0.02,-0.381,-13.8342,-1.2524,-10.6763,0.2026,-0.7476
217030,0.51,0.1413,0.2209,0.3045,0.3327,0.1848,-0.6851
217040,-0.4,3.1796,-0.0621,0.4411,0.4071,-0.0786,0.1407
217050,-4.55,0.0043,-5.8613,-0.4162,-38.7389,0.4798,-0.447
217160,-0.56,-26.9437,-30.3961,-19.5509,-29.0599,0.9211,0.0141
217170,-0.21,0.9125,-2.4114,-1.313,-1.5037,0.4354,-0.8978
217178,-0.29,-0.2619,-5.8531,-0.2136,-2.5211,0.4102,-0.8299
217182,-2.62,-0.4792,-1.469,-1.2551,-0.6973,0.2633,-0.8453
217220,-4.34,-0.9362,-0.0508,-0.2592,-1.9053,0.5121,0.1939
217340,-1.09,-32.8848,-78.8347,-132.8238,-78.5864,1.1992,-1.5057
217350,-4.05,-9.4472,-11.7243,-16.7273,-10.3718,0.0688,-0.0646
217360,-3.33,-1.0091,-8.6666,-10.0391,-9.1074,0.7513,-0.3589
217370,0.37,-0.9063,-0.9951,-0.1659,-0.2222,-0.153,0.4359
217380,-0.18,-2.6555,-2.0412,-2.6997,-3.8003,0.7154,-1.0303
217390,0.12,0.1261,0.0242,-0.0225,0.0099,0.3448,-1.3012
217400,-0.16,0.676,1.1265,0.4163,0.382,-0.1099,-0.4672
217410,0.01,-0.2281,-0.0547,-0.0502,-0.0834,0.966,-0.2261
217420,0.55,-0.0153,-4.32,-0.9427,-1.5967,0.254,-0.0796
217430,1.02,0.4024,-0.0031,-0.1331,0.0026,0.135,-0.7944
217440,-1.55,3.156,-40.4229,-0.0394,-1.8117,-0.3288,-0.4585
217450,-2.03,-1.1815,-1.8447,-0.3695,-0.8337,0.6088,-0.2447
217460,-3.72,-0.9872,2.1764,0.0392,0.4801,0.5612,0.1643
217470,-3.58,-0.4981,0.0,-6.2407,-0.0482,-0.0649,0.0825
217480,-1.04,2.0447,-0.9026,-24.5341,-6.9789,0.6422,-1.3827
217490,-0.07,0.2514,-1.4224,0.4357,0.0665,-0.76,0.0595
217500,0.89,-0.4745,0.0006,0.0016,-0.0002,-0.823,-0.1908
217510,2.07,3.9618,1.8224,2.6154,2.9908,-0.1281,-0.4886
217520,1.61,0.8545,0.0042,-0.5695,-10.2778,-0.2886,-0.4108
217530,2.13,-0.0009,-0.006,-0.0601,-0.0441,-0.4799,-0.1706
217540,1.98,-0.0021,-0.4469,-0.2436,-0.1611,0.4172,-0.8598
217550,2.07,-0.0556,-0.0802,-0.7438,-0.2913,-0.0307,0.018
217555,1.6,-0.287,-0.043,-0.0113,0.0739,-0.2184,-0.3629
217560,-3.16,0.3775,4.6706,4.0881,5.564,0.6274,-0.7518
217570,-3.0,0.2675,0.9977,0.697,0.5691,0.7356,-0.288
217580,-4.89,0.2305,0.2086,0.7155,1.1493,0.4407,0.0256
217590,-2.4,-1.6984,-19.285,-8.5841,-25.8263,0.0728,-0.252
217600,0.85,-14.0491,0.013,-0.0039,-0.1447,-0.2491,-0.3891
217610,1.77,-0.0323,-0.5792,-2.0791,-0.3339,-0.0163,-0.4927
217620,-3.34,-21.1189,-6.1052,3.3134,-5.1258,0.8278,-0.0869
217630,1.38,0.0295,-0.1585,-0.0238,-0.0003,0.9251,-0.5391
217640,2.76,0.0741,0.0362,0.5808,1.0362,-0.2719,0.0601
217650,0.77,-0.0035,-0.2441,-0.04,-0.1274,0.2635,-0.3697
217660,2.51,-0.3546,-0.1196,-0.67,-0.058,-0.0269,0.347
217665,-4.49,0.0982,-0.0413,2.556,0.0016,0.7213,-0.1781
217670,-2.38,-0.1068,-6.7544,-0.9682,-7.7753,0.5551,-0.8195
217680,0.99,215.5253,265.0366,274.0938,69.8093,-0.0083,-1.2608
217688,-0.47,-2.303,-2.3012,-1.8047,-1.5808,0.1664,-0.535
217692,0.45,0.2762,1.1282,1.6298,0.6436,-0.0751,-0.3111
217700,-1.16,0.9404,0.0861,0.4411,-0.288,0.1775,-0.2221
217710,-0.01,-0.2355,-1.3534,-1.0273,-1.0191,-0.8286,0.0239
217720,1.07,0.1113,1.1506,1.1949,0.732,0.1313,-0.4451
217722,0.85,0.0242,-0.0289,0.0424,-1.7044,1.3748,-0.5333
217724,0.17,-2.266,-5.5947,-1.2657,-1.3562,0.1071,-0.5965
217726,0.53,-0.2804,-3.2664,-4.4091,-1.985,0.3756,-1.1282
217728,-0.21,-5.6921,-9.8836,-9.2555,-11.2791,-0.7032,0.0371
217730,-0.79,-0.0435,-0.0167,0.0821,-0.6415,0.2135,-0.7846
217740,-1.89,4.0693,-4.8036,-5.2307,-2.6562,0.9316,-0.2318
217750,-0.14,-2.3004,-1.9275,-0.664,-0.4261,0.4584,-0.1408
217760,-3.11,3.2199,-3.8629,-11.8233,-1.364,0.2679,-0.184
217770,-1.4,3.0223,0.231,2.6096,0.9686,0.3442,0.0309
217780,-5.36,20.7231,11.4853,35.9336,-0.0004,0.4777,0.1649
217790,-4.21,-0.4142,0.3049,0.2249,0.6537,0.0851,0.216
217800,-0.03,-1.2131,-2.5124,-1.3946,-2.3005,-0.0952,-0.3127
217810,-0.52,-1.0698,-21.6962,-1.1889,-13.1791,0.8889,0.1498
217820,-3.09,-2.4333,-7.7763,-7.6661,-8.3102,0.5535,-0.3116
217830,0.51,0.0017,0.3245,-0.2362,0.0,-0.0182,0.3754
217850,-0.54,-3.1065,-3.8664,-1.5603,-0.3183,0.0894,0.1018
217855,1.57,-0.6288,-0.3277,0.0014,0.0483,-0.6596,-0.3325
217860,-1.49,0.0246,2.9474,3.5123,1.1097,0.267,-0.2144
217870,0.47,3.1457,3.002,13.385,3.912,0.5064,-0.8602
217875,1.11,-0.1186,1.4606,2.6502,1.4676,0.2439,-0.0666
217880,0.43,0.0765,-0.336,-0.0058,0.2273,-0.2357,0.7532
217890,0.23,6.5282,6.6734,0.0742,0.2327,0.2589,-1.1223
217900,-4.78,-18.0774,-7.7772,-34.0163,-20.8762,0.599,-0.0305
217910,-3.45,-0.0507,-0.7711,-20.718,-19.0462,0.599,-0.0407
217915,1.18,0.7001,0.7011,0.3954,0.3587,-0.1853,-0.1235
217920,0.75,1.9786,-0.1873,0.0032,-0.0476,-0.0094,-0.586
217930,1.18,0.4052,1.3007,1.9612,0.8257,-0.2854,-0.5289
217940,1.41,0.4953,0.6612,3.7159,2.4699,0.452,-1.1333
217961,,-0.0358,-0.0111,-0.0,0.0002,,
218000,-5.27,0.0138,-24.8645,-4.2219,-7.785,0.146,-0.0407
218070,-5.02,4.3381,-14.6567,0.0624,-0.5045,0.2821,-0.2382
218188,,,,,,0.3977,-0.9511
218192,-0.45,0.6726,0.0848,0.7341,-0.3526,,
218195,1.63,0.5956,0.0275,0.7823,1.5038,-0.2681,0.3067
218200,-0.92,-6.6694,-9.1121,-22.8928,-7.0052,0.648,-0.0867
218210,-3.64,-0.0185,-0.6701,-0.0016,-0.2483,0.7428,-1.2736
218215,0.37,0.0787,-0.3911,-0.3286,-0.6787,0.1216,-0.6775
218220,-4.05,0.2222,0.2041,0.6834,1.1073,0.173,-0.3213
218230,0.29,0.6907,-0.0013,-0.2858,-0.2884,0.2256,-0.4652
218240,-2.87,-10.7259,-41.29,-5.3938,-8.4448,0.0193,-0.4671
218250,-3.32,-2.1378,-0.9795,-6.5213,-2.113,0.9597,-0.5196
218260,2.05,-0.2672,-3.063,-1.3581,-2.2502,-0.1454,0.0042
218270,2.01,-0.0014,-3.5848,-1.8961,-3.431,0.8993,-1.2814
218280,-2.81,-0.1647,0.2098,0.2415,0.0579,0.4963,-0.2132
218290,0.88,-0.2242,0.0023,-0.0006,0.005,0.8559,-1.5824
218300,1.21,224.9809,79.3014,102.7137,58.3687,-0.3546,0.2117
218310,1.3,0.1437,-0.0075,0.0685,-0.1889,0.2797,0.1079
218340,0.32,-0.0499,-1.2395,-0.6475,-0.0384,0.2418,-0.6584
218350,1.41,-0.0325,0.0179,0.4368,0.6414,-0.6923,-0.3574
218358,-2.35,-0.0651,-0.0338,-3.6172,-5.8026,0.475,-0.0407
218362,1.83,-0.0692,0.0391,0.0887,0.0078,0.1154,-0.946
218370,0.01,-0.1046,-0.0958,0.0014,0.1175,-0.8607,-0.0603
218390,-1.92,-10.5578,-6.0982,-13.4534,-10.7047,0.6067,0.1112
218400,-0.57,2.7797,2.9553,5.7022,0.423,-0.0424,-0.7898
218410,-3.16,4.1073,1.6242,9.0787,0.9271,0.583,-0.0577
218420,-4.29,-1.5083,-2.6242,-5.6512,-2.6726,0.3017,0.0031
218450,0.04,-0.0338,0.1814,0.0022,0.0194,-0.93,0.3044
218460,1.56,-0.3862,-9.2867,-1.8919,-3.3921,-0.3091,0.0166
218470,0.61,0.7826,0.0971,0.616,0.1871,-0.3118,0.012
218490,-5.12,-0.5592,-15.2391,-11.8324,-16.1589,0.4265,0.0098
218500,-0.38,-0.1572,-1.9738,-1.4737,-3.9715,0.8526,-0.1813
218510,1.34,-0.0354,-0.0349,-0.0913,0.0263,-0.1414,-0.6317
218520,1.05,109.5209,177.5625,186.0206,118.4162,2.4883,-1.2631
218530,-0.04,0.2197,0.1803,0.8674,0.3512,-0.4879,-0.2481
218540,0.53,0.0007,-0.2608,-0.1507,-0.6454,-0.2706,-0.3637
218550,-3.52,-7.8742,-39.4509,-35.6423,-32.0977,0.7643,-0.1483
218560,-3.06,-3.0198,-32.0765,-39.714,-29.2599,0.5718,-0.0892
218570,-4.79,-7.9693,-0.0042,-2.9803,-6.2056,0.5715,0.3168
218580,0.94,-0.3809,-0.857,-0.2056,-0.2025,-0.1579,-0.7767
218590,0.43,19.091,6.2126,55.2308,18.9365,0.4406,-0.2467
218600,-3.49,6.6856,3.5097,0.8766,1.4028,0.3163,-0.0647
218610,-5.23,4.3474,1.0597,1.4713,0.0519,0.4779,-0.0407
218720,-0.01,0.0016,-1.9235,-0.2995,-0.0564,2.2499,-1.2683
218730,0.57,1.4864,3.0487,2.2542,3.5688,0.0961,-1.1562
218740,0.97,0.2038,0.0908,1.0165,0.1219,-0.3579,0.1109
218750,0.74,-0.1724,-0.9091,-1.6162,-1.2436,0.3927,-0.932
218760,-5.35,1.0223,2.4736,1.3399,1.6869,0.4263,-0.2654
218770,-4.06,5.4169,21.7189,15.349,14.9315,0.5145,-0.2942
218780,0.69,0.1407,0.0002,-0.0233,0.0012,0.4264,-0.5816
218790,-3.3,0.0101,-0.0013,-0.0472,-0.2416,0.7495,-0.1911
218800,-5.11,-36.4942,-22.9631,-8.3829,-18.1939,0.3776,-0.0407
218810,0.4,-0.0303,-0.1018,-1.7664,-3.6807,-0.4513,-0.008
218820,0.68,0.2861,-1.6376,-1.3144,-0.9519,1.0211,-0.5061
218830,-4.15,-3.9088,-0.3689,0.032,-0.3701,0.7148,-0.1565
218840,-1.51,-3.3346,-3.5574,-9.3983,-9.7542,0.5458,-0.8064
218850,-4.23,-2.5665,-44.9757,-11.0564,-20.4386,0.4132,0.2527
218860,0.51,-0.0232,-0.2377,-0.9602,-0.8561,-0.768,0.5936
218870,-0.74,80.8417,-16.4014,-2.2264,-0.527,0.4689,-0.0407
218880,-3.52,-0.0889,-0.0171,-0.3548,1.0875,0.6179,-0.0771
218890,-1.46,0.1569,-1.0902,-0.0173,-0.0179,0.1876,-0.4066
218900,0.2,-0.1145,-1.1015,-1.4643,-0.6967,-0.2977,-0.5613
218910,1.41,-0.1088,-1.3011,0.6726,-0.3436,-0.2788,-1.1303
218920,-4.4,-0.3003,-32.1225,-15.8322,-18.4531,0.648,-0.004
218930,0.71,-0.0258,0.0177,0.1167,0.164,0.476,-0.9217
218940,-3.92,-4.8541,-0.1813,0.0024,0.5892,0.6017,-0.0433
218950,-4.19,0.1188,-7.1012,-4.8731,-2.6749,0.599,-0.0407
218955,1.61,-28.9437,-3.2215,-0.1022,-1.6197,1.6825,-0.6658
218960,-3.73,-6.4998,-26.2123,-8.798,-37.0609,0.7032,-1.5372
219070,-2.2,4.2694,0.1952,0.086,0.1316,0.3333,-0.5567
219080,-1.78,0.2246,0.2054,0.6925,1.1192,0.4285,0.4309
219100,-3.47,-0.8612,-2.4017,-2.8483,-0.1807,0.3545,-0.0981
219110,1.16,-3.1746,-3.5616,-0.3548,-0.4447,-0.0183,0.2787
219120,2.32,-0.9335,-0.2987,-0.0324,-0.0144,0.4743,-0.8188
219125,1.72,0.0781,-0.001,0.0039,-0.0532,-0.4007,0.2784
219130,-3.53,-0.3578,-4.4404,-0.3564,-22.4407,0.6321,0.4954
219140,-0.86,0.6916,-0.0369,-0.2011,-0.0014,0.5726,0.3513
219150,-4.1,-0.4709,-8.7843,-6.9099,-3.5705,0.4902,-0.3208
219160,1.3,-0.0617,-0.3526,-0.3012,-0.1066,-0.8572,0.0377
219170,-0.98,-8.1538,-10.3404,-3.5871,-3.6021,0.1425,-0.2889
219175,1.04,-1.4198,0.0052,-0.011,0.0081,-0.2485,-0.2822
219180,1.46,-0.1916,-0.0655,-0.0489,-2.3974,-0.1489,-0.4845
219190,-1.68,-4.7069,-6.4991,-4.6127,-6.3868,0.5003,-0.0576
219200,-5.23,-4.7823,-5.4972,-4.2952,-0.7945,0.4537,0.0159
219210,-1.43,-0.8317,-1.1407,-1.262,-0.0391,0.5155,0.2542
219218,1.04,-0.1825,-2.8675,-3.3144,-5.0499,0.1858,-1.3927
219222,1.52,0.7375,2.0672,7.8663,11.0745,-0.241,-0.2228
219230,-0.15,0.0497,-0.0002,0.0816,-0.1156,0.1162,-0.706
219240,1.31,-0.3175,-2.8242,-2.8059,-1.8413,-0.2166,0.1409
219250,-0.09,-0.0091,0.0589,0.2704,0.1148,0.192,0.3591
219260,-0.255,-0.0359,-0.1628,-0.1249,-0.682,-0.0021,-0.2905
219270,-3.53,0.2404,0.2139,0.7543,1.1999,0.4394,0.3223
219280,-2.53,-0.1967,-7.3818,-2.345,-2.453,0.599,-0.0407
219290,-1.3,-1.3427,-16.1851,-14.6641,-25.4761,1.0921,-0.9363
219300,0.11,-0.2148,-1.0539,-0.0824,-0.2255,-0.5885,0.1341
219310,-2.04,-36.4083,-12.1778,-13.9986,-4.7855,0.6396,0.0684
219320,-3.74,-2.1906,0.4332,0.0511,0.3928,0.0852,0.0935
219348,1.4,0.0312,0.3977,-0.5093,-0.3512,0.0765,-0.808
219370,0.31,0.909,0.2928,0.1907,2.3012,0.295,-0.2155
219430,-4.73,-4.5517,1.8191,0.0222,0.7154,0.0582,-0.1362
219440,-5.07,-11.7337,-0.0045,-1.2477,-0.4631,0.5889,-0.0407
219450,-1.2,1.0136,0.0158,7.4919,0.0496,-0.1771,0.2877
219460,-3.7,16.4815,-0.0359,1.5505,0.0761,0.1314,0.2769
219470,-0.47,0.01,-0.0036,0.5859,0.0802,-0.0005,-0.5965
219485,0.18,0.0284,-5.5765,-0.3757,-3.2708,-0.4549,0.1017
219500,0.0,49.0847,1.8945,5.5786,0.2747,0.7667,-0.4064
219510,-4.17,4.0375,0.7239,1.2053,2.4748,0.3714,0.007
219520,-0.04,-0.0031,-16.2492,-0.0568,-0.2552,0.8447,0.011
219530,-0.27,0.2249,-39.3079,-14.0006,-17.6157,0.0306,-0.2729
219540,-4.53,-0.4835,-0.1026,-6.454,-0.1709,0.6692,-0.2427
219550,-4.25,-0.4185,-1.0428,-0.0157,-0.0056,0.2845,-0.0321
219570,2.08,-0.453,-0.2895,-1.0005,-0.6054,-0.1071,0.0054
219590,-4.12,-0.8667,-7.4665,-10.2063,-1.9742,0.4499,-0.2304
219600,0.39,1.7841,0.1797,0.7928,0.2843,0.4229,-0.4968
219610,1.35,-0.1237,-0.097,-0.1025,-0.932,0.2374,-1.2858
219620,1.07,0.3735,-0.6857,0.7013,0.4558,0.3042,-0.2484
219630,-2.78,-6.4272,-3.6677,-5.79,-3.7062,0.4001,-0.4951
219640,-0.83,0.4752,-0.0942,0.0108,-0.061,0.3138,-0.25
219650,0.49,0.0123,-1.2875,-0.0018,-0.0921,-0.7423,-0.0143
219660,0.6,-0.0632,-1.1128,0.0225,-0.1423,0.0512,0.0478
219670,0.63,-0.4105,-0.1435,-0.2535,-1.0953,0.3646,0.2411
219678,-1.1,-0.2646,0.0305,0.0014,-0.0052,-0.1208,0.1657
219682,-0.83,0.7845,-2.1996,0.0295,-0.0065,0.1859,0.2576
219690,0.22,-0.049,-0.3243,0.2275,0.4725,0.0123,-0.8417
219700,-5.43,-0.089,-0.7189,-4.8278,-39.6417,0.6334,-0.1175
219710,-2.03,-55.5104,-18.1941,-22.9068,-20.084,1.2796,-2.4067
219720,-4.24,0.0293,-19.6731,-0.1225,-10.7918,0.3228,-0.0582
219730,0.92,0.3054,-0.0182,0.0981,-0.0004,0.0009,-0.0765
219738,-4.24,0.739,3.4108,0.0961,1.7841,0.5008,-0.2356
219742,0.9,-0.5439,-0.0434,0.2393,-0.2866,-0.0793,-0.0287
219750,-3.51,-10.1098,-0.9451,-0.5719,-0.4954,0.9327,-0.723
219760,-4.19,0.0029,0.027,0.0159,0.0542,0.3907,-0.5311
219770,-4.28,0.1118,-3.8616,-0.5668,-0.5706,0.4166,-0.0407
219780,-4.43,-2.7779,-3.0325,-3.921,-1.5691,0.3318,-0.6435
219790,-4.565,-3.5413,-23.8697,-8.4898,-5.7056,0.5997,-0.0515
219800,-5.49,-10.2399,-2.349,-13.0969,-2.377,0.599,-0.0407
219810,0.69,-22.1344,-0.6792,-2.2337,-3.8837,0.3337,-0.2245
219820,,0.0018,0.0198,0.0108,0.0394,,
219828,0.96,-0.471,-1.1931,-0.424,-1.0663,0.361,-0.9745
219832,-4.03,-4.5956,-3.0489,-2.1557,1.761,0.5908,-0.06
219840,-4.12,10.7096,2.2279,1.2522,1.2122,0.8217,-0.3201
219850,-4.45,-1.0202,-9.4555,-6.6672,-9.698,0.4634,-0.0305
219860,-4.37,-9.3258,-2.0665,-24.7034,-21.5225,0.4817,-0.0305
220025,0.43,0.014,-0.056,-0.0346,-0.3407,0.1159,-0.3138
220080,0.44,-0.1539,-0.2763,-0.3807,-0.13,-0.0077,-0.4512
220090,-3.67,1.605,0.0081,6.8149,-1.3071,0.4585,0.1243
220100,-4.54,-4.5456,1.9586,0.0235,0.4544,0.4007,-0.0633
220110,-3.9,-1.8846,-81.9404,-47.1531,-9.8855,-0.0233,0.0751
220120,-0.3,-0.0001,-15.0458,-2.7329,-8.1714,0.5797,-0.8186
220125,-4.17,-0.1112,-0.0103,-0.0248,0.0085,0.4865,-0.1558
220128,-1.51,-5.0113,-37.1163,-9.7628,-32.0038,-0.1894,0.6423
220132,-4.72,-0.0881,-0.2474,0.0221,0.0212,0.6179,-0.0207
220140,-2.29,-4.6809,-3.8093,-3.7052,-2.1622,0.426,-0.0435
220145,0.57,-0.0242,-0.062,-0.778,-1.1941,-0.538,-0.2677
220150,-2.48,0.5679,0.1403,3.1552,0.0302,0.459,-0.0407
220160,-1.46,-10.1574,-3.2099,-0.4317,-3.6886,-0.7754,0.2949
220170,-0.78,-110.5585,-77.2736,-54.9452,-96.1124,1.0508,-0.8697
220175,-1.58,-0.0065,-1.871,0.0,-0.2198,0.3292,-0.208
220180,-1.89,0.0598,4.8374,9.8287,6.3616,0.778,-0.2529
220190,-3.28,0.1286,-4.1997,-2.029,-5.8138,0.3593,-0.417
220200,-2.38,-7.5962,-1.2046,-11.0058,-15.7896,0.6532,-0.0425
220208,-4.55,4.2989,-4.5161,-7.734,-0.375,0.2961,0.1418
220212,-2.21,15.8773,-0.1432,21.5016,4.1062,0.2867,-0.9844
220230,-0.93,-6.4319,-3.3014,-3.3623,-7.4589,0.27,-1.364
220240,0.9,-0.0776,1.6598,0.8834,-0.0001,-0.0307,-0.4247
220250,-4.99,-0.5938,-11.0035,-5.4775,-3.9817,0.3143,0.003
220260,-0.65,0.2592,-0.445,-1.648,-0.8808,0.28,-0.4583
220270,-3.19,0.0176,0.3162,-0.0002,-0.9238,0.6254,-0.0246
220280,1.54,-0.0004,-0.0336,-0.4222,-0.7166,-0.092,0.5503
220290,-0.16,0.3269,0.4984,0.657,2.6718,0.2504,-0.4945
220300,-4.88,-1.2072,-39.65,-12.2751,-24.9759,0.7814,-0.298
220310,1.73,-1.8402,-0.1399,0.0126,-0.6319,0.2577,-1.0426
220320,-0.08,-34.8062,-25.5689,-22.7274,-18.2398,0.1092,-0.1906
220330,0.4,0.8113,0.1848,0.072,-0.2304,-0.3533,0.0548
220340,-1.25,-0.117,-0.5193,-0.1939,0.0006,-0.2212,0.2053
220350,-3.76,-0.2566,-19.2946,-3.8695,-11.9929,0.5889,-0.0407
220360,-0.99,5.3985,0.7536,9.9427,3.3322,0.8603,-0.4117
220370,-1.17,-11.575,-11.511,-15.0403,-22.9207,0.3971,-0.0064
220380,-0.4,1.8247,0.1083,3.1553,1.9154,-0.1948,-0.0626
220390,0.02,242.8733,40.2137,112.9618,25.637,0.1803,-0.8917
220400,-4.23,-25.603,-6.5646,-14.0663,-6.0939,0.5889,-0.0407
220420,1.23,-0.1686,-0.1795,-0.4357,-0.8592,0.5436,-0.2161
220430,-1.63,-5.3167,-9.3037,-7.3159,-7.2185,0.8021,-0.3826
220440,0.84,0.0026,-7.3286,-0.094,-12.3224,0.4214,-0.2581
220450,-0.97,0.1391,-0.0435,0.0056,-0.0344,0.5862,-0.6439
220460,-0.64,-0.0098,0.0076,-0.0977,-0.562,-0.7683,0.3685
220470,-0.83,0.0001,0.0428,4.7219,4.0993,0.494,0.1304
220480,-4.41,-2.6876,-19.8563,-0.9737,-6.4376,0.2532,0.1437
220490,-2.21,-1.4303,-25.0655,-0.7066,-15.7563,1.0649,-0.2217
220500,-0.44,-6.4933,-1.2756,-0.684,-1.5693,1.12,-0.2759
220510,0.89,0.3403,0.2606,3.6558,0.1268,0.0189,-0.5155
220520,1.41,-0.014,-0.664,-0.9029,-2.0406,-0.1186,0.1032
220530,0.77,-0.6279,-3.0846,-3.5222,-1.1784,0.3842,-1.983
220540,0.3,-0.0002,-0.0064,-0.5425,-0.1581,0.5647,-0.6685
220560,-0.85,0.0001,0.0001,0.0012,0.5121,0.6914,-0.8685
220570,0.68,-0.9543,-0.0185,-0.583,-1.4331,1.3918,-0.6494
220580,1.49,0.0963,1.1463,2.7202,2.1557,-0.7645,1.0265
220585,0.35,-0.0313,-0.2694,0.002,0.0225,-0.0591,-0.0774
220600,0.93,-0.3219,-2.288,0.0116,0.0172,-0.2791,-1.0079
220610,1.23,-0.7021,-7.0169,-2.4883,-1.745,0.6354,-0.6549
220630,2.15,0.0196,-0.0807,0.0571,-0.0252,-0.3046,-0.4052
220640,,0.0369,0.0508,0.5827,-0.0021,,
220650,,-0.0121,-0.0001,-1.055,-0.1176,,
220840,1.76,-0.0004,-1.4744,-0.5343,-1.8063,0.1795,-0.9397
220850,-4.32,-2.8777,-0.0358,0.0071,0.033,0.3197,0.1813
220860,-5.2,0.017,0.0172,-0.009,0.432,0.588,0.0216
220870,0.95,-0.2628,-3.8028,-0.5145,-0.6355,0.9037,-0.8497
220880,-0.68,0.1324,0.03,0.13,0.0603,0.5121,0.1189
220890,2.06,-0.0877,-0.1221,0.0004,0.0023,-0.0697,0.3565
220900,-3.42,0.0077,-0.6,1.0139,0.012,1.2417,-0.7553
220910,-2.05,0.0852,-0.1989,-0.4486,-2.1432,0.98,-0.8053
220920,-4.78,-23.6393,-25.545,-3.42,-5.5734,0.4556,-0.0407
220930,-2.62,-275.8195,-138.5809,-277.8605,-206.7019,0.8366,0.0365
220940,-2.38,-0.018,-73.2291,-1.1981,-26.6087,0.5435,-0.2748
220950,2.13,1.0457,4.0186,3.6138,1.5834,-0.1516,-0.3079
221160,-1.69,0.3489,0.0594,0.0068,0.0026,0.519,-0.0297
221170,-0.25,-18.6855,-0.0196,-0.3445,-0.5356,1.7739,-2.6748
221180,0.93,-56.5503,-11.4916,-0.0168,-5.2669,0.7244,-0.7047
221190,-1.09,-2.9979,-0.421,-0.0424,-0.5762,-0.3155,-0.3703
221200,-1.625,-2.5983,-2.0612,7.6969,-3.4655,0.9984,-0.924
221210,-1.6,36.7683,5.1428,9.8793,6.1727,0.4743,0.1452
221220,0.46,-0.5759,-0.4,-0.2189,-1.3269,-0.002,0.2866
221230,0.16,1.0762,0.7671,8.3032,8.0261,0.2727,-1.0289
221240,1.18,0.495,0.36,1.1427,1.3155,0.0875,0.0398
221250,-4.0,3.2917,1.3119,-0.2233,-0.1438,0.5199,-1.028
221260,-4.44,-5.1507,-3.4259,-0.9996,-0.5471,0.5533,-0.096
221265,0.78,0.0015,0.2133,1.3182,-0.049,0.284,-0.7422
221270,1.24,-0.0436,-1.9752,-2.8236,-2.9927,-0.138,-0.0366
221280,-3.99,-0.5841,-0.0725,0.0451,-3.2019,0.2061,-0.0877
221295,0.86,-0.0057,-0.0096,-0.1054,0.0692,-0.4524,-0.1246
221310,-0.42,-0.123,-0.2642,-0.3129,-0.4165,0.5266,0.0095
221320,-3.6,0.1998,-14.6872,0.5145,-31.8764,0.7001,-0.0407
221330,-3.59,-0.0971,-6.2539,-19.2473,-38.0563,0.5906,-0.0407
221340,-3.74,16.312,-0.0314,-11.3938,-2.1373,0.7768,-0.9957
221350,0.49,0.6914,1.2185,1.8885,0.1717,1.4176,-0.6905
221360,0.41,-40.9714,-30.4752,-32.7457,-35.2024,0.727,-1.361
221370,0.49,0.0988,-0.0502,-0.0385,-1.0592,-0.1237,0.3357
221380,-0.16,6.1545,0.2935,0.002,-0.2213,0.718,-1.5739
221390,-0.9,-0.616,-1.3684,-0.3489,-3.3006,0.2622,-0.6225
221400,-4.45,1.4212,0.0691,-0.1725,-1.1378,0.599,-0.0407
221410,-1.5,-5.9874,-9.4291,-10.2726,-20.593,0.5963,-0.1363
221415,0.92,-1.2689,-5.1849,-6.8557,-4.9539,0.6543,-0.379
221420,-0.43,-0.2687,-1.0755,-1.7985,-1.8249,0.4123,-0.7387
221430,-3.38,1.585,0.002,1.8263,0.7251,0.7447,-0.4923
221440,-3.42,0.0075,-0.2856,-0.027,-0.3474,0.4879,-0.6904
221450,-1.53,1.8393,-0.0541,-0.0935,-0.0426,1.0356,-0.3516
221455,-0.7,-0.0351,-4.3512,-2.9027,-9.8629,0.5126,-0.1923
221460,-0.52,-2.8928,-0.1586,-2.0222,-2.5602,0.022,-0.2661
221470,-1.49,0.7613,0.277,0.1274,0.1055,0.1625,-0.1697
221480,1.76,-1.6717,-0.5923,-0.2114,-0.8168,-0.2486,-1.0276
221490,-0.22,-9.8016,-4.8988,-3.1841,-4.7735,1.8408,-0.5279
221500,-1.34,-10.0706,-0.8701,-2.3812,-1.655,0.4716,-0.6457
221510,-3.28,-0.0039,-2.7866,-0.473,-10.3094,0.3096,0.0126
221522,-3.64,-4.3783,1.646,-0.885,-0.5668,0.1748,0.419
221530,-0.7,-0.5893,-23.7095,-7.5369,-21.2834,0.9889,0.1479
221540,0.08,0.2756,-0.7013,-0.0,-1.0172,-0.3842,0.881
221550,0.58,-0.2125,-1.6365,-0.2382,-1.3243,0.1163,-0.4646
221560,0.5,-0.9353,-13.6147,-4.8303,-5.9712,-0.1355,-0.598
221570,-4.72,-0.1378,-60.1069,-6.6184,-30.1031,0.1908,-0.3461
221580,0.26,-0.3287,-0.9811,-0.8273,-1.3818,0.6903,-0.6305
221585,1.9,-0.4412,-0.0031,-1.0384,-2.008,-0.344,0.378
221590,0.39,-0.7137,-1.0226,-0.4417,-0.1168,-0.0807,0.2986
221600,-3.95,0.1734,-0.1269,-0.8101,-10.9493,0.406,0.0195
221610,-1.69,-3.659,-3.3938,-5.6797,-2.8675,-0.411,-0.2222
221620,-2.8,-0.0604,-1.0856,0.0524,-0.0015,0.7534,-0.9377
221630,-1.97,0.0015,-1.2713,-0.2002,-0.7528,0.335,-0.2894
221640,-1.07,-8.5816,-41.6152,-19.3384,-53.5721,1.1287,-0.6613
221660,-4.4,2.6975,-0.8629,0.3927,-0.1852,0.3714,-0.1918
221665,0.29,0.9516,1.8212,2.8332,0.7803,1.0484,-1.3768
221670,-4.55,-0.9409,-6.1037,-1.0839,-0.997,1.0847,-0.5619
221675,0.24,-0.5528,-0.0914,-0.0686,-0.9189,-0.0169,-1.023
221685,0.25,-4.7933,-2.58,-0.8153,-8.1823,0.4413,-0.0959
221690,-1.99,-64.3883,-129.3932,-114.9906,-48.2967,0.3622,-0.0354
221700,-0.25,0.1064,-0.3105,0.1968,-1.0036,1.7501,-0.5328
221710,-2.04,0.0971,-0.3653,0.079,0.0677,0.6613,-0.1226
221720,-4.33,-4.54,0.0168,1.1383,0.3347,0.599,-0.0407
221818,0.07,0.0013,-0.0771,-0.1131,-0.047,-0.0524,-0.4103
221830,-2.25,2.3492,1.1791,5.6375,2.6333,0.8595,-1.3012
221840,-0.55,-0.1934,-4.9359,-1.2671,-3.5089,0.7343,-1.3163
221850,-4.32,-3.0321,-11.8103,-0.4962,-3.7184,0.5257,-0.0037
221865,-0.48,-1.8874,-3.1907,-6.087,-5.4135,-0.2856,0.8111
221870,-4.35,3.1913,-0.0,0.0194,0.1144,0.4618,0.0805
221880,-1.78,0.306,0.0037,0.2176,0.0293,0.3912,-0.6881
221890,-0.4,-0.0116,-2.3202,-1.8283,-5.2047,0.0092,0.2893
221895,-1.37,-2.4989,-0.0003,0.3202,-0.5861,-0.132,-0.823
221900,-3.76,-4.6806,-2.4668,-4.5977,-0.225,0.3815,-0.3374
221905,-0.33,-0.104,0.0076,-1.0204,-1.0271,0.8278,0.2805
221910,-2.38,-0.0117,-2.5647,-0.0264,-1.984,0.6881,-0.1578
221922,-0.76,-89.8783,-39.3811,-57.666,-13.4175,0.3773,-0.5762
221930,0.29,-0.1016,-14.9239,-7.9711,-18.9163,-0.4187,-1.211
221940,-4.32,-1.7612,-12.4413,-5.5511,-16.2913,0.5083,-0.2094
221950,-6.0,-22.3571,-36.3858,-43.2066,-57.1689,0.599,-0.0407
221970,-1.85,-0.5851,-15.4444,-10.3952,-7.4002,1.0768,-0.5162
221980,-2.25,-3.7141,-19.3751,-0.2215,-13.9911,-0.0481,-0.2148
221990,0.73,-0.0401,-0.465,-0.5655,-1.6347,0.2753,-0.0741
222000,-3.45,-0.546,-9.5756,-1.8541,-9.5262,0.3492,-0.3436
222010,-0.63,-4.79,-5.4668,-2.9913,-1.5742,-0.2605,0.1987
222020,-3.58,-7.6458,-2.0878,-8.027,-2.1502,1.1968,-0.3251
222030,-3.95,0.2743,3.3577,2.9197,3.9668,0.0993,-0.5399
222040,-3.62,-27.9585,-10.9283,-6.5229,-23.8635,0.533,-0.0062
222050,0.65,-16.4305,-11.0252,-14.2687,-4.4415,0.5705,-2.1513
222060,-1.34,-0.2146,-0.4082,-1.1071,-0.2837,0.9544,-0.5822
222070,-0.48,60.8742,22.5373,7.8097,12.0138,0.4146,-1.2134
222075,0.58,0.0304,-0.1327,-0.4006,-0.2044,-0.0251,-0.6325
222080,1.0,0.2401,1.1647,0.6647,-0.0024,0.3401,-0.4973
222090,1.14,-0.0126,-0.7377,0.0003,-0.7933,-0.1038,-0.4141
222100,0.35,0.0119,-0.0509,0.0003,0.3363,-0.4651,-0.0766
222110,1.73,2.987,0.693,2.6832,1.4093,0.3278,-0.5763
222120,-4.99,-0.3152,-3.7868,-0.2177,1.2259,0.5618,-0.0525
222130,-2.89,0.6039,-5.04,-3.9061,-24.2533,0.4706,0.209
222140,-5.27,-15.328,-59.7172,-48.8858,-24.7421,0.436,-0.0407
222150,-4.07,1.2754,-13.1681,-1.3536,-10.1788,0.4905,-0.0604
222155,-1.07,-27.525,-26.7614,-19.7214,-26.611,0.4907,-0.3106
222160,-0.64,0.144,-0.1158,-0.0016,-0.4008,0.3921,-0.3212
222170,-2.93,-367.9533,-299.3067,-187.1675,-215.3886,-0.0194,-0.0772
222180,-3.96,-0.0002,-0.122,-0.0069,-0.019,0.0988,-0.2802
222188,-0.8,0.4886,0.0025,0.524,0.1183,-0.5698,-0.6687
222192,-1.56,-0.2587,-0.3652,-0.0874,-0.2538,-0.0452,-0.4738
222200,-4.07,-6.9553,-2.3573,-1.4118,-1.833,0.599,-0.0407
222210,0.0,-0.0623,-0.245,0.0003,-0.8225,0.2696,-0.554
222220,-0.64,-0.5972,-0.0026,-0.0958,-23.4793,1.6965,-1.2217
222230,-5.39,2.7252,-13.6686,-6.12,-6.0794,0.5377,0.0169
222240,1.49,14.1563,17.6563,25.3379,20.583,-0.2439,-0.2315
222245,1.57,0.8631,0.6667,0.2233,0.1287,-0.2555,-1.1693
222250,-0.78,-0.0852,-2.3565,-0.0019,-0.6396,0.269,-0.9248
222260,0.4,1.5226,8.6107,10.708,8.7221,-0.4486,-0.2145
222270,-0.76,-10.1842,-3.0758,-0.9337,-0.1788,1.436,-0.1689
222280,-3.17,-16.0654,-0.0028,-0.1004,-1.206,0.3002,0.1349
222290,-0.44,-57.5185,-30.1659,-0.8371,-9.049,1.5455,-0.7808
222300,-1.86,0.0012,-0.0,-1.2203,-0.4882,0.4467,-0.4902
222305,-0.04,-1.0642,-0.6663,-0.1181,-0.0195,0.5092,-0.213
222310,-2.87,2.2405,0.8567,0.0221,1.5475,0.757,-0.0205
222330,-0.92,0.0057,-1.2481,-0.1401,-0.0003,0.2718,-0.2191
222340,-1.28,-0.5452,-2.0,0.8614,-0.1826,0.5615,-0.9597
222350,-1.31,-47.0294,-7.4593,-1.6606,-35.803,1.0138,-0.6484
222360,-0.96,-4.9054,-3.3631,-4.359,-10.0175,0.5459,0.3045
222370,-0.07,0.0029,-1.6372,-0.1967,-0.4943,-0.0567,-0.7291
222380,-3.51,18.126,10.0508,5.1208,5.1533,0.599,-0.0407
222385,1.25,-2.4878,-0.3926,-3.2145,-2.3589,-0.0646,0.002
222390,-4.19,-0.1202,-7.7144,-29.2756,-16.4814,0.9578,-0.5489
222400,-0.13,0.0246,-0.0009,-0.0116,0.0652,0.1245,-1.8066
222410,-3.63,-1.4866,-0.1105,-0.4593,-0.025,0.6092,-0.0508
222420,-2.37,-0.0022,-0.0005,0.0636,-0.1596,0.3057,-0.0866
222430,-2.39,-0.1108,-0.2277,0.0,-0.1888,-0.0011,-0.0457
222440,0.76,-0.0457,-0.0216,-0.3071,0.0565,-0.0965,-1.0418
222660,-4.6,-252.4029,-74.1782,-138.5446,-53.4535,0.5602,-0.2001
222700,-0.34,-4.3541,-11.52,-10.7292,-15.6624,0.3746,-0.6953
222710,0.17,-0.0265,-2.6589,-1.3638,-1.3596,-1.0079,-0.4893
222800,-0.7,-3.8233,-2.5725,-0.2331,-1.7773,0.1996,-0.7349
222840,2.25,-0.0339,-0.0979,-1.824,-1.1915,0.098,-0.8852
222850,1.37,-0.5622,-13.8268,-4.8908,-5.9847,0.2216,-1.0475
222860,-4.47,-0.9706,-0.4191,-0.8142,-0.8945,0.4981,-0.2898
222870,-1.54,-0.0169,-21.0424,-17.2641,-7.013,-0.2785,-0.1991
222880,-2.28,0.0317,0.3936,0.0648,0.5861,0.5222,-0.1776
222900,-2.17,45.2087,24.532,43.5133,6.2846,-0.3152,-0.567
222910,-0.97,0.3584,2.1829,0.4246,-0.0192,0.0578,0.9463
222920,-4.58,-0.9811,-1.6207,-0.6585,-2.3013,0.3501,-0.185
222930,-0.7,0.0026,-2.6979,-0.0207,-2.824,0.8848,-0.9178
222935,1.43,-0.0042,0.0053,0.1602,0.0038,-0.1557,0.1475
222940,-0.23,-1.8051,-0.4519,-0.4071,-0.6305,1.0211,-0.8072
222948,0.59,-0.3489,-0.3354,-0.6782,-0.2117,0.1075,-1.0295
222952,1.35,-0.3185,-1.8253,-1.4463,-3.2211,-0.2217,-0.4604
222960,-0.56,4.3757,-0.8887,0.043,0.0,-0.3899,-0.5186
222970,0.45,0.0423,0.1363,0.0001,-0.0349,0.2516,0.517
222975,-0.06,3.1475,1.492,7.9474,2.4937,0.3079,-0.5339
222980,-0.6,-0.016,-0.5303,-0.3954,-0.1385,0.525,-0.4615
222990,-3.84,15.5056,-0.0518,3.5736,0.0113,0.6615,-0.3389
223000,-5.38,-1.668,-11.0225,-0.068,-1.1345,0.5187,0.0639
223010,1.25,0.2425,0.8321,1.217,0.7438,-0.5409,0.1845
223020,-4.64,2.0498,0.7883,-0.2525,-2.1443,0.4787,-0.0206
223025,0.22,-0.0051,-0.2598,-0.0048,-0.0007,-0.0359,-0.921
223030,-0.29,-0.002,0.3726,0.6356,2.1332,-0.5282,0.4954
223040,-4.49,-1.5156,-3.8642,-8.0095,-9.876,0.5653,-0.0309
223045,0.58,-0.264,-0.0235,-0.9452,-2.1395,0.598,-0.5049
223050,-4.19,50.7902,32.6309,38.1839,23.7354,0.504,-0.021
223060,-2.1,-0.5458,-1.1484,-0.6805,-8.1463,0.6064,-0.5646
223070,0.64,-0.0102,0.0034,-0.0251,0.0289,0.8407,-1.4203
223080,-2.95,-82.8848,-51.3996,-23.6362,-39.9868,0.8058,-1.4353
223095,-2.53,0.6617,0.5347,0.8791,0.307,0.1193,0.4517
223110,-1.03,66.2516,17.5455,14.8841,4.2022,1.0364,-0.6818
223120,-0.62,0.5994,8.6265,17.3084,10.0287,-0.0571,-0.3168
223125,-4.91,-2.9261,3.0551,1.1494,0.116,0.5121,-0.0407
223130,-1.72,0.0159,0.4555,0.0264,-0.0059,0.3967,-0.1967
223140,0.21,0.2457,-0.0087,-0.1762,-0.2629,0.1829,-0.2098
223258,-1.22,-0.1892,0.5978,0.4068,0.6303,0.6968,-0.3251
223262,-0.41,0.6738,0.0037,0.3544,0.6898,-0.0659,-0.5235
223270,-4.34,-2.7059,0.1307,0.0092,0.2001,0.4219,-0.1535
223390,-4.82,0.6031,1.968,0.9431,1.2985,0.5788,-0.0407
223400,0.48,-0.1423,-3.7445,-0.7061,-2.7141,-0.394,-0.0831
223410,-4.41,-3.5621,-7.0156,-2.7423,-1.7522,0.2249,-0.1447
223420,-0.47,2.0935,5.3,4.6572,4.0955,0.643,-0.8471
223430,0.66,0.3338,1.1076,3.3396,2.8368,0.5488,0.106
223440,-3.62,-2.1149,-19.7519,-15.8943,1.6207,0.4969,-0.0508
223450,-1.68,4.6779,0.9235,0.938,0.3197,-0.1192,0.2335
223480,-3.9,-0.1716,-0.5444,-0.1022,-0.8498,0.7005,-0.259
223485,-1.49,2.5767,15.7421,11.1046,14.336,0.3273,-0.1593
223490,-4.03,-0.5117,-0.0004,0.0336,-0.6137,0.6718,-0.2193
223500,-3.13,-7.5011,-26.3957,0.3521,-11.6473,0.0861,-0.7862
223510,-1.18,0.0949,-0.0154,0.2334,-0.1568,1.2071,-1.1712
223520,1.1,0.2241,1.5604,0.4718,0.0405,-0.6137,-1.3379
223530,-2.92,-0.0425,-0.4958,-0.2348,-1.6726,0.5548,-0.2131
223540,-2.34,11.6662,-0.002,2.4584,-0.0151,0.2906,0.1695
223550,1.33,-0.3257,-0.3401,-0.6821,-0.5704,0.0028,0.0489
223560,-0.28,-0.5328,-0.9246,-0.0454,-0.0286,0.1113,-0.0516
223570,-3.13,-9.0838,-33.5604,-16.8821,-18.2732,0.7563,0.056
223580,-3.74,-10.9977,-32.7138,-46.5596,-22.9841,1.0287,-0.843
223590,-1.57,0.0094,-0.4271,-0.2241,0.0235,0.1353,-1.0246
223600,-2.78,-2.0014,-1.071,-3.2734,-7.2322,-0.0892,-0.2077
223610,-2.67,-0.337,-14.8111,-3.6687,-29.4455,0.4123,-0.6409
223620,-4.44,-0.0079,0.2435,0.0136,0.2572,0.7556,-0.174
223630,-4.53,-1.2362,-6.8967,-9.6681,-2.5433,0.4822,-0.0407
223640,-0.6,-4.011,-3.0601,-1.327,-4.2961,0.5512,0.0538
223650,-0.37,-7.3544,-6.0009,-9.4405,-9.3962,0.0834,0.0687
223660,-3.06,0.0063,-2.0894,-2.7839,-2.6706,0.4207,-0.2412
223668,0.52,-0.1003,0.0211,0.017,0.0198,0.3387,-0.102
223672,-0.4,-12.3574,-0.3195,-32.9264,-17.0083,0.2571,-1.0413
223680,-0.78,24.5077,0.5596,-0.0002,0.0653,1.1832,-1.0002
223685,1.74,-0.5408,-1.8035,-1.6203,-0.8071,-0.2127,-0.1485
223690,-4.32,0.6194,5.2506,6.4849,3.1077,0.5222,-0.0407
223700,-0.32,0.7212,0.1785,0.2304,0.3255,0.0545,-1.0928
223710,-4.72,-23.5234,-21.8965,-27.9266,-14.7179,0.5446,-0.0508
223725,-0.69,0.1076,0.0181,1.5104,0.3895,-0.4385,-1.6557
223750,-1.04,0.3916,0.0083,0.1247,0.0261,0.5566,-0.3289
223760,-2.75,-0.6087,-41.7498,-39.365,-7.5077,0.2801,-0.0305
223770,0.8,0.0748,0.1957,1.1112,0.825,0.0731,-0.2158
223780,-1.73,-64.5045,-119.586,-62.9724,-78.511,0.3784,-0.4771
223790,0.0,11.8886,3.6526,5.2247,0.6641,1.2128,-0.334
223800,-0.39,-0.0997,0.0896,0.0028,-0.3479,0.6191,-0.3122
223810,-1.49,0.0016,-0.3684,-0.7831,-0.0924,0.4577,-0.0632
223830,1.13,-0.0026,0.543,0.1667,-0.1325,0.5469,-0.0885
223840,0.49,0.0355,0.8814,-0.0066,-0.5339,0.5739,-0.8056
223845,1.03,-0.1058,-0.0829,-5.3967,-3.8117,0.0585,-0.0754
223855,-0.08,-0.0185,-0.1599,-0.0043,-0.4097,0.1316,-0.8435
223870,-0.12,-0.1391,-0.0516,-0.0004,0.0009,0.3854,-1.0522
223880,-2.25,-24.4531,-15.2445,-17.2877,-7.0213,0.7961,-0.691
223900,0.47,-4.4374,-3.5327,-15.8534,-16.6898,-0.3956,-0.2514
223910,-0.11,-27.7288,-16.9486,-17.5332,-15.1812,0.888,-0.8829
223915,0.39,-0.0508,-0.0015,-0.0438,-0.2125,1.1253,-0.8991
223920,-4.41,-40.8732,-49.4261,-57.0327,-69.6851,0.5906,-0.0407
223930,-1.67,-76.8326,-63.5319,-45.0878,-71.4276,2.4365,-1.9576
223940,-4.14,-0.44,-15.6996,-6.0132,-9.4728,0.4683,-0.4025
223950,-2.18,-1.5261,-0.1548,-1.6786,-2.0658,-0.1165,0.1654
223960,-5.08,-0.0583,-0.0386,-0.4077,-0.5284,0.4788,-0.0407
223970,-4.23,4.3481,-5.3368,0.8868,-0.0146,-0.1475,-0.1222
223985,-0.27,-0.0207,0.0002,0.466,-0.0193,-0.1183,-0.6812
224000,-1.47,11.4564,0.1834,1.2661,0.0321,2.3242,0.4762
224010,0.0,-0.0084,-1.4187,-0.1893,-1.9474,-0.072,-0.7669
224020,-3.8,-0.5079,1.4146,0.6191,0.5617,0.6552,-0.1962
224030,-1.47,0.0004,-0.0046,-0.1455,-0.6585,-0.4552,-0.3622
224040,1.07,0.9714,-0.0682,-0.0034,-0.0745,0.1054,0.3339
224050,-3.71,-4.1599,-1.805,-5.952,-21.9958,0.3639,-0.5264
224060,-1.29,-69.2381,-66.2469,-123.479,-114.2375,1.1718,-0.6134
224070,-1.74,0.0,0.4429,0.4151,0.057,-0.5877,-0.3649
224080,-2.25,0.8627,1.0724,1.8627,0.2926,-0.4391,0.5748
224090,-1.24,30.9106,2.112,8.1751,0.9541,0.4659,-0.069
224100,0.56,0.1732,-0.3285,-0.4255,-0.1288,0.4587,-0.5744
224110,1.03,0.4514,-0.4925,0.0034,-0.1795,0.6296,0.6184
224130,1.47,0.8094,0.4282,0.1038,0.0299,-0.0113,-0.5259
224140,0.94,0.7761,0.0386,1.0089,0.2198,-0.1109,-0.772
224150,-3.18,-0.8904,-14.7009,-4.0967,-4.5028,0.697,-0.5223
224160,-2.04,41.5033,4.1776,1.4871,0.5478,0.6587,-0.4437
224170,0.31,-0.5454,-0.2164,-0.3059,-0.9522,-0.2408,-0.1492
224180,-0.06,0.0001,-0.1177,-0.4385,-1.1466,-0.2538,-0.1301
224190,-5.24,-1.123,-73.661,-18.4023,-22.6218,0.1301,-0.1111
224200,-0.03,0.0459,-0.6092,-1.0596,-5.3667,0.2189,-0.7784
224205,-0.47,47.7062,10.6495,5.454,1.1842,0.4375,-0.6899
224210,-0.59,-0.8939,0.0008,-0.0319,0.0005,-0.2641,0.304
224220,-1.5,-19.831,-21.6482,-12.5374,-51.0379,0.8092,0.7927
224230,-5.22,-0.0091,-17.7527,-4.1876,-6.2627,0.5634,-0.2551
224235,-0.66,0.0811,-29.1734,5.5104,-1.1058,0.6817,-0.7872
224240,-3.89,0.0942,-2.1433,0.0204,-1.3609,0.5692,-0.306
224260,-5.13,-0.3918,0.1091,0.0489,0.1215,0.551,-0.0407
224270,-3.75,-200.4515,-102.2432,-135.0118,-90.7121,0.6815,-0.3103
224275,-0.84,-0.0468,-4.3903,0.0247,0.0948,0.3646,-0.5673
224280,-5.19,0.1131,-0.7314,-0.5855,-0.2134,0.5786,-0.0801
224290,-3.68,18.4397,2.885,23.4234,6.1668,0.4917,-0.001
224310,-0.02,0.1248,0.0758,-0.1019,-0.1707,-0.156,0.4134
224320,-4.04,-6.7021,-19.0232,-2.8382,-24.9446,0.6025,-0.0612
224330,0.18,-2.8933,-1.6715,-1.5201,-4.1282,0.0262,0.2668
224340,-3.15,-10.7971,-43.5112,-12.936,-17.6574,0.3904,0.4617
224350,-1.185,8.4646,15.1547,5.3164,12.4332,,
224460,0.3,0.1013,0.5697,0.6476,-0.3171,0.9253,-0.3726
224470,2.17,0.0334,-0.0277,-0.0657,-0.0189,0.2877,-1.3544
224480,-1.32,8.167,0.4481,0.4979,2.3316,0.2313,-0.968
224490,-0.87,-4.5779,-5.6264,-3.6144,-9.2417,0.3347,-0.6012
224510,-5.98,-6.9639,-0.253,-9.5624,-0.5759,0.5889,-0.0407
224520,1.12,-4.784,-4.7151,-3.4523,-21.6494,0.1816,-1.3002
224530,0.31,-1.4984,-21.1939,-10.6149,-11.3425,0.6255,-0.7314
224540,0.2,-3.9892,-4.2356,-3.8494,-3.9954,0.3786,-0.1294
224560,-0.23,0.0004,-11.8905,-3.2297,-7.9868,0.2757,-0.9584
224570,-0.41,-0.0312,-0.1123,-0.0743,-0.302,0.9403,-1.6766
224575,0.3,-0.5836,0.1439,-0.1387,-0.1699,-0.1246,-0.6571
224580,-3.8,-72.6286,-75.9951,-101.6143,-78.5438,0.2708,-0.5937
224590,-4.79,5.7192,-17.102,-14.1172,-8.4734,0.599,-0.0407
224600,-0.13,3.2914,-15.5897,-3.163,-8.9338,1.3479,-0.8821
224610,0.06,-1.2312,-4.4477,0.0201,-3.2493,0.1806,-0.1683
224620,1.02,-5.6542,-1.5594,-0.3914,-1.7863,-0.0032,-1.038
224630,1.07,0.0515,0.2724,0.0811,0.0448,0.154,-0.8608
224650,-3.4,-1.0612,-2.8482,-5.5521,-22.4425,0.7148,-0.1565
224660,-3.02,-0.5398,-18.742,-20.8761,-6.632,0.8951,-0.4249
224670,-0.81,0.0848,-0.1256,1.5145,0.0577,-0.5635,0.0682
224675,0.71,0.0418,0.0001,0.2697,0.0008,0.0982,-0.1743
224680,0.74,-0.0133,-0.0197,-0.7004,-0.0731,1.043,-1.5041
224700,-1.56,-0.0142,-0.8216,-0.2247,-0.6598,0.7522,-0.8307
224710,-0.9,-0.2226,0.0003,-0.0607,-0.0346,-0.009,-0.6303
224720,-3.74,-0.2875,-9.6409,-2.3852,-1.5968,0.599,-0.0407
224730,-2.83,6.7871,3.5004,7.995,1.363,0.4714,-0.0534
224740,-1.12,-0.5321,-0.0949,-0.0016,-5.7347,-0.1163,-0.087
224750,0.78,-0.2234,-0.1495,-0.0378,-0.4988,-0.253,0.2822
224760,0.55,-0.0964,0.0562,0.0033,0.2474,-0.625,-0.8289
224770,,,,,,-0.0472,-0.3347
224790,0.81,-0.2591,-1.6081,-0.8541,-0.5706,-0.2711,0.2495
224800,0.07,-0.0257,-2.124,-1.4211,-1.0923,0.6104,-0.9998
224810,-1.79,0.0212,-1.3322,-1.1403,-2.0759,0.1864,-0.2711
224820,0.71,-2.4562,-1.5614,-1.3383,-5.8224,-0.2065,-0.6756
224830,-4.22,-0.0884,0.044,0.0713,-0.0519,0.1898,-1.2543
224840,0.4,-5.3179,-0.1742,-2.1582,-2.953,-1.2862,0.3437
224845,1.36,-14.7064,-16.9304,-9.5674,-9.4131,0.0277,-0.3295
224850,-4.12,8.18,1.6866,4.4773,2.2026,0.4694,-0.2715
224860,-3.8,-18.4183,-48.0171,-17.5211,-35.3252,0.2724,-0.0407
224870,-0.48,5.9123,-0.0411,6.3422,-0.0241,0.2008,-1.1025
224880,-1.14,0.1191,1.8818,1.1055,0.8687,0.3491,-0.273
224890,1.08,0.01,-0.3375,-0.187,-0.4066,0.3853,-0.5462
224900,-4.02,-5.8248,3.1035,0.0461,0.7249,0.5222,-0.0407
224905,1.2,0.1885,0.4137,1.0638,1.1163,-0.2749,0.3855
224910,-0.25,-0.0982,0.0287,0.0306,-0.1016,-0.4302,0.0616
224920,-4.56,-41.2026,-26.6308,-33.7295,-25.8105,0.3435,0.2991
224928,-3.59,-6.7785,-3.6421,-2.5676,-12.153,0.0818,-0.3459
224932,-0.64,0.2736,-0.8532,-0.0095,-0.3817,0.6046,-0.3508
224935,0.84,-3.9059,-1.483,-3.0261,-4.5226,0.4507,-0.2312
224940,0.19,-2.9541,-1.5659,-1.2182,-2.6057,0.3927,-1.342
224950,1.69,-3.9309,-5.6373,-5.6258,-2.7711,-0.0304,-0.3382
224960,-5.1,0.0012,0.0974,0.0748,0.0112,0.5375,0.0697
224970,0.0,-0.1043,-0.3997,-0.2467,-0.334,-0.7549,-0.9652
224980,-0.4,-0.0093,-1.0869,-2.1475,-3.7947,-0.0522,-0.2295
224990,1.03,0.9987,0.0862,6.0196,2.2886,0.2804,-0.3563
225000,-5.36,-4.3168,-0.0838,-0.8136,-0.2847,0.5889,-0.0407
225005,0.25,0.9609,0.006,0.0229,0.1487,-0.59,-0.4928
225010,-2.69,1.8967,1.719,3.7293,3.1705,0.96,-0.3666
225020,-2.78,-48.205,-59.9817,-70.4484,-42.8207,0.6135,-0.8783
225028,0.57,-0.4379,-2.7416,-2.0529,-4.8941,0.1348,-0.3121
225032,-0.03,-0.0118,-0.2523,-0.6882,-0.3859,-0.3732,-0.5054
225050,-1.58,-1.1752,2.6986,3.1541,2.1778,0.8662,-0.3262
225060,-0.9,1.1516,-0.1647,-0.0,-0.1141,1.004,0.4075
225070,0.02,0.0001,-3.3645,-0.0213,-0.3387,0.2355,-0.2228
225080,-4.15,-1.4651,-7.0106,-2.3809,-9.0843,0.6873,-0.2189
225090,-1.36,3.1375,12.0009,23.686,22.2476,0.2498,0.7502
225098,1.36,-0.0017,-0.3123,0.0421,-0.0331,0.0794,0.4548
225102,-0.62,-0.8906,-1.8347,-1.2233,-1.5339,-0.5734,-0.6619
225105,1.05,1.679,5.2703,9.0183,3.7472,-0.2295,0.2478
225108,-1.57,-0.4033,0.0411,-0.207,-1.2999,0.017,-0.8551
225110,-0.57,-0.1657,-0.0001,0.0002,-0.0218,0.1959,-0.6914
225120,0.64,-3.1977,-6.9752,-3.3082,-19.493,-0.0433,-1.7695
225125,-4.76,0.2219,-0.7043,-0.739,-2.4025,0.7437,-0.4169
225130,-5.75,-0.0093,-2.2606,-11.26,-0.6463,0.599,-0.0407
225140,0.75,-0.002,-0.0219,-1.9199,-3.3807,0.1084,-0.0141
225150,0.53,-71.1848,-2.8944,-18.055,-13.2736,0.3234,-0.6697
225160,2.07,0.1311,0.3495,0.0784,0.9009,0.1599,-0.5023
225170,1.6,-0.114,-0.02,-0.145,-0.0211,0.1113,-0.0934
225190,-1.42,-39.1739,-76.7929,-92.1111,-54.8268,0.7961,0.0159
225200,-2.54,-0.0161,-6.1482,-3.5361,-5.4847,0.0499,0.067
225210,1.36,-0.0,-0.5502,-0.6219,-1.581,-0.0169,0.0309
225220,0.96,-0.133,-0.6368,-0.1201,-0.134,0.1797,-1.1557
225230,-0.64,-0.0038,1.9829,2.6676,1.8326,-0.1131,-0.4949
225240,-3.34,-0.3651,-17.7479,-0.1986,-66.925,0.3277,0.0054
225250,-3.94,0.2918,-2.9355,-2.4876,-10.2373,0.3811,-0.02
225260,-4.16,0.0019,0.0238,0.0122,0.0477,0.5288,-0.3722
225270,-2.75,0.0189,-12.1464,-0.1656,-2.263,0.6436,-1.1194
225280,-0.84,0.2782,0.3508,0.009,-0.0897,-0.1733,0.0561
225290,0.81,1.3138,1.3825,0.9125,0.2971,0.2474,-0.6891
225300,0.68,0.016,0.0,0.0588,0.0112,0.1506,-0.6318
225310,0.89,16.6621,0.0687,0.7887,0.0194,0.3324,-1.084
225315,0.08,-0.0122,0.1096,-0.1941,-0.2064,-0.2291,-0.4222
225320,0.64,-0.2841,-0.4263,-0.6229,-1.8893,1.1628,-1.3198
225330,0.39,4.8468,0.7195,0.0824,-0.0001,0.6981,-0.3717
225340,0.73,-84.9535,-21.4338,-9.8894,-8.3942,0.4325,-1.1415
225350,-0.64,-17.0914,-11.675,-6.4692,-26.722,1.3209,-0.8023
225360,-5.85,-0.1618,-0.2574,-0.407,-0.0989,0.599,-0.0407
225370,0.23,-0.441,-0.0307,-0.3841,-3.5794,-0.8333,-0.4845
225380,-3.96,0.0012,-1.7791,0.0142,-2.338,0.5216,-0.0407
225400,-0.53,2.0956,4.9277,2.7295,4.0221,0.5069,-0.0504
225410,-4.36,-11.952,-37.2736,-17.1629,-9.6877,0.7817,-0.0029
225413,1.71,-6.5267,-23.0762,-18.5611,-4.1338,0.2779,-0.2001
225420,-0.1,-0.7362,-1.1137,-1.175,-0.984,0.0721,0.8401
225430,-0.87,-0.9704,-0.4932,-5.3856,-4.4905,0.1518,-0.6194
225435,0.11,-3.3283,-3.1694,-2.3739,-8.2256,-0.5156,0.308
225440,-5.54,-4.5578,-32.4992,-2.454,-6.128,0.4787,-0.0407
225450,-0.4,1.308,-0.3799,0.1343,-3.2349,0.3936,-0.3325
225460,1.09,-0.0173,-4.7523,-2.4019,-2.2162,0.8791,-1.5511
225470,0.25,-0.2532,-0.9652,-0.3559,-1.1898,-0.1085,0.6068
225480,0.23,-0.0,0.0067,-0.1494,-0.572,-0.1292,-0.5352
225490,1.22,-16.8527,-8.6689,-20.9326,-10.2344,0.5442,-0.665
225500,1.88,-2.5692,-0.3766,-1.6879,-0.7395,0.1362,-0.5929
225510,-4.03,-19.6548,-99.9513,-35.6551,-40.6444,0.3112,-0.0407
225530,-2.94,0.3501,4.0959,4.0143,5.1214,0.4813,-0.0134
225540,2.2,-0.0883,-1.2209,-2.8237,-0.8808,-0.5645,0.1229
225550,-4.01,0.0121,-0.1009,-4.2379,-0.6545,0.4729,-0.0582
225555,-1.2,9.8978,-2.4668,4.0634,-9.3208,0.2617,-0.0949
225560,2.18,-0.0015,0.0147,0.0086,-0.0019,0.1226,-0.3023
225570,0.3,0.0168,0.4589,0.1379,0.2086,-0.2287,0.5284
225580,-4.31,1.0056,0.0326,0.0196,0.9815,0.9983,-0.1581
225590,0.33,-0.337,-4.5853,-1.9652,-2.2623,0.5347,-0.4412
225680,2.38,-0.0619,-0.366,-0.6633,-0.1092,-0.1501,-1.1557
225690,-0.02,-0.578,-10.526,-0.478,-3.8266,0.0736,-0.214
225710,-1.91,-0.0017,-2.1387,0.0,-1.2444,0.2037,0.0722
225720,-3.46,-9.5358,-18.3363,-24.694,-45.2774,0.5948,0.1106
225730,-3.65,-2.7341,-2.3115,-0.0873,-5.3731,0.4286,-0.2517
225745,0.53,-0.7393,-0.2473,-1.5565,-3.2166,0.6017,-0.8868
225770,0.3,-6.2227,-13.0776,-7.4625,-7.1472,-0.0704,0.1343
225780,-2.6,-33.76,-64.5485,-106.27,-121.7837,0.6901,-0.7297
225790,1.98,0.0121,-0.3273,-0.7324,-1.6398,-0.3635,-0.4363
225800,-5.57,-0.2406,-1.2047,-0.0062,2.3753,0.4064,-0.0407
225810,-3.11,0.2551,0.0372,0.0228,0.065,0.4186,-0.0955
225820,1.83,0.1026,-0.047,0.0329,-0.088,0.4204,-1.1332
225830,1.0,1.2503,-1.3336,-0.7746,-0.07,-0.0759,-0.3973
225840,-1.7,5.2117,-0.0564,0.0009,-0.0702,0.6946,-0.7975
225850,-5.02,0.0472,-0.2619,-0.0012,-0.7613,0.2766,0.1228
225860,-1.35,-0.4429,0.0224,0.8293,0.1033,0.1911,0.0734
225870,0.7,0.5119,-0.049,2.2482,-0.0073,1.4728,-1.1931
225880,1.73,-0.7349,0.5962,0.4278,0.1406,0.585,0.0127
225890,-4.63,-1.2257,-0.1918,-0.0412,-0.5174,0.6946,-0.1157
225900,-2.31,-0.9283,-5.0039,-0.8916,-5.2655,0.0044,0.1702
225910,-2.26,-12.2321,-15.9897,-59.0868,-25.0489,0.9388,-0.4153
225920,-2.94,-0.0,-0.0013,2.5592,0.154,0.5715,0.1836
225930,-5.1,0.0061,0.3169,1.603,0.2233,0.2926,-0.0508
225940,1.77,0.0087,-0.9252,-0.862,-0.0586,-0.06,-0.7935
225950,1.3,0.0053,0.1997,0.1592,0.1283,-0.2179,0.0652
225953,0.71,0.105,-0.0211,0.0784,0.0036,1.1783,-2.112
225955,0.97,-0.0839,-3.4028,-2.3412,-0.4216,-0.2878,0.0811
225960,-2.03,-5.8506,-24.6932,-44.6319,-24.8196,0.4892,-0.0305
225970,-4.35,-3.7657,0.0004,-0.5213,-0.0077,0.4884,-0.0305
225980,-4.65,19.2257,-5.2711,-2.7215,-6.679,0.2984,0.0019
225990,-0.98,19.2755,4.3017,18.1451,0.096,0.9538,0.5513
226000,-4.57,-3.5781,-2.248,-2.4373,-2.7261,0.5362,0.7611
226010,-0.24,0.014,0.1377,-0.0036,-0.0136,3.3421,-0.9135
226020,-3.53,-0.0001,-0.7207,-0.006,-0.0933,0.2328,-0.0014
226030,-3.04,0.3994,-0.7914,-4.562,-0.1906,0.5042,-0.1862
226040,-3.25,-61.9228,-96.5605,-121.3916,-69.7379,1.1454,-0.7146
226050,0.13,0.0006,0.1158,0.01,-0.001,0.4678,-0.6652
226060,-1.25,-0.0483,-0.014,-0.1912,-0.6678,0.9614,-0.4845
226068,-4.72,-0.2304,4.1362,1.0971,1.6557,0.4193,0.4535
226072,-0.32,0.0683,-0.3936,-0.0371,-0.0586,0.2395,-0.3507
226080,-3.115,-2.3336,-0.9967,-3.6818,-0.5365,0.4341,-0.0407
226090,-3.96,-13.3187,-36.0805,-13.7091,-56.1282,0.9818,-0.5299
226100,-2.65,0.005,-0.8112,-0.7246,-1.6398,0.3137,-0.0441
226110,-0.98,-0.0392,-1.8002,-1.7314,-1.7731,-0.5651,-0.6769
226220,-2.11,1.1507,-3.3876,0.0121,-0.5605,0.0881,-0.074
226230,-2.36,0.1788,-0.9927,-0.2228,-0.9569,0.3403,-1.4882
226240,-3.33,-0.0784,-0.3575,-0.0,-0.0011,1.0596,-0.9442
226245,-0.06,0.5638,0.0469,2.3725,0.59,0.996,-0.3991
226250,-4.25,-1.6901,-4.373,-1.4621,-3.9647,0.5665,-0.0508
226260,1.49,-18.7577,-2.3375,-3.8933,-0.9899,-0.1147,-0.312
226270,0.23,9.3314,0.1138,6.6501,-0.2418,-0.0677,-0.1465
226280,-4.91,-3.2285,0.004,-0.1317,0.0287,0.4206,-0.0508
226290,1.17,-0.0168,-0.9629,-0.2172,-0.4178,0.5201,-0.1287
226300,0.96,-0.4959,-0.0433,-0.2241,-0.0544,-0.2026,0.2854
226310,1.1,0.535,0.4239,0.5604,0.2939,0.5049,-1.1512
226320,-3.16,-50.0081,-1.9421,-5.291,-3.038,0.0789,-0.0407
226330,-1.89,0.4051,-0.9454,-0.029,0.1616,0.1349,0.0155
226340,-2.56,1.2387,-0.0955,-0.2346,0.0004,0.5989,-0.8128
226350,-0.76,-108.3305,-108.6492,-92.4927,-100.3553,0.1905,-1.8112
226370,0.76,-0.0011,0.0254,-0.0712,-0.1465,0.0388,0.1139
226380,1.98,-28.3223,-17.1295,-16.4973,-2.1121,-0.4863,-0.3814
226385,1.81,0.0003,-0.0003,0.0083,-0.1597,-0.4296,-0.2315
226390,0.04,-33.6269,-8.9043,-16.4727,-26.8683,0.3746,-1.7155
226400,-0.97,2.9882,-1.71,-7.1069,-3.877,0.9484,0.1465
226410,2.47,0.8811,0.0013,0.0003,0.0258,-0.5942,0.4779
226420,1.15,0.001,0.1977,0.2171,0.0051,0.0257,-0.3028
226430,2.39,-2.9541,-0.5302,-1.4732,-0.6645,-0.2075,-0.0912
226440,-0.56,1.0628,1.0691,4.4772,5.4681,0.0098,0.1036
226450,1.22,0.4732,0.1441,0.0137,0.0623,-0.108,0.3841
226460,-3.8,0.0155,0.0005,-0.1973,0.2791,0.8983,-0.4468
226470,1.25,0.08,-0.9708,-1.0369,-1.3529,-0.4098,-0.5014
226480,-0.14,-0.3647,-5.6502,-1.3852,-2.6339,0.4124,-1.0024
226490,-0.85,-0.4178,-1.1263,-0.8498,-3.7135,0.0167,-0.1373
226500,-0.89,-0.0291,-17.0387,-2.2572,-0.7385,-0.0801,-0.626
226510,-4.28,3.4131,0.0354,0.5076,0.0128,0.2635,0.0366
226515,1.06,-0.0324,-0.1323,-0.17,-1.1855,-0.5913,-0.8967
226520,-4.86,-2.4848,-4.4088,-0.6301,-1.7833,0.2913,-0.7199
226532,1.9,0.2886,1.869,1.9192,0.8673,-0.1173,0.1009
226540,2.53,-0.1666,0.1472,0.3622,0.047,-0.2291,-0.0726
226550,-4.82,-0.1946,-12.291,-18.8439,-9.3702,0.5121,-0.0407
226560,-4.2,-0.0058,-14.7624,-4.75,-2.8652,0.2645,-0.7226
226565,0.61,-0.6719,-2.3356,-3.1898,-1.5868,0.4923,-0.3126
226570,2.46,-0.0617,-2.058,-0.5297,-0.9586,0.8054,-0.3743
226580,-4.07,-0.0649,-33.854,-16.1189,-14.4501,0.5436,0.1048
226590,-3.8,0.0073,-2.1749,-0.2031,-3.0955,0.3253,-0.6915
226600,-4.5,-17.7803,-12.3487,-43.7489,-18.8209,0.599,-0.0508
226610,0.49,-0.03,-2.639,-1.115,-1.7663,0.6182,-0.1804
226620,-1.28,51.746,11.1155,59.7858,15.7269,0.4433,-0.125
226640,-0.35,-19.2878,-8.495,-10.675,-6.5824,0.3424,0.3946
226650,-0.96,-0.057,-0.0496,-0.6216,-0.5327,-0.0471,-2.283
226660,-6.49,0.1063,-0.0,-0.0025,-5.8244,0.3573,-0.0407
226670,-3.51,-8.0251,-13.5112,-0.2143,-6.0236,0.7258,-0.6243
226680,-0.24,-3.9134,-0.4352,-0.0663,-0.4463,0.0209,0.0832
226690,-1.59,-4.7147,0.1732,0.1755,-0.0023,0.7317,-0.2152
226700,0.17,-0.3042,-0.5924,-0.6465,-1.9972,-0.7329,-0.9523
226705,-2.16,1.5354,0.2272,-0.0072,0.06,0.4153,0.0911
226710,0.4,-16.8467,-57.7773,-74.0472,-118.9931,1.135,-1.29
226720,0.29,0.0965,0.508,0.8483,0.0918,-0.2214,-1.3627
226730,-4.73,0.7513,6.0382,0.6258,0.7164,0.3527,-0.0305
226740,1.4,-1.1361,-1.2227,-0.2168,-0.9921,-0.176,-0.1654
226755,-1.15,-0.0013,-0.0294,-0.2975,-0.9345,0.4818,-0.3631
226780,-0.15,-6.4598,-1.9376,-2.6042,-0.6718,0.5416,-1.3559
226790,-4.76,-5.9913,-4.375,-1.1062,0.1248,0.2724,0.2872
226800,-2.15,-0.2832,3.9738,0.4899,-0.3731,-0.3423,-0.0812
226810,-3.7,0.1565,5.6693,-0.0386,0.4526,0.6221,0.4296
226820,1.24,-3.9936,-9.853,-3.0462,-5.3967,0.4022,-1.1802
226825,-2.11,-0.4936,0.0615,0.0014,-0.0948,0.3131,0.033
226830,-5.4,14.4627,9.2959,5.8703,11.0689,0.599,0.1433
226840,0.28,-0.206,-6.2929,-0.569,-0.0149,0.7343,-0.5167
226850,0.54,0.0105,-3.4255,0.0068,-0.0787,0.1459,0.4768
226860,1.88,0.0987,0.1842,0.6616,1.2564,0.4748,-0.8781
226870,-4.18,-0.0102,1.011,1.1842,0.7775,0.8037,-0.1565
226880,0.38,-0.0983,-3.5045,-0.7838,-1.2497,0.5675,-0.8106
226890,-4.39,1.8199,-8.0566,-9.3434,-2.3005,0.2639,-0.0114
226900,-2.14,-17.5122,-21.6103,-13.4526,-17.3399,0.557,-0.0108
226910,-0.24,-0.2334,-0.1462,-1.1148,-1.5839,-0.1061,-0.3112
226920,-0.515,1.9598,-0.4877,0.6549,-1.6483,-0.0292,0.2975
226925,0.15,2.0862,-0.1106,0.4521,0.7675,-0.3705,-0.6783
226930,-0.83,0.1729,-2.0256,-3.8236,-9.6481,-0.2471,-0.553
226940,-3.8,-7.5298,-4.9703,-16.1795,-11.9421,0.3753,0.2408
226950,-4.85,-0.5336,-59.4082,-48.3911,-38.1613,0.3573,0.2085
226960,-5.19,-0.4345,-0.0194,-0.0207,-0.0797,0.2929,-0.0407
226970,-3.75,-0.0027,-13.5545,-16.1167,-5.3397,0.5889,-0.0508
226980,-3.72,0.1633,0.1539,0.5253,0.7912,0.3374,-0.0762
226985,1.98,0.1772,0.2424,0.6253,0.1226,0.0599,-0.955
226990,1.41,0.7142,-1.2195,-1.9707,-1.8966,0.0767,0.0776
227000,-3.17,-0.8022,-16.7994,-1.0449,-16.6382,0.9372,-0.5965
227010,0.98,-0.6431,-0.2131,-0.5389,-0.9099,-0.0486,-0.0886
227015,1.5,-0.1528,-0.0779,-0.9906,-4.5854,0.0131,-0.5635
227020,0.87,0.091,0.0948,0.2929,-0.3521,0.2393,-0.9396
227030,1.06,-1.1113,-0.1095,-0.6542,-0.4901,0.1822,-1.7817
227040,-1.1,-1.0757,-0.7695,-0.9329,-0.2204,-0.1607,0.0925
227050,-0.92,-1.3334,-0.7062,-0.8972,-0.9275,0.7797,-1.3059
227060,-1.4,-140.049,-83.4832,-104.5098,-135.2031,-0.0583,-0.5978
227070,2.14,7.5406,7.6761,3.2084,0.1092,0.4839,-1.3332
227080,-0.05,2.668,7.0132,5.3705,5.074,-0.2327,-0.0645
227090,0.62,1.8276,0.7761,0.8942,0.5668,0.0104,-0.8963
227100,-0.26,0.0039,-5.3643,-1.1561,-1.8064,0.2714,-0.8488
227115,-4.04,2.5485,-0.6378,-0.0012,0.8621,0.502,-0.3789
227130,0.87,0.0652,-0.0347,0.1651,-3.8924,0.2903,-0.5501
227140,-2.42,20.5261,9.7851,33.3607,10.475,0.2756,0.4094
227150,1.39,-0.0081,0.0166,0.0007,-0.7109,0.595,-1.8528
227260,-4.52,-0.0012,2.3011,1.1979,1.5093,0.6124,-0.2407
227270,-4.14,-1.0302,-1.5509,-0.0791,-5.7644,0.6156,0.0607
227275,-1.02,-1.9151,-3.4723,-1.9921,-1.5391,1.026,-1.1475
227280,2.14,7.059,0.2346,-0.742,0.0024,0.1964,0.0214
227290,-5.36,3.9243,7.6907,3.2895,4.2682,0.6075,-0.0491
227300,-4.57,-0.5686,1.5022,1.1011,0.7416,0.3557,-0.0051
227310,-4.27,-0.2521,-4.0914,-2.3358,-1.7056,0.0734,0.0389
227320,-2.38,-0.1407,-0.0075,0.0077,0.0017,0.8494,0.0022
227330,1.08,0.0,-0.9217,-1.1523,-3.1647,-0.4449,0.5675
227335,1.87,-0.0016,-1.5659,-0.3689,-0.0741,-0.5247,0.3163
227350,-0.93,0.012,0.1422,1.7468,0.1216,-0.1564,0.0279
227360,-5.9,-25.9705,-0.03,-2.3796,-0.0699,0.5889,-0.0407
227370,-0.18,-0.0048,-0.1962,-0.1627,-0.0417,0.5371,-0.274
227380,0.54,9.1409,2.0061,6.7343,3.1413,-0.4679,0.8541
227390,0.0,14.1202,1.8815,4.7186,4.2634,-0.1686,0.6615
227400,-2.25,0.0629,-0.2692,-0.0064,-0.0994,0.1717,-0.0302
227410,-0.78,0.8343,0.035,0.9755,-0.0096,-0.6291,-0.1517
227420,-6.01,-2.6968,-0.0588,-0.2092,0.0328,0.4289,-0.0407
227430,0.14,1.0559,0.3465,3.2991,2.6245,0.0228,-0.4425
227440,0.99,-81.8321,-159.9598,-168.9829,-168.9821,0.0708,-0.4967
227450,-1.71,-27.3694,-7.7333,-5.729,-24.1,0.5357,-0.8304
227560,-0.72,-51.758,-30.1992,-26.3649,-48.4186,1.253,-2.637
227570,1.42,-0.1552,-8.1432,-3.5523,-2.1438,0.063,-0.3171
227580,1.27,0.0063,-0.1735,-0.0069,-0.0753,-0.1501,-0.0954
227590,0.97,-0.0484,-0.0065,-0.0828,-0.1321,0.2108,0.1782
227600,-5.27,-4.9441,-0.6433,-0.3995,-0.075,0.4019,-0.2992
227610,-3.55,0.5252,0.1332,0.4408,0.8052,0.5222,-0.0305
227615,1.77,0.1501,0.0023,0.0254,0.0573,-0.1751,0.3445
227620,2.47,-1.092,-0.8858,1.4468,-0.7215,-0.4978,-0.4437
227630,2.04,-0.0261,-0.1506,-0.0329,-0.1939,-0.552,0.1874
227640,1.36,-0.3815,-1.8412,-0.9418,-0.6149,-0.4009,0.4571
227650,-0.98,-15.8116,-55.1299,-33.9567,-33.0414,-0.4112,-1.1048
227660,-1.48,-0.6897,-0.1288,-0.214,-0.3416,0.4343,-0.4413
227780,-1.38,14.8031,2.3529,3.7812,0.3447,0.1983,-0.0199
227790,-1.06,4.2136,-37.0521,-0.0837,-4.3228,0.0047,0.1071
227800,-3.19,6.0287,-13.8919,-23.857,-5.7205,0.3293,-0.3522
227810,0.25,-25.6576,-1.6652,-1.3091,-4.6664,0.0198,0.358
227820,-5.01,-9.8336,-4.6897,-1.1214,-1.1647,0.4318,-0.0508
227830,-4.66,0.4713,0.0016,1.5635,2.3174,0.4768,-0.0508
227840,-0.01,-13.2574,-11.2998,-24.8533,-6.624,0.1138,-0.7581
227850,-4.8,-0.0414,4.9753,0.9124,1.8386,0.4688,-0.2238
227860,-4.34,-0.4926,-9.0001,-0.4816,-1.0788,0.4217,-0.6551
227870,-1.38,5.1517,1.9594,2.1662,-0.003,1.8296,-1.2515
227875,-0.64,0.0943,0.7391,2.1497,2.232,0.2648,-0.6602
227880,-1.38,-0.0959,0.0038,-0.1103,-0.0401,-0.1972,-0.507
227890,-5.09,-0.4071,-15.5483,-1.6897,-0.5331,0.4175,-0.3801
227900,-2.94,-1.2737,-0.1777,-0.4375,-0.6113,0.8844,-0.5086
227910,-3.2,-0.0342,-7.2085,-0.0,-0.1123,0.4101,0.0303
227920,-2.42,-2.1616,-15.0065,-2.2476,-13.7811,0.3177,-0.0407
227930,-1.63,0.3833,-0.9263,-0.2975,-0.7751,1.6759,-1.8452
227940,0.58,-1.1737,-0.0842,-0.1007,-0.1992,0.3571,-1.5771
227948,-0.23,9.272,-0.0,7.0869,0.919,2.4964,-1.703
227952,-0.62,-0.8153,-1.9508,0.0131,-2.6315,1.2986,0.152
227960,-3.33,1.801,-27.6612,-4.3356,-9.6056,0.5532,-0.1079
227970,-2.15,-13.0783,-32.8386,-1.6763,-7.0133,0.1689,-0.5587
227980,-3.47,3.9971,0.7958,0.0226,0.0031,0.4502,0.0748
227990,-3.15,5.9868,0.2982,1.7578,0.9267,0.3245,-0.0155
227995,0.4,-0.5037,-0.664,-0.892,-1.2772,-0.6206,0.9849
228000,-3.87,10.7314,5.1689,4.0978,2.7665,0.8711,0.0948
228010,-1.43,2.6902,-0.6089,0.0506,0.2589,0.6917,0.022
228030,-0.65,-0.7096,-0.1508,-0.029,-0.2358,0.365,-1.1673
228040,-1.64,0.9063,0.2835,-0.0,0.02,0.2746,-0.329
228050,0.34,-0.0634,-1.6876,-0.4433,-0.0025,-0.1277,-0.0478
228060,-1.76,0.4391,0.06,12.1685,0.0106,0.5889,0.061
228065,0.92,0.8359,0.9163,1.2338,0.3074,-0.4444,0.4341
228070,-4.21,1.0201,-7.3455,-2.0534,-5.7162,0.4309,-0.1073
228080,0.26,-1.1706,-1.2126,-0.9973,-0.7254,0.1221,-2.0115
228100,-4.67,-0.9269,0.0483,-0.2549,-0.6947,0.5889,-0.0407
228110,1.29,0.1465,-0.0961,-0.006,0.032,0.2079,-0.3386
228120,-4.42,-2.4479,0.4102,0.0472,0.383,0.4767,-0.0407
228130,-3.5,-5.4044,-58.4814,-15.8721,-26.5557,0.3438,0.0426
228140,-0.36,-0.7591,-0.1475,-0.0841,-0.2648,0.3731,-0.6012
228145,1.53,-0.8433,-0.3306,-0.0133,-0.5756,-0.3488,-0.6849
228150,-1.48,-0.0065,-0.0874,-0.1059,-0.2493,0.6696,-0.4342
228160,0.55,-1.0395,-1.1064,-4.2985,-1.528,-0.6273,0.0941
228170,-3.28,-6.0085,1.6639,0.0047,0.3482,0.2447,-0.1212
228175,1.85,-0.0788,-0.2072,-0.2102,-0.9051,-0.1643,-0.2955
228180,-2.07,-9.1171,-6.2607,-11.4589,-10.3887,0.14,0.3304
228190,-5.13,3.1474,-4.8707,0.0982,-0.0207,0.495,-0.0407
228200,-3.04,6.6976,3.9442,1.5504,-0.3032,0.0842,-0.0073
228210,-4.96,0.0029,-0.0038,-0.0,0.6431,0.5863,-0.0407
228220,0.81,1.3575,0.1571,1.241,1.8204,0.4202,-0.1819
228230,-2.06,12.7471,-0.0309,-0.0113,0.5303,1.4658,-1.6661
228240,-0.59,0.3541,0.2191,0.7534,0.6079,-0.4739,0.0287
228250,-3.39,0.5728,-26.9152,-4.8682,-32.501,0.5548,-0.1424
228270,-4.28,-1.4481,-1.5085,-0.1709,-2.3047,0.4808,-0.1234
228280,-0.09,-0.488,-2.8043,1.3977,-0.0296,0.7141,-1.414
228290,0.93,-13.0439,0.0468,-0.0774,-1.1523,0.0673,-0.5943
228300,-1.07,2.3303,0.6781,0.952,0.3477,0.31,-2.9364
228310,0.73,-1.0588,-0.8172,-2.6886,-2.5175,-0.6342,-0.1354
228320,-3.59,-5.4798,-35.6742,-21.1246,-35.0375,0.0453,0.3454
228330,-3.54,-9.5441,-0.8428,-3.0719,-0.2499,0.6497,-0.2812
228340,-3.75,-0.0677,-13.7099,-5.7403,-31.8896,0.5754,0.0229
228350,-4.29,-4.5902,-27.0199,-2.6248,-8.8371,0.4552,-0.6477
228360,1.23,-0.0004,-0.3357,-2.2921,-2.2237,-0.168,-0.2355
228370,0.18,-0.6918,-0.0006,-0.1292,-0.2752,0.2738,0.5021
228380,1.18,0.0633,0.0834,-0.0076,-0.1345,-0.661,-0.9269
228390,0.5,0.0152,0.0117,0.1106,0.0,-0.1049,-0.3185
228395,0.94,-3.39,-2.6713,-4.0505,-2.073,0.2136,0.3032
228400,-0.86,-0.0905,-0.1076,-0.8561,-2.1057,0.6866,-0.0948
228410,0.16,-0.0027,-0.0002,1.2488,0.0123,0.4669,-1.1223
228420,0.14,0.2143,-0.2083,-0.4137,-0.265,-1.2672,0.5355
228430,1.02,0.146,0.0007,0.3927,0.3397,0.485,-0.3009
228440,0.67,-0.2591,0.0022,-0.034,-1.0766,0.0929,-0.6701
228460,-1.0,-16.5515,-0.7665,-0.0041,-1.2296,0.6707,-1.2003
228470,-4.94,0.135,0.6385,4.8982,0.3054,0.4957,0.065
228490,-3.71,-17.0002,-2.5634,-0.6441,-5.6992,0.4599,-0.1341
228500,-0.33,-0.0197,0.0223,0.1105,0.2027,0.1824,-0.9331
228510,0.59,0.0027,-0.0245,-0.2018,-0.2714,-0.3806,0.7411
228620,0.34,-1.787,-0.4684,-1.1429,-0.6889,-0.719,-0.643
228630,-4.48,0.7642,-1.5115,0.0191,-0.4538,0.3689,-0.1102
228640,-1.52,-3.2623,-3.4904,-9.0104,-1.8318,0.2832,-1.0281
228660,-5.35,-0.6256,-2.954,-1.7509,-6.9406,0.4252,-0.0478
228670,-2.85,-5.8749,-3.3166,-17.9108,-27.6112,0.7977,-0.0793
228680,-1.29,-0.0001,0.3085,-0.0065,-2.3432,-0.2256,0.0186
228690,-1.21,-26.901,0.0003,-3.5005,-3.6187,0.528,0.3066
228710,-5.42,0.8939,-4.0713,0.1303,-1.7733,0.4087,-0.0407
228720,-5.03,-0.0024,-5.7167,-2.1257,-9.0894,0.2115,0.1852
228730,-2.58,-1.7824,-0.3649,0.0256,-0.0082,0.3557,0.1115
228750,-4.13,0.2456,2.6505,2.4756,1.2812,0.5259,-0.0949
228760,-4.64,-27.1947,-1.5422,-8.5839,-0.7277,0.2658,-0.2882
228770,0.24,-0.0057,-0.6065,-0.0086,-0.1775,0.5279,-0.6817
228780,1.49,-0.0218,-1.4446,0.0532,-0.3152,0.0926,0.3098
228990,0.99,0.0271,0.188,0.3175,0.5611,-0.1033,-0.1078
229000,0.84,-4.3157,-9.4434,-12.9033,-8.595,0.3683,-0.7246
229005,2.06,-0.1872,0.0044,-0.0184,-0.0109,-0.0852,-0.2163
229010,-0.93,-0.8947,-31.9732,-20.1257,-14.2383,0.7791,-0.6323
229020,-4.09,17.4289,10.7874,7.0749,12.8732,0.4246,-0.0407
229030,-3.87,-0.7876,-2.0131,-0.1988,-0.9706,0.4002,0.0798
229140,-0.04,0.0021,-0.7904,-0.2741,-0.381,1.0685,-1.1251
229150,-0.64,-0.0479,0.0143,0.1578,0.0584,0.3199,-0.0421
229160,-1.38,-0.4283,-4.4143,-2.0731,-6.4797,0.0672,0.102
229170,-0.23,0.0,-0.0163,-0.1919,-0.6618,-0.1746,0.434
229180,-5.05,-1.8844,-7.4375,-28.0484,-5.2663,0.5568,-0.0407
229190,-4.18,0.1628,-25.7377,-0.2583,-0.9571,0.3798,0.4878
229200,-4.39,-5.187,-19.661,-8.4632,-18.0006,0.4341,-0.0407
229210,-1.7,-40.3085,-17.967,-23.7749,-40.9447,0.4036,0.102
229220,1.41,-0.0165,-0.0475,0.0198,-0.0954,0.6596,0.008
229230,2.2,-0.2795,-0.9554,-1.3764,-0.908,-0.2505,0.3202
229240,1.46,-0.1122,-0.1442,-0.0507,-0.0146,-0.4507,0.2007
229250,-4.94,1.9167,0.0138,-0.0291,-0.0094,0.3104,0.0594
229260,-3.52,-4.1586,-45.1047,-4.5506,-50.4386,0.4225,0.0921
229270,0.49,0.156,0.0854,0.1384,0.1641,0.328,-0.0086
229280,-0.55,-4.137,-10.298,-26.4313,-17.0597,0.8899,-2.3208
229290,-1.55,-10.8883,-3.1561,-1.926,-7.5489,0.6181,-2.3412
229300,-2.86,-0.9179,-0.3189,-0.2389,-0.2515,0.984,-0.996
229310,-5.0,0.0027,0.0265,0.0153,0.0592,0.1186,-0.265
229320,0.35,0.0574,0.3438,1.4595,1.5987,0.9744,-1.4787
229330,0.34,0.454,-0.0009,0.8978,0.0201,-0.0078,0.2146
229340,-4.68,0.1541,-26.2886,-26.8349,-6.8373,0.4341,-0.0407
229350,-4.84,-2.419,-19.9656,-1.9643,-8.1207,0.544,-0.0407
229360,0.33,-7.9112,-0.1251,-0.3697,-0.5159,0.0591,-0.1159
229370,-0.16,0.0502,0.091,0.601,-0.0001,0.5888,-0.3128
229380,1.49,-1.4457,-0.3568,-0.9617,-3.7384,-0.0624,-0.3855
229390,1.17,1.0269,0.4818,0.0083,0.004,0.0582,-0.8959
229405,-0.33,0.0336,0.029,0.006,0.0699,-0.3892,-0.9307
229420,0.61,-0.9999,-0.0335,-0.2684,-0.9601,-0.1263,0.6883
229440,0.07,0.1069,-0.0958,-0.105,0.1415,0.3141,0.4956
229450,-3.55,-4.4918,-22.1445,-5.8696,-16.1041,0.46,-0.0637
229460,-2.52,131.9831,56.8096,118.2074,55.1217,1.2276,-0.5135
229470,-1.49,-19.677,-21.025,-5.0205,-7.8208,0.7511,-0.1862
229480,0.11,34.1391,10.3393,16.9136,16.513,0.8273,-1.0304
229490,-4.07,0.8234,-3.421,-2.0861,-0.2007,0.0128,0.1124
229500,-0.58,-0.1519,-0.925,-0.228,-3.2694,0.4271,-0.0732
229620,-4.47,-1.6776,-2.0673,-0.155,-7.7436,0.5889,-0.0407
229630,-3.35,-0.0082,-20.0111,-0.0621,-10.7991,0.599,0.2037
229640,-0.1,-7.1604,-3.4302,-1.7821,-8.9905,-0.4426,-0.0996
229650,0.33,-56.4162,-26.6921,-37.1513,-58.5828,0.4458,-2.4639
229660,-0.18,0.3205,0.0869,0.1063,0.2558,-0.4944,-0.988
229670,-3.75,0.2355,0.2113,0.7349,1.1747,0.3877,-0.0407
229680,0.99,-0.9207,-14.9927,-7.3915,-5.2683,0.1414,-0.2043
229690,-3.91,0.0,-0.3965,-0.0066,-0.0551,0.934,-0.5164
229700,-0.57,0.0506,-0.1761,0.0266,0.0309,-0.1554,-0.5843
229710,-3.46,3.6706,1.7145,1.166,0.2586,-0.0275,-0.8601
229720,-0.39,-1.2556,-1.0001,-0.0065,-0.0001,0.1858,0.2983
229730,1.43,0.0325,0.0005,0.2296,0.4541,-0.0457,0.3619
229740,-5.35,-11.554,-12.8432,-2.1802,-1.6928,0.4378,-0.0305
229750,-4.33,0.0464,-4.0547,-0.2154,-6.7508,0.6079,-0.1451
229760,-3.11,-0.3828,-4.4497,-2.834,-2.3347,0.4686,-0.2401
229770,-2.65,-1.4019,-9.2052,-10.6424,-6.072,0.017,-0.2946
229780,-2.18,-2.98,0.0031,0.2091,-1.0325,0.3526,-0.8054
229790,-4.8,-0.0,-4.2618,0.4707,0.2561,0.599,-0.0407
229800,-3.06,-0.1903,-2.4935,-4.0748,-3.6375,-0.2232,-0.348
229900,-4.29,1.8218,-0.3733,4.3122,-0.4573,0.275,-0.0407
229910,1.42,-0.0497,0.0896,0.7337,0.3517,-0.2315,-0.2167
229915,0.66,0.3084,-0.0478,-0.0074,-0.0003,-0.2817,0.4009
229920,-3.84,-0.1876,-6.7957,-6.0547,-12.6437,0.4993,-0.0322
229930,1.91,0.0193,-0.1146,0.001,0.0084,-0.2055,-0.3494
229940,-3.33,0.0022,-10.0242,-0.4196,-1.6145,0.5541,-0.326
229950,-5.53,0.0017,-5.6947,-3.4933,-4.3264,0.3998,-0.0017
229990,-4.96,-5.9094,-4.0436,-18.5409,-8.1466,0.5581,-0.0407
230000,-5.29,0.0057,2.3741,4.6093,-3.8878,0.5671,-0.0407
230010,-3.85,-11.9539,-7.3987,-5.4944,-4.8623,0.4552,-0.0463
230020,-0.25,-0.2956,-0.1261,-0.0017,-1.9283,-0.0278,-0.1001
230030,0.81,-0.0064,-0.0005,-0.1161,0.0102,0.0704,-0.1759
230040,0.84,-0.0977,-0.5526,-0.3014,-0.0759,0.1176,-0.4454
230050,-4.5,-0.8105,-10.5792,-1.3545,-2.7853,0.7849,0.2225
230060,-0.04,1.0047,2.9398,1.4999,2.689,0.2524,0.2314
230070,2.11,-1.3954,-2.4391,-1.2592,-0.1543,-0.4722,0.0534
230080,-2.3,0.0344,-0.2639,0.0107,-0.0082,0.3325,-0.1526
230100,-3.02,-0.4485,-6.2944,-0.9546,-8.5681,0.1115,0.3267
230110,-1.55,-0.005,0.0,0.1213,-0.0235,0.4407,-0.6296
230118,-0.59,0.0652,0.1011,-0.1785,0.3566,0.8611,-1.1145
230130,-0.58,-0.1359,0.8224,0.5489,-0.35,0.0965,-0.4306
230135,1.0,0.0593,-0.0301,-0.0535,-0.1012,-0.3527,-0.1247
230140,-3.0,-9.9242,-1.5402,-1.8466,-5.157,0.4927,-0.1315
230150,-0.19,-8.4336,-2.5636,-13.8163,-3.2935,0.0799,0.0433
230160,2.11,0.281,-0.0441,0.1124,-0.0001,-0.0056,-0.234
230170,1.4,-0.1813,-0.1191,0.0231,-0.0184,0.0975,-0.4351
230180,2.86,-2.2409,0.0169,0.0189,0.1622,0.0032,-0.8017
230190,1.36,-0.0,2.0737,12.4631,-0.0218,-0.1594,-0.7147
230200,1.56,-3.9299,-5.7462,-7.0228,-7.6798,0.1735,-0.7428
230205,1.14,-2.8426,-6.2486,-1.1111,-9.7607,0.1825,0.0174
230210,-4.7,-15.2939,-3.67,-2.7573,-5.8815,0.1944,0.0344
230220,-4.09,-37.3488,-46.5931,-43.7172,-50.4408,0.6366,-0.1841
230230,-4.65,-56.1951,-15.2919,-6.04,-1.1927,0.4298,0.1645
230340,-1.14,-14.9501,-0.4861,-30.004,-14.1065,-0.2026,-0.3273
230350,-3.25,-150.4842,-10.749,-20.4407,-22.7375,0.5247,-0.0407
230380,-4.61,0.9678,-0.0137,0.0091,0.0992,0.6467,-0.1598
230400,-2.42,-10.8963,-1.7778,-3.5247,-11.2048,1.0454,-0.4806
230410,0.4,0.6795,0.2711,0.0259,-0.0112,-0.522,-1.1824
230420,-5.43,0.64,3.6211,0.4087,0.3805,0.4166,-0.0407
230430,-0.76,-2.2016,-0.1462,-0.9983,-0.9092,0.6896,0.084
230440,-2.49,-0.4262,-0.6909,-2.2674,-1.9988,-0.1051,-0.0209
230450,-4.16,-7.8001,-0.1593,-0.7873,-0.1476,0.4832,-0.0407
230460,-0.35,2.0899,2.1607,0.772,3.0772,0.2271,0.298
230470,2.07,0.872,0.0492,0.0433,0.0272,0.097,-1.2794
230480,2.59,-0.0635,0.2155,-0.0409,-0.035,-0.003,0.1785
230490,-5.81,-17.2142,-5.5319,-6.4726,-3.7197,0.4832,-0.0407
230500,-6.05,-55.4125,-41.6148,-51.0794,-40.8603,0.599,-0.0389
230510,0.27,-2.4014,-1.695,0.0088,-1.8201,0.2906,-0.0733
230520,-1.69,0.0584,-0.1476,0.0,-0.039,0.1629,0.2995
230535,0.39,1.958,1.7764,1.6155,0.4679,0.3993,-0.8339
230555,0.73,0.1956,-0.0071,-1.3177,-1.3816,0.7764,-1.0415
230570,-0.05,-28.0171,-6.284,-24.254,-11.7965,0.7516,-0.8951
230580,-4.11,-0.2143,0.8904,-0.0101,0.017,0.4576,-0.0407
230590,-2.51,-0.1254,-0.0312,-8.5927,-28.2103,0.5211,-0.0593
230598,-1.06,-0.0501,-0.4908,-0.0312,-0.2756,0.0041,-0.4324
230602,-0.94,0.158,0.22,2.0137,1.5939,-0.4005,-0.113
230605,-2.23,0.0189,-0.3984,-0.6841,-0.4079,0.0495,0.1646
230610,-0.73,-0.2707,-2.6275,-0.077,-1.2022,0.6752,0.19
230630,-5.19,-0.1396,-2.9787,-1.6278,-1.3338,0.363,-0.0407
230640,0.16,-7.1072,-8.9003,-10.0106,-7.5549,0.3523,-0.7851
230650,-0.48,-88.0552,-81.985,-91.6583,-104.7182,0.8356,-1.4829
230660,-0.66,-0.0601,-0.0746,-0.1879,-0.618,1.1861,-1.2619
230663,0.16,2.3594,-0.6909,-0.1032,-4.1758,0.3256,-0.1815
230667,-0.73,-0.3829,-1.6891,-0.6107,-3.3412,-0.0073,0.1013
230670,-0.83,-1.7682,-0.8785,-6.3066,-2.6265,0.602,-0.8007
230690,-3.74,-2.0859,-5.5662,-4.5097,-3.8523,0.542,-0.2551
230700,-5.39,-5.6896,-22.3197,-24.5625,-14.3775,0.4064,-0.0407
230705,1.34,-0.7504,0.0041,-0.6846,-0.1296,-0.8824,0.2889
230710,-4.56,8.6938,1.6886,-0.0002,-0.0568,0.4832,-0.1565
230820,-3.19,-0.0176,-17.5245,-21.668,-16.5919,0.8279,-0.0192
230830,-0.44,0.4493,-0.0897,-0.0189,-2.511,0.0514,0.0495
230840,-0.27,2.1894,1.7715,0.1395,-0.0155,0.2846,-0.7629
230850,-0.38,-21.8162,-64.1635,-10.788,-20.823,1.3113,-0.225
230860,-5.01,-0.6528,-6.5115,-3.2335,-1.1237,0.5493,-0.0407
230870,-5.08,0.0051,-17.6686,-5.6157,-11.2235,0.5222,-0.0407
230880,-2.24,-10.0763,-71.7383,-24.2667,-32.1109,0.4192,0.2768
230890,-5.53,0.2922,-0.0012,1.1661,0.4339,0.599,-0.0407
230900,0.28,-9.1914,-5.6672,-3.7564,-1.0208,0.0492,0.0998
230905,-1.12,-0.7689,-1.6614,-0.0217,0.0316,0.3838,-0.0924
230910,-4.59,-2.183,-4.6213,-8.4678,-5.3046,0.3545,-0.1175
230920,-1.6,3.4893,0.5625,7.3013,6.0975,0.866,0.2722
230940,-4.92,1.9483,-0.1923,0.1737,-0.4957,0.3061,-0.1919
230950,-5.08,-3.0729,-15.5884,-18.3426,-49.1194,0.364,-0.0407
230960,-4.69,-0.311,-7.3146,-11.0567,-22.7578,0.5754,-0.0407
230970,1.73,-2.4318,-1.6321,-1.4132,-3.967,-0.2377,0.1951
230980,0.21,-0.1816,0.1192,-0.0001,-0.0,0.7358,-0.2991
230990,-4.76,-0.4689,-4.3316,-1.7528,-7.0012,0.1631,-0.2376
231000,-2.33,73.4895,9.2107,0.2064,2.6762,0.3438,0.0651
231010,-3.5,-7.3799,-0.717,-2.7175,-0.8593,0.5804,-0.0133
231020,-2.96,-3.1161,0.0005,-0.7954,-0.0932,0.0445,-0.0439
231030,-5.61,7.4373,2.72,17.7795,6.3406,0.4618,-0.1709
231040,-3.79,-1.4704,-6.4922,-7.1081,-4.0202,0.3905,0.3808
231055,0.08,0.0194,-0.0039,-0.211,-0.2897,-0.1461,-0.9552
231060,1.51,-0.0099,-0.1421,-1.2562,-0.7292,-0.0617,-0.0055
231070,0.22,-0.023,0.0784,-0.0928,-0.2866,0.3569,-0.9806
231080,-5.77,0.0022,0.7088,0.5573,1.3599,0.0422,-0.0161
231090,0.42,0.2924,-0.469,0.0591,-0.1742,0.0076,-0.1939
231100,0.21,196.8828,58.4921,81.7131,10.9748,1.5394,-1.3377
231110,0.39,1.2375,0.7356,1.3213,0.1026,0.0347,0.111
231120,-3.39,0.0668,-3.0111,0.0272,-0.3872,0.5492,-0.0407
231125,0.22,0.0678,0.0682,0.1085,0.0977,0.1877,-0.9482
231130,0.08,-0.0831,-0.0057,3.8508,0.1972,0.9034,-0.0313
231140,-3.46,0.2501,-1.6134,-0.2701,-3.8026,0.599,-0.0305
231150,-5.21,-0.0012,-2.3855,-0.0682,-31.6715,0.599,-0.0407
231160,-1.6,0.0237,0.5346,-0.001,-1.2594,1.8919,-1.9894
231170,-6.28,0.2412,0.2143,0.7942,1.204,0.3957,-0.0407
231175,1.83,0.0563,0.1091,0.0996,0.0067,0.0033,-0.2412
231180,1.78,-0.1493,-0.0751,-0.1196,-0.0696,-0.007,-0.2271
231190,-3.59,-10.7675,-1.3061,-2.5223,-1.5266,0.4621,0.189
231200,-4.0,-98.2905,-65.1976,-63.4816,-78.5988,0.6601,0.0837
231210,-0.5,-265.4441,-138.8809,-180.1469,-152.8308,1.0146,-2.9548
231215,-0.25,77.3758,48.6309,9.7443,12.6307,0.0599,-0.1049
231220,-0.55,186.7194,3.8015,0.4228,11.487,0.0045,-1.8876
231230,-0.13,-0.0034,-0.2337,-0.1098,-0.1411,0.0818,0.1235
231280,-4.13,-5.0663,-28.1776,-9.0656,-43.5831,0.5889,-0.0407
231350,-4.57,-1.7594,0.0049,-0.2419,0.0031,0.599,-0.0407
231360,-3.05,-3.8925,-30.3277,-7.7782,-8.1143,0.5203,-0.3481
231370,-4.05,1.7098,-0.057,0.0079,-0.9925,0.5616,-0.0407
231380,-4.42,-18.8672,-72.285,-34.0778,-49.1196,-0.0493,0.5024
231390,1.21,-0.9021,-5.7587,-5.1247,-4.4656,0.6924,-1.2178
231400,0.385,2.2134,3.5396,4.5065,1.0714,0.3744,-0.4589
231410,-5.37,-0.1196,-1.3822,-0.8888,-1.326,0.3399,-0.0407
231420,0.65,0.0083,-0.0067,0.063,0.0,0.2785,0.2352
231430,-3.45,-1.1565,-0.0303,-7.6839,-5.0612,0.9353,-0.2114
231440,-1.65,-0.7007,-11.7108,-8.608,-32.97,-0.6087,-0.1978
231450,1.17,0.2745,0.6749,3.3046,0.6864,0.0122,0.1482
231460,-3.32,1.7105,-1.1317,0.1766,-0.0264,0.5334,-0.0407
231470,0.65,-0.0341,-1.8503,-0.5109,-0.6183,0.4969,-0.5409
231480,-1.55,8.7078,-7.7091,-2.919,-4.5983,1.7259,-0.8362
231590,-4.36,-5.2912,-21.6837,-4.8889,-15.2074,0.4922,-0.2174
231600,-2.41,-0.0802,-0.6837,-0.2158,-0.6079,0.2296,0.2248
231605,-1.56,-6.3242,-5.1601,-5.2521,-11.0236,0.7203,-0.3013
231610,0.66,-0.1737,-0.9745,-0.406,-0.6741,0.3494,0.0935
231620,0.35,0.0483,-1.5983,0.0052,-0.3374,0.0981,-0.1932
231625,0.57,0.2378,-0.004,-0.0043,-0.1968,-0.1496,-0.0779
231630,-4.52,-2.136,-11.7505,-1.5617,-2.1206,0.2717,-0.0083
231640,-4.0,1.1597,-1.7311,0.0371,-0.0126,0.5967,-0.4279
231750,-5.09,-0.1191,0.1107,0.0845,0.2201,0.7466,-0.9409
231770,0.65,0.3071,-0.3494,0.03,0.1328,0.262,0.0701
231780,0.96,-0.0112,-0.3903,-0.9175,-0.8003,0.0171,-0.0916
231790,-2.62,-52.8877,-57.7547,-41.7167,-44.6374,0.2063,0.34
231800,-3.48,-1.7263,-2.0967,-2.3307,-4.5371,0.4766,-0.6287
231815,-0.02,-0.0904,-1.2851,-2.6541,-2.0758,0.422,-0.901
231840,-0.81,-0.2698,-34.1432,-2.7829,-35.4863,0.414,-0.0706
231850,-4.39,-11.0256,-3.2585,-4.4625,-0.8122,0.5047,-0.0305
231860,0.5,0.5955,1.1799,3.1277,0.3975,0.2762,-0.1698
231865,0.96,-2.2331,-4.8647,-2.7377,-2.2193,-0.1427,0.3046
231870,-0.69,-0.0097,-2.8652,-2.1613,-3.0369,0.1579,0.0413
231880,1.32,-0.0615,-1.9551,-2.0355,-2.0928,0.2766,-0.309
231890,-1.91,-1.919,-0.0066,-6.1002,-18.5651,0.8706,0.0946
231900,0.62,-0.0024,-0.0202,-0.5432,-2.6551,0.0507,0.8713
231910,-3.94,1.6599,13.184,17.4574,3.3018,0.4949,-0.0407
231920,0.4,-6.7243,-0.353,-0.3932,-0.9817,-0.644,-0.538
231930,-1.24,9.4426,1.8939,7.5246,4.1049,0.5827,-0.6051
231940,0.55,0.7852,-1.1398,-2.2005,-1.2473,0.8225,-0.8518
231950,1.13,0.0016,-0.003,0.2132,0.4766,-0.2399,-0.0726
231960,1.48,-3.5027,0.3404,0.1393,-0.8815,-0.4524,0.3055
231970,-3.84,0.2537,-0.6536,2.5419,-0.0619,0.5429,-0.024
231980,-0.15,-55.3294,-85.4126,-36.2063,-61.8428,0.7184,-0.1781
231990,1.29,-0.3465,-0.6203,-0.039,-0.0982,-0.229,0.4568
231991,0.54,0.4249,0.5974,1.9114,1.2246,0.1515,-0.9246
231992,0.77,-0.1183,-0.0779,-0.1146,-0.1075,-0.0268,0.2386
231994,1.47,-15.8695,-4.1423,-1.3104,-2.8005,-0.2439,-0.6847
231998,1.46,-0.17,-2.0865,-0.4101,-0.5231,-0.1776,-0.3668
232000,2.29,5.4562,0.2587,2.9353,1.3918,0.2188,-0.4615
232010,-0.65,-4.2484,-2.0965,-4.2284,-4.0357,-0.1013,-0.3936
232020,-0.2,-31.6044,-7.0227,-17.5985,-16.4358,0.0924,-0.4977
232030,1.13,0.0001,0.0101,0.3554,0.3254,0.1006,-0.3345
232035,1.1,-1.5133,-1.9229,-2.1067,-2.0059,-0.0341,-0.8299
232040,0.24,-1.002,0.0029,0.0002,0.2369,-0.0291,-0.548
232050,-4.16,-4.7036,-4.9301,-1.1242,-4.8158,0.5222,-0.0305
232060,0.66,-4.6001,-0.9867,-0.8273,-0.3336,0.4125,-0.8305
232080,-3.67,-53.4812,-37.3381,-26.7882,-74.3883,1.0384,-0.3141
232090,0.87,-12.9338,-2.5954,-0.5968,-22.0283,-0.2169,-0.7583
232100,-3.5,-2.4624,-44.9685,-10.7875,-6.2585,0.5011,-0.0407
232120,-2.36,-2.1483,-0.0574,-0.3694,-2.9971,0.4968,0.2819
232130,-0.82,3.22,0.16,1.6061,0.7805,2.127,-0.199
232140,0.2,0.0921,-0.0267,0.1491,0.0656,0.161,-0.5333
232150,-4.32,-0.7692,-4.2259,-15.0435,-0.8766,0.3651,-0.0407
232160,-1.52,-3.1697,-0.5477,0.0162,-0.0082,0.2759,-0.5911
232170,0.23,0.1381,-0.0256,0.4954,-0.0373,-0.0774,0.0071
232180,-1.57,2.8743,0.1676,-0.2373,-0.0049,0.5047,0.125
232190,-5.57,-0.0161,7.2954,0.7293,0.7804,0.4556,-0.0508
232200,0.73,-2.1204,-0.1051,-0.0122,-0.5377,-0.5141,-0.1748
232210,-3.57,-18.4448,-2.0292,0.0301,-7.9073,0.5889,-0.0407
232220,-4.0,-0.5023,-3.7041,-5.2523,-4.4097,-0.0718,-0.2961
232230,-4.23,-8.9587,-2.4265,-6.4331,-2.8615,0.5222,-0.1202
232240,-5.42,0.2748,-5.5158,-0.0004,-10.9818,0.6483,-0.0037
232250,2.08,-14.8314,-5.6963,-8.8003,-5.5663,-0.2942,-0.2455
232260,-2.47,0.059,-7.3835,-26.9104,-46.492,0.5736,-0.0407
232270,2.46,-0.0035,-0.0009,-0.1384,-0.2971,0.5342,-0.2005
232280,1.22,0.53,0.2254,0.2509,0.0289,0.3878,-0.3484
232290,1.17,-1.5935,-0.9783,-3.1828,-0.8387,0.2617,0.0641
232300,-4.37,0.2118,-0.0086,8.0046,0.5448,0.5127,-0.0446
232310,-0.61,3.2373,0.7511,2.3104,0.3265,0.6983,-0.5489
232320,-2.75,0.1543,0.1201,0.2561,0.503,-0.0121,-0.4094
232340,-0.25,12.9933,0.0829,0.0581,0.4428,0.9305,-0.5222
232350,0.78,-0.0515,0.572,-0.006,0.0196,-0.3614,-0.217
232360,-0.13,-0.0673,6.8244,8.2897,2.231,-0.0222,0.2766
232370,-0.62,46.8921,-0.0188,6.4844,2.2341,0.2216,0.9007
232380,-5.42,0.0472,-0.0444,-0.1374,-0.0245,0.4832,-0.0407
232390,-1.9,-22.0948,-5.2769,-12.6562,-6.9992,0.4286,0.7327
232400,1.79,0.1269,-0.2762,-0.0005,0.0008,0.2972,0.0688
232410,0.99,-0.3875,-0.5081,-1.5621,-1.5396,0.4453,-1.5555
232420,1.92,0.0705,0.023,0.2635,-0.0857,0.3586,-0.888
232430,-6.52,5.6813,0.1008,23.5101,1.6179,0.5121,-0.0407
232440,0.34,17.2127,0.0437,0.0732,-0.7994,0.1753,0.0776
232450,-2.09,-2.7082,-20.8475,-7.2921,-4.9781,0.4564,0.1687
232475,1.1,0.0092,-0.0157,0.243,0.02,-0.5222,-0.5833
232500,0.93,-34.1404,-5.6348,-12.0453,-31.9163,0.8777,-1.3527
232510,-1.38,36.5389,11.9167,36.5874,10.2931,-0.0121,0.1955
232520,-5.05,-4.9557,-11.195,-6.0997,-9.4894,0.2243,0.0751
232530,-3.34,-0.9081,-6.6326,-3.9359,-3.9341,0.6641,0.0927
232540,-3.62,-0.4537,-14.8615,-0.5503,-1.1445,0.2125,0.5308
232550,-0.66,0.4687,0.0179,-0.2698,0.0819,0.6675,0.854
232560,-0.41,-12.121,-22.1308,-58.6764,-17.519,0.5909,-0.7634
232580,1.24,0.0543,-0.001,-1.1023,-0.5837,0.2384,-1.3923
232590,1.19,-0.0102,-1.1783,-2.362,-0.7147,0.9647,-1.3421
232600,0.44,-0.0125,0.3935,-0.0284,-0.5496,0.6484,0.0961
232610,-1.84,-21.2856,-34.4105,-91.5489,-95.9105,1.0012,-0.7457
232620,-0.13,0.0,-2.3654,-0.001,-1.7415,0.4776,-0.292
232630,2.49,-0.3018,-0.6742,-0.0523,-0.6446,-0.1693,-0.6678
232640,-3.99,-5.5804,-10.3511,-9.3593,-43.8463,0.3515,-0.186
232650,1.4,22.4344,40.4635,66.9658,52.737,0.5999,0.9535
232655,2.21,-2.8504,-3.094,-4.2575,-2.1734,-0.1885,-0.5548
232660,1.67,-0.0008,0.0015,-0.0759,-0.0233,-0.0287,0.2134
232670,1.53,-308.6106,-122.3275,-140.6437,-72.4823,0.3019,-3.3323
232680,-2.41,-0.5741,-63.7423,-1.7272,-3.3891,-0.131,0.324
232690,1.12,-0.1043,-0.5372,-0.0596,-0.0016,0.1001,0.285
232700,1.91,0.4736,0.8619,0.33,0.1103,-0.1934,0.0508
232710,-4.09,-0.4108,-0.0897,-0.2401,-10.8489,0.5724,0.3903
232720,0.53,0.6442,-0.8591,-0.1264,-0.6634,0.4057,-0.9854
232730,-0.76,0.015,1.0195,0.0407,-0.196,0.6684,-0.0745
232740,0.12,-0.7934,-0.6952,-0.9408,-0.1232,-0.0778,0.2051
232750,-0.35,-3.4073,0.0552,0.0011,-0.7179,-0.2,-1.0399
232760,-0.55,133.6798,80.4426,73.8725,19.158,0.8872,-0.4543
232770,0.39,-0.0517,-0.0794,-0.6823,-0.4981,0.7098,-0.9215
232780,-1.88,-1.0191,-65.6215,-32.1134,-29.4264,0.8029,-0.1766
232800,-1.98,-49.9906,-37.851,-18.8113,-4.9763,2.3995,-2.6326
232815,-3.64,-60.5111,-36.0725,-50.7872,-28.7212,0.1079,0.1846
232830,-3.73,-17.1753,-5.0597,-5.5474,-7.5413,0.3452,-0.0563
232840,0.49,-0.1862,-0.021,-0.0001,-0.3869,0.0524,-0.1515
232950,1.14,0.1993,0.1483,0.3237,0.2825,-0.8017,-0.3824
232955,0.88,0.1862,1.2657,-0.008,-7.6582,-0.2802,-0.007
232960,0.42,24.6506,23.8385,21.1362,25.2811,-0.0619,0.4377
232970,-3.94,-2.7361,-6.8905,-6.4432,-21.5652,0.4997,-0.366
232980,-3.17,-0.5902,-1.9894,-0.3664,-7.7095,0.3624,-0.0407
233000,-4.24,-6.5735,-0.0076,-0.0705,-5.1479,0.4353,-0.0508
233010,-1.53,-59.0505,-4.8613,-15.8837,-6.5941,0.5117,-0.9611
233020,-2.66,152.2788,85.3967,35.6799,27.3639,0.5148,-0.013
233030,-0.19,-2.3829,0.1663,-0.0155,-0.3007,0.029,0.3126
233040,1.22,-0.0067,-1.5214,-1.4757,-1.9597,0.3082,-0.6024
233050,,,,,,-0.0273,-0.9812
233065,-0.65,-0.3613,0.1904,-0.0122,-0.6276,,
233080,-4.9,-0.2569,0.001,-2.2088,-0.0053,0.5156,-0.3222
233090,-2.19,-0.3449,-0.0092,0.0864,-0.0018,0.7351,0.0667
233100,-4.52,-0.3332,0.0048,-0.2529,0.0224,0.8066,-0.2584
233110,-1.21,-9.2717,-3.8204,-6.2133,-0.2893,-0.4629,0.5382
233120,-3.38,-0.3492,0.0012,0.3112,-0.1881,0.3407,-0.63
233130,0.04,-2.0308,-0.7579,-0.529,-1.245,-0.4747,-0.7042
233140,-4.26,-10.8203,-0.914,-1.219,-0.6892,0.8529,0.0554
233150,1.55,-0.0061,-0.0214,-0.8286,-0.0552,-0.0724,-1.2414
233153,0.43,0.4817,-0.6834,0.3853,-0.156,-0.1281,-0.6686
233157,-0.61,-7.1268,-6.2928,-0.5476,-0.3439,0.1873,-0.5246
233160,-1.81,-38.6772,-25.9619,-26.9835,-102.2745,0.7075,-0.116
233170,-3.72,0.0035,2.6671,1.4925,1.7972,0.5758,-0.2833
233180,0.77,-0.0956,-0.0007,-0.047,-0.3437,-0.6265,0.515
233190,-4.4,-0.4426,-23.7607,-0.2898,-3.2623,0.5005,-0.0407
233200,-1.48,-0.0271,0.1861,0.4982,0.0475,0.7915,-0.9249
233210,-0.67,-5.8728,-1.946,-2.4284,-0.1584,0.3645,-0.7279
233220,0.93,-0.0531,-9.7099,-2.8224,-10.4771,0.8273,-0.4267
233230,-4.63,-0.5825,-1.8301,-0.358,-0.4548,0.4739,-0.0407
233245,-5.55,-7.2285,-1.4408,-1.2461,-57.0901,0.5889,-0.0407
233260,0.15,12.7587,2.825,7.5661,5.5057,0.8694,-1.1093
233270,0.69,-0.0224,-1.3424,-0.248,-0.1475,0.7873,-1.3078
233280,0.06,0.0429,-0.0019,-0.0287,-0.1697,0.8539,-0.2819
233290,1.26,0.0522,0.0118,0.0409,0.3,0.3024,-0.1369
233300,1.51,-0.3204,-2.2581,-7.0613,-6.3612,-0.1004,-0.8
233310,1.38,1.0861,-0.4953,-0.0137,-0.1299,0.3745,-0.6776
233320,2.19,-0.9234,-4.0129,-5.1503,-2.9017,-0.1745,-0.3748
233330,-0.46,-1.3425,-2.6183,-1.3284,-6.4627,0.6894,-0.4057
233340,1.69,-0.0557,-1.1,-0.0001,-2.7422,0.1987,-1.2669
233350,-3.46,-56.9823,-49.2826,-29.8039,-77.2256,0.1544,0.404
233360,2.07,0.6719,-0.3562,0.0002,-0.1623,-0.0651,-1.0846
233370,2.55,-0.1858,-0.2228,-0.2863,-0.425,-0.3037,-0.0839
233380,-1.52,-6.9172,-36.9799,-20.8643,-26.5731,0.032,0.0669
233390,2.07,0.0513,0.0914,0.0319,0.0258,0.001,-0.7896
233400,-3.78,-5.9176,4.402,0.0417,2.241,0.6266,-0.1903
233405,2.44,-0.1918,-0.0749,-0.279,-0.957,0.0357,-0.6868
233410,-4.11,0.18,-1.2322,-0.8104,-0.2031,0.4064,-0.0407
233430,-0.69,-0.6293,0.6629,0.5068,0.0078,0.8819,-0.3464
233450,2.42,0.1384,0.435,0.6569,0.9415,-0.1768,-0.423
233460,-0.07,-178.2375,-325.3276,-293.2649,-123.7791,-0.2938,-2.0801
233470,-1.82,-1.8185,-15.6822,-0.8665,-9.295,0.3674,0.0378
233480,1.51,1.006,0.0074,0.0438,1.6596,-0.2954,-0.355
233490,-3.13,-0.26,-8.0721,-0.0436,-2.5356,0.4379,0.3506
233500,-4.22,0.0018,-6.9063,-8.078,-12.665,0.599,-0.0407
233510,0.25,2.6138,-1.3915,0.0016,-0.0064,-0.7996,0.56
233520,-5.53,-0.9858,-1.0217,-0.2105,-0.3606,0.5306,0.0564
233530,0.09,-1.074,-0.9277,-1.4163,-0.1204,0.7683,-0.7552
233540,-4.02,-4.3898,-2.6684,-3.2101,-4.4811,0.4544,0.1708
233550,-4.0,0.96,-1.9653,-5.6147,-5.6693,0.4498,-0.3027
233610,1.22,-0.1501,-0.0745,-0.0501,-0.0025,0.0612,-0.4131
233670,1.24,-1.0416,-8.647,-1.7182,-2.2476,0.2033,-0.3926
233680,-3.2,0.0023,-1.3105,-0.0158,-0.3668,0.599,-0.0407
233695,0.7,239.6987,142.8671,116.0316,47.6038,0.278,-0.7644
233710,-2.28,314.379,82.4519,151.5601,62.6215,2.0304,-1.1099
233720,-3.75,-2.1578,-16.8652,-17.229,-27.982,0.3308,0.2007
233735,-1.0,-2.8837,-6.1261,-0.4814,-1.1759,0.1002,0.0181
233760,-0.11,-1.5695,-7.8965,-6.0893,-3.5704,0.4828,-0.8382
233770,-1.085,0.1357,0.0244,-0.4447,0.1801,0.3975,-0.2682
233780,0.5,-0.063,-2.047,-0.7813,0.2869,-0.755,-0.498
233790,0.76,-13.3804,-9.691,-10.6597,-14.9285,0.3122,-0.5685
233792,0.19,0.0098,-0.0676,0.3039,-0.408,0.0674,-1.8401
233810,-0.78,0.027,0.1932,-0.1528,-0.2991,0.9916,-0.1725
233820,-5.76,-1.6862,-13.7097,-2.0451,-3.3471,0.3573,-0.0154
233830,-1.49,1.9239,0.1439,0.1631,0.0577,-0.1294,0.1864
233838,-3.34,-125.57,-29.3122,-56.6976,-30.9793,0.599,-0.0407
233842,0.25,-2.6286,-0.4818,-0.9232,-2.0708,0.0552,-0.5363
233850,0.57,-33.1296,-85.1618,-64.1587,-18.4903,0.1223,-0.0399
233860,-3.44,1.2866,0.0654,-6.8507,-9.6595,0.599,-0.0305
233870,0.81,0.0144,-0.0042,-0.0032,-0.0693,0.4642,-0.7691
233890,-3.98,-0.0842,-8.8528,-2.4748,-2.6026,0.502,-0.0407
233905,-3.54,-0.0019,-4.0024,-0.011,-1.05,0.5865,-0.144
233920,0.09,0.3409,0.2904,0.1609,0.0018,0.2612,-0.596
233925,1.53,0.2739,-0.0053,-0.0058,0.0022,0.0473,-0.0933
233930,-4.53,1.7759,-0.0062,1.1245,0.0778,0.6916,-0.2278
233940,-0.02,0.3318,0.1015,0.1678,-0.0648,-0.2037,-0.1508
233950,0.66,0.0319,-0.7622,-0.1926,-0.3228,-0.0841,-0.0746
233960,-2.25,-0.743,-1.0676,0.1864,-0.3247,0.1697,0.2581
234165,,-0.8799,-0.8894,-0.1374,-0.6623,0.1084,0.0242
234180,1.62,0.5541,-0.0614,0.9452,0.8153,0.0191,-0.7791
234190,-4.23,-12.8394,-10.0054,-22.021,-15.1005,0.5689,-0.1794
234200,-1.58,-0.2917,-0.2245,-0.0055,-0.7167,-0.1189,-0.6904
234220,-0.19,-8.8232,-5.5061,-4.2559,-23.3233,1.0035,0.5239
234230,-3.19,-9.4256,-4.248,-6.8682,-13.3158,0.9153,-0.2788
234250,-2.02,-4.7919,-6.7659,-2.9761,-4.3857,0.3347,-0.3265
234260,1.25,-0.0637,-0.4532,-0.639,-0.3356,-0.248,-0.074
234270,-0.44,-6.1112,-15.4643,-13.5673,-17.8017,-0.4271,-0.4116
234280,-3.16,-55.3047,-8.2215,-23.3049,-4.1098,0.3248,-0.4847
234300,-0.33,-0.8394,-4.2308,-1.0214,-0.7411,0.7078,-1.4486
234310,-0.39,-1.1511,-0.1456,0.0475,-0.1583,0.2564,-0.1683
234340,0.24,-0.5816,-0.6543,-0.0062,-0.0784,-0.4652,-0.4645
234350,-0.73,0.1804,0.1616,1.8324,-0.0015,-1.3122,0.3449
234360,-3.72,-1.4726,-4.3092,-0.1069,-1.1709,0.0207,-0.0407
234370,2.19,0.174,0.0684,-0.0049,-0.8897,0.1132,-0.2425
234380,2.66,5.538,0.2029,5.1801,0.5633,-0.1064,0.9682
234390,-1.98,-0.001,0.0007,-1.5767,-1.2417,0.434,0.4974
234400,1.72,0.0011,0.0941,0.3054,0.0452,-1.0914,0.2294
234410,-0.99,-0.2033,-3.0999,-1.1936,-1.8621,-0.2447,-0.1626
234420,-5.08,-0.197,0.1635,-0.5297,0.0054,0.8934,-0.1513
234430,-0.08,-0.2088,0.9399,0.7012,0.4533,-0.6651,-0.9441
234440,0.63,-0.0007,0.0614,-0.3632,0.0091,0.8231,0.3675
234450,-4.6,2.4731,0.7695,3.315,1.6783,0.5684,-0.2748
234460,1.16,0.1163,-0.0003,-0.287,-0.1018,-0.6673,0.0117
234470,2.1,0.0057,-0.1432,-0.1994,-0.1084,0.1977,-0.0725
234490,-0.24,-0.0001,-0.0841,-0.0033,-0.0026,0.027,-0.0406
234505,-4.4,-3.243,-10.4958,-19.1664,-16.284,0.6454,0.0018
234507,0.4,0.5317,1.9782,2.4084,0.9148,-0.1528,-0.1641
234510,-1.42,-9.4618,-0.4359,-0.2057,-0.018,-0.1322,0.0215
234520,-4.61,-2.5727,-66.8156,-35.4834,-36.9339,0.4341,-0.0305
234530,1.07,0.691,0.4652,6.7156,2.1665,-0.4993,0.6257
234540,1.47,-29.2201,-0.9218,-3.5448,-5.5781,-0.1364,-0.5937
234550,-2.89,2.5968,0.0151,-0.4653,-0.6888,0.665,-0.305
234560,-0.49,-13.1452,-5.3552,-1.6587,-2.7408,0.7003,-0.8782
234570,1.07,-4.0656,-0.0098,-0.0223,-0.2706,-0.3569,0.4646
234580,-2.76,-0.0245,-1.3112,-0.0603,-0.6125,0.9318,-0.9288
234590,-0.14,-1.8643,-2.9227,0.0011,-0.1812,0.1486,-0.0764
234600,-2.04,-2.5958,-0.6831,-0.1143,-0.1328,0.3046,0.7588
234610,-5.27,-18.5188,-30.9067,-3.3346,-26.9403,0.599,-0.0407
234640,-1.96,-6.175,-18.9381,-5.3345,-19.2833,0.5998,-0.1304
234670,-2.59,-0.2982,-0.0034,-0.0574,-0.7842,0.113,0.4468
234900,-4.45,-7.7854,-7.4857,0.0007,-9.0706,0.6427,0.1141
234930,1.75,-0.081,-0.169,0.0123,0.0003,-0.1102,0.2184
234940,0.41,-0.0868,-0.4454,-0.137,-0.2707,0.0299,-0.4325
234950,1.72,-2.6285,0.0365,-0.1981,-2.3996,-0.273,0.2819
234970,-4.96,-10.6253,-18.9269,-15.655,-40.827,0.6832,-0.033
234980,-1.33,-0.2364,0.0154,0.0061,-0.011,-0.0604,-0.2661
234990,-0.58,0.1436,-0.5024,0.0508,-0.0059,0.7006,-1.4502
235000,-0.01,0.1323,-0.2124,0.0155,-0.0028,-0.011,-0.2689
235010,1.44,-0.3286,-0.5539,-1.6377,-0.6944,-0.2946,0.3483
235020,-4.46,0.0022,2.5879,1.4299,1.7522,0.5917,-0.0407
235130,0.91,-228.8195,-183.0496,-140.1588,-51.4502,0.8651,-1.5649
235140,1.41,-0.0516,-1.0486,-3.1315,-2.5552,-0.3077,-0.7134
235150,-5.1,0.324,-0.2635,-0.0389,0.0264,0.4301,-0.0407
235160,-1.04,27.2404,4.5158,5.7185,0.3771,0.9217,0.4956
235170,-5.07,-8.3702,-0.4589,-1.452,-9.9936,0.555,-0.0734
235183,0.74,-1.0005,-5.307,-6.5916,-10.3282,0.1425,-0.6372
235187,0.41,0.0646,0.0475,-0.1359,-0.3878,,
235190,0.48,-0.0043,0.001,-0.0326,-0.171,-0.8221,0.4097
235200,0.88,-0.3652,-0.1206,-0.2263,-0.3447,0.0178,0.1526
235315,0.87,-1.1094,-0.2968,-2.0737,-1.0071,0.1536,-0.5504
235340,0.29,-16.4155,-0.3792,-5.6873,-9.428,0.9378,-0.5569
235350,-4.4,-17.4554,-20.0173,-18.7912,-39.3226,0.6392,0.0327
235360,-2.55,0.1735,-1.5089,-0.5563,-3.1395,0.4305,0.0139
235370,-3.15,-20.9431,-38.1327,-44.3166,-15.974,0.5332,-0.1509
235380,1.44,-7.4209,-63.967,-35.8156,-49.8464,-0.2543,-0.6176
235390,1.53,-0.002,0.6558,1.2068,0.7221,-0.295,-0.0682
235398,-4.79,0.0444,-0.0034,-0.984,-0.8745,0.4223,-0.0588
235402,-1.57,14.4177,0.7345,12.1195,6.0805,0.1896,0.4065
235420,-4.8,-4.2298,-7.4853,-0.0971,-3.3195,0.599,-0.0407
235430,-2.44,-0.1803,-3.5806,-2.9751,-2.9482,-0.6916,0.2841
235440,-0.59,-6.9719,-4.8458,-3.8696,-3.7257,-0.1485,0.3209
235450,0.5,-52.606,-31.4694,-34.5788,-12.6785,0.3974,-1.7086
235460,1.52,-0.1123,-0.0662,-0.0212,-0.268,-0.3572,0.4933
235470,-3.09,-0.0655,-4.3815,-1.5435,-3.053,0.2747,-0.1972
235478,-6.07,-0.1547,1.5951,1.1366,0.8071,0.7722,-0.1648
235490,-1.28,-1.2239,-2.7388,0.0036,-7.6134,0.3617,-0.3832
235500,0.6,0.5831,0.6915,2.8835,2.2845,-0.2411,-0.5583
235515,0.28,0.0322,-0.0554,0.1339,-0.0541,-0.085,0.4733
235540,-5.6,-43.0291,-14.8941,-22.793,-5.4239,0.6704,-0.3288
235550,-0.61,-1.4874,-0.8563,-1.7951,-2.967,0.7301,-0.9567
235560,-4.41,-1.1355,-0.0704,-0.66,0.0173,0.599,-0.0407
235580,0.61,-0.0025,0.1072,-0.2974,-2.0938,0.4268,-0.4954
235590,0.92,-0.2622,-0.0848,-2.3133,-0.4645,0.3042,-1.4041
235600,0.52,-0.0026,-6.7735,-0.2791,-2.9504,0.4776,-0.5453
235610,-4.61,0.1892,0.0105,0.003,0.1452,0.7854,-0.2473
235620,-4.87,-15.0168,-23.9587,-11.7943,-17.4656,0.2096,-0.0081
235630,,,,,,0.0189,-0.0474
235635,0.59,-0.8662,-0.0049,-0.5917,-0.346,0.2673,-1.4291
235640,-1.73,1.5337,0.3371,0.0265,-0.194,-0.1655,-0.0892
235650,0.1,-0.5465,-0.2436,-0.4129,-0.5482,-0.4494,-0.0301
235660,0.04,-0.0492,-7.7278,9.5444,-2.6686,-0.1878,0.2873
235670,0.29,4.4026,4.9331,21.0579,9.7036,-0.1423,0.7036
235680,0.59,0.0046,0.0009,0.3786,0.0215,-0.3404,0.0629
235690,1.12,-24.1694,-10.2234,-7.7263,-3.2566,0.4715,-0.3647
235700,0.65,0.1765,0.0801,-0.3045,-0.4971,0.4749,-0.8084
235710,-3.38,1.2014,-0.4592,-0.0246,-1.512,0.0854,-0.0374
235720,-3.38,7.087,-4.0426,0.0405,0.2408,0.4484,-0.0407
235730,-3.4,17.5866,3.6431,0.242,-2.3557,-0.051,0.7678
235740,-2.11,-3.947,-2.8898,-3.202,-2.2519,0.6528,-1.899
235750,-0.28,-59.8624,-26.882,-29.1465,-75.4692,0.5239,-1.4263
235860,1.51,0.3526,-0.0043,-0.0104,0.0156,0.1643,0.4721
235870,-1.12,0.1049,0.0337,-0.1872,-0.0638,0.5287,0.6112
235875,-0.81,0.0482,3.1197,0.4142,0.0636,-0.1751,-0.3405
235880,-0.51,11.2734,-7.031,5.1653,-0.1862,0.0095,0.6813
235890,-3.24,-0.0005,-3.2026,-2.1088,-2.8094,0.5075,-0.1013
235905,-5.2,0.0015,0.0225,0.1,0.3801,1.132,-0.7811
235920,0.96,-0.1148,-0.3852,-0.015,-0.2403,0.4265,-1.1605
235930,-4.28,0.0012,1.8446,1.0157,1.256,0.5811,-0.0508
235940,1.39,-0.0647,-0.1168,-0.3546,-1.3127,-0.1722,-0.3812
235950,0.82,0.838,-0.0041,0.6262,0.0724,-0.6436,0.1261
235960,0.25,-1.2705,-0.4157,-0.8652,-0.7928,0.3456,-0.7365
235970,-5.01,8.1447,1.4324,3.0323,2.9735,0.4731,-0.0407
235980,0.49,7.851,5.2611,4.2278,3.4294,-0.3864,-0.838
235990,-5.27,0.9975,1.9436,1.094,1.3125,0.4556,0.1028
236000,0.2,5.9886,6.7652,6.5631,1.4664,0.507,0.024
236010,1.71,0.0191,-0.0108,-0.7349,-0.5085,-0.2136,-0.6529
236020,0.46,-0.0728,-0.1787,-0.2089,-0.7426,0.0127,0.1353
236030,1.09,0.3008,0.1129,0.0437,0.0324,-0.0906,-0.5096
236040,-3.46,1.869,0.9647,0.1334,-0.4645,0.7082,0.2484
236050,-0.35,0.1285,-0.1317,-0.1183,-0.4528,-0.445,0.2721
236060,0.64,0.0579,-0.3403,-0.1909,-2.9883,0.2933,-0.4039
236070,0.79,0.076,0.0469,-0.7083,-0.3669,0.5729,-0.7324
236080,-3.35,-1.9017,-18.29,-1.2547,-4.8808,0.5099,-0.1676
236110,-2.78,-0.0182,-0.7917,-17.9003,-21.6818,0.3067,-0.0407
236120,1.19,0.0013,-0.2241,-0.2766,-0.1685,0.5857,-1.0473
236130,-1.58,-0.701,-0.5429,-1.9774,-3.5638,0.8412,-0.7658
236140,-4.28,-0.0621,1.7145,0.6357,1.8787,0.2144,-0.0113
236150,0.73,-0.5204,-0.0937,0.0246,-0.0158,-0.4947,-0.1743
236160,-4.79,-0.894,-9.8126,-5.5207,-4.7558,0.5664,0.0352
236190,-3.44,5.4764,-15.5379,-3.7062,-7.866,0.6119,-0.5424
236200,-2.54,0.0084,0.0255,0.508,-0.1531,0.1876,-0.1645
236210,-4.74,-0.2966,3.6541,0.9604,1.4658,0.599,-0.0407
236220,-1.78,12.9356,6.3142,9.5493,1.6588,0.7388,-0.0944
236240,-0.57,0.1884,0.0609,-0.1056,-2.3283,0.8659,-0.4391
236250,-1.11,0.0301,0.0014,1.2091,0.0022,0.195,-0.5165
236260,0.05,-2.4125,-0.4826,-1.0658,-6.5798,0.8566,-0.866
236270,-0.72,-0.7838,-0.2049,-0.2525,-0.3074,0.3061,-1.074
236280,-4.29,3.595,0.755,0.0004,2.3677,0.5255,-0.0407
236290,1.29,-1.11,-0.1323,-0.2334,-0.2849,0.4921,-0.7481
236400,2.43,-5.5493,-1.9112,-3.2323,-2.0576,-0.072,-0.3771
236510,-2.74,0.0067,-0.7716,-1.8764,-2.8121,0.4847,-0.328
236520,-3.91,0.2852,-22.3717,-0.9827,-8.233,0.2601,-0.5361
236530,-2.07,1.9648,0.3044,0.1078,-0.764,0.1149,-0.7429
236540,-4.66,-27.3285,-57.5764,-60.5523,-62.3236,0.1833,-0.0547
236550,-2.29,-3.5051,-0.7163,-10.4899,-2.8644,0.979,-0.4342
236560,-0.4,-7.3477,-75.7242,-55.4445,-81.2398,0.2937,-0.5583
236570,-3.75,2.6056,-10.4136,-3.8462,-3.053,0.537,-0.1662
236580,-3.71,-1.1751,-3.04,-8.3352,-3.787,0.5114,-0.443
236595,1.42,0.0447,-0.217,-0.0332,-0.177,0.0874,-0.5394
236620,1.46,-0.1056,-0.7939,-0.3637,-0.2366,1.1458,-0.631
236630,-1.85,-9.6776,-5.5184,-4.5046,-5.0636,0.1833,-0.0167
236640,0.61,0.2937,-1.2036,-0.0083,-0.0755,0.704,-1.4972
236650,-5.58,-67.8535,-50.5758,-36.2812,-24.386,0.4934,-0.0813
236660,-0.59,9.7934,0.0133,0.0093,0.2349,0.8558,-0.8408
236670,0.57,0.2357,-0.0437,0.3747,0.1069,-0.2985,-0.4784
236780,-0.67,3.3368,0.4367,0.1397,0.2285,-0.0726,-0.5262
236790,-2.8,-2.1394,-1.8036,-1.3547,-5.2481,0.5155,0.251
236800,-2.78,0.0197,0.5053,-0.0044,-0.4105,1.2102,-0.8722
236820,-4.69,1.4781,-5.1349,-5.9012,-1.7906,0.4559,-0.0407
236830,-1.08,-0.8971,-14.8689,-2.2113,-4.4789,0.5565,-1.0136
236840,-3.3,-15.6492,-4.2031,-0.213,-1.336,0.8522,-0.6826
236850,-1.7,0.0168,-0.0182,-0.2792,-5.7987,1.5799,-0.8056
236860,1.44,0.0014,-12.2803,-1.0688,-0.1421,1.0588,-1.3066
236870,2.8,-11.1489,-37.6652,-12.1288,-13.8674,-0.2277,0.0841
236880,2.29,0.0,-0.2937,-0.0554,-0.2607,-0.1917,-0.1249
236890,2.1,0.0805,-0.2091,-0.1977,0.0428,0.2528,-0.136
236900,1.76,2.1286,3.7516,3.2542,2.9561,0.0334,-0.2154
236910,-3.26,-3.689,0.2631,0.0092,0.0803,0.5695,-0.2639
236920,-1.16,-7.0104,-25.5645,-13.7881,-8.3568,0.0736,0.3609
236930,-5.59,-0.47,-5.493,-9.1317,-62.5441,0.3073,-0.0305
236940,0.15,0.1617,0.0657,0.6464,-0.3109,0.5088,-0.0302
236950,0.96,1.556,-0.0151,0.1699,-1.325,1.8318,-1.1506
236960,0.14,-0.0034,-0.0077,0.0035,-0.0003,0.1014,-0.8287
236970,-1.93,0.3306,-3.1421,-0.0116,-0.7089,0.6809,-0.1693
236975,1.24,0.9297,1.3829,1.4947,0.3162,0.3623,-1.1571
236980,0.78,0.2192,-0.1341,-0.7841,-0.7764,0.31,-0.3776
236990,-0.34,0.279,0.0185,0.008,-0.0151,0.1497,0.0602
237000,0.66,-0.0005,-3.021,-1.2679,-13.8891,0.5404,-1.3895
237010,-4.09,0.1654,-0.3487,0.1899,-0.6873,0.4943,-0.1447
237015,2.4,-1.6433,-28.8251,-6.4221,-7.7292,0.0283,-0.3108
237020,-3.94,-0.3111,-5.1706,-6.9247,-9.984,0.3178,-0.1236
237045,1.89,3.0196,0.0505,0.4771,0.1606,0.1591,-0.2698
237060,0.54,-1.5014,-3.9979,-1.9949,-1.514,0.3176,0.2466
237070,0.46,-0.1991,-0.345,-0.9638,-2.0763,0.0502,-1.2758
237080,-0.26,-0.0065,0.9905,3.1072,0.6847,0.1268,-1.2086
237090,-3.54,-108.5717,-23.5578,-22.5862,-35.1411,0.6723,-0.2009
237100,-3.97,0.7909,4.7003,3.9423,5.3548,0.5793,-0.2491
237110,-4.12,-3.2287,-5.8445,-6.7007,-7.079,0.2035,-0.3073
237130,,,,,,-0.2932,-0.4465
237140,0.59,-68.2693,-260.7551,-178.6146,-139.0939,0.2708,-0.4421
237150,-3.96,-2.6607,0.0214,0.0015,0.3471,0.6297,-0.1758
237160,-0.71,2.5519,1.3781,5.4754,0.122,0.0658,-0.2007
237170,1.23,-0.0133,0.0008,-0.0394,-0.1792,-0.1491,-1.2846
237180,1.39,0.2301,0.0003,-0.0587,-0.052,-0.3187,-0.397
237190,-0.58,-0.6472,-2.3433,-2.3189,-1.3354,0.771,-1.0553
237195,1.02,3.2942,5.665,7.1584,2.0997,-0.4846,-0.9259
237200,1.43,7.8211,-0.006,-0.2775,0.0278,0.3786,-0.5918
237210,-1.26,-0.1527,-1.5883,-1.0265,-3.4328,2.3685,-3.0213
237220,-4.39,-4.9928,-0.001,-0.3114,-0.0724,0.4443,-0.0407
237230,2.83,-39.5943,-20.4596,-4.7878,-0.8597,0.2159,-0.2161
237240,-4.9,0.1965,0.1898,0.585,0.9767,0.4395,-0.0378
237250,-3.51,7.5006,-0.67,-0.2629,-0.0036,0.5585,0.209
237260,-0.96,1.1228,0.1082,-0.0635,-1.3989,-0.1187,0.1708
237270,1.29,0.0149,-0.0142,0.0786,-0.0001,-0.2009,0.0887
237280,-0.16,-16.9579,-77.7135,-45.5374,-66.3678,1.9074,-1.5465
237290,-0.53,-1.5156,-0.2586,-0.033,-0.3142,-0.0404,-0.278
237410,-2.01,-0.1204,0.0258,0.0002,0.0023,0.2881,-0.8065
237425,0.2,-0.0558,-1.0331,-0.9861,-0.7978,0.5016,-0.754
237450,-4.01,-0.0596,-0.0521,-0.0003,-0.0372,-0.2272,-0.1628
237460,-0.96,4.2171,-11.4037,-0.0011,-0.1821,1.1547,-0.034
237470,-0.22,-0.9238,0.0376,0.1153,-0.0425,0.5402,-0.313
237480,-1.39,0.0699,0.0196,-0.0629,-0.184,0.4072,-0.2679
237490,0.26,1.0959,0.2713,0.0253,0.0514,-1.1204,0.1209
237500,1.13,-2.3576,-0.1566,-0.0094,-0.096,-0.2605,0.1492
237510,1.11,0.0048,-0.3023,-0.4858,-0.1674,-0.1415,-0.6242
237520,-4.52,-0.6166,-0.3553,-0.5177,-4.1935,0.4575,-0.1911
237530,-2.54,-0.435,-2.0536,-0.0003,-1.5389,0.5937,-0.0357
237540,1.19,-0.4737,-1.7098,-0.4405,-0.1558,0.1645,-0.1545
237550,0.15,0.5493,-0.0013,0.0121,0.0011,0.0929,0.2173
237560,-5.99,-0.1178,-5.5459,-4.9241,-3.5687,0.3287,0.17
237570,0.21,33.1777,0.6379,0.0681,1.0063,0.2594,-1.0539
237585,1.41,-0.833,-0.1734,-1.1109,-0.2858,-0.2601,-0.8678
237600,1.19,-7.8542,-1.2049,-2.8132,-2.4922,-0.1839,-0.0744
237700,-0.76,-0.406,-0.8357,-1.2877,-7.3177,0.7063,-0.7688
237800,,-5.0724,-0.2076,-0.5072,-0.706,,
237820,-2.04,0.7045,0.1425,4.1705,0.8984,0.467,0.0537
237830,-4.93,-2.2136,-30.4077,-5.1561,-26.2189,0.599,-0.0407
237835,0.66,2.6726,-6.0223,-1.5163,-2.0478,-0.0957,-0.4761
237840,-0.66,1.8143,-2.232,0.0111,-5.6059,0.4781,-0.0979
237860,-3.24,0.0558,-0.2287,-1.3944,-1.3704,0.3956,-0.2449
237870,-1.4,-4.3107,-7.8415,-4.8203,-4.0843,0.3381,-1.8449
237880,0.76,-13.5672,-5.062,-2.8105,-15.2184,-0.6392,0.5037
237890,-1.1,9.4674,-0.36,0.0113,0.0091,0.1744,-0.3784
237893,-1.84,0.0127,-5.4076,-1.7942,-0.9619,0.7825,-0.6396
237894,-4.37,0.0819,-1.7729,0.0523,-0.4225,0.2736,-0.5166
238000,-6.27,-16.5108,-5.4245,-14.7831,-4.7407,0.599,-0.0407
238010,-4.8,-0.1454,-10.7626,-0.748,-22.1922,0.5147,-0.0029
238020,1.02,0.6082,0.0117,0.0259,0.0382,0.6311,-0.8973
238040,-2.005,-0.9013,-0.2875,-0.2648,-1.1437,-0.3091,0.4194
238050,-0.44,0.8925,-0.135,-0.0025,-0.9436,0.1088,0.2307
238060,-0.06,-1.9271,0.0144,-0.5308,-1.2234,0.4449,-0.5031
238070,-0.65,29.2638,1.5519,0.0915,-0.0467,0.9135,-1.3313
238073,0.21,-0.9384,-0.2543,-0.2921,-0.3594,-0.4562,-0.8529
238077,1.96,-0.3885,-0.7083,-0.2972,-4.4076,-0.1696,-1.0438
238080,-4.42,0.1078,-11.8852,-12.094,-17.4832,0.6477,0.215
238100,-4.44,0.2558,-23.5904,-13.8523,-41.5693,0.0528,-0.0407
238110,-1.84,-2.3121,-0.0244,-0.1536,-0.8644,-0.4973,-0.3802
238130,-0.47,-3.1193,-1.9934,-1.3762,-2.2568,0.1198,-0.3805
238140,-0.41,-0.0412,-28.5989,-3.7846,-18.1731,0.5947,-1.2861
238150,1.24,0.8568,1.2731,4.3269,8.0336,-0.2409,0.0787
238160,1.24,-0.0017,-0.0259,0.0031,-0.1012,-0.1637,-0.4781
238165,1.14,0.0811,0.4055,3.9636,1.5619,-0.0377,-0.3063
238170,-5.06,9.9994,0.1868,4.2301,0.5111,0.8299,-0.31
238180,-4.95,-0.1122,0.2451,0.0088,0.0897,0.5727,-0.0508
238190,-4.42,-3.9491,-38.7183,-14.231,-54.4406,0.4777,0.0615
238200,-0.27,-0.1665,-1.1054,-0.6689,-0.2376,0.3754,-0.1761
238210,0.53,0.0175,-1.869,-0.1873,-1.1273,1.0371,-1.2026
238220,1.4,-0.1475,-1.2645,-0.3264,-1.8362,-0.0063,-0.0696
238230,-4.34,-0.8701,0.6117,0.0362,0.1278,0.5163,-0.0654
238240,-5.07,-0.102,-8.9599,-1.7634,-5.4393,0.5422,-0.0407
238250,-4.6,9.5396,0.5863,1.2173,0.168,0.2474,-0.0156
238260,0.67,0.5938,-1.331,0.0022,-0.0019,-0.6255,0.3354
238270,-0.09,0.0089,-0.5344,-0.1237,-0.0741,0.3636,-0.4043
238380,0.66,-0.8314,-2.5376,-4.0523,-0.6413,0.4385,-0.5993
238390,-3.38,-0.3948,-0.7402,-0.5603,-0.0969,0.5661,-0.1828
238400,-3.7,13.2659,4.2344,10.6462,5.2448,0.517,-0.0912
238410,-1.75,0.5248,-0.0042,2.1211,0.6637,0.6183,-0.7219
238420,-4.36,0.9519,0.2399,-0.1668,0.0104,0.5889,-0.0407
238440,0.79,-9.0735,-2.5379,-3.0094,-2.0952,0.0878,-0.0457
238460,0.37,-0.4204,0.0002,0.039,-0.1436,-0.3429,-1.5299
238470,0.14,-0.0064,1.4642,1.0833,0.0184,0.5442,0.4464
238480,,-0.1343,-0.428,-0.1498,-0.0967,,
238490,2.04,-0.2195,-0.1089,-0.044,-0.1043,0.3693,-0.909
238500,-0.47,0.5907,-0.977,-0.2912,-4.4704,-0.3685,-0.1093
238505,0.88,-0.0001,-2.8715,-0.0636,-0.9072,0.3056,-0.5468
238510,-4.38,0.1656,0.1673,0.4975,0.8025,0.599,-0.0407
238850,,0.0266,0.0858,0.2133,0.088,,
238860,0.98,-1.6118,-0.0085,-0.0788,-2.1378,-0.3712,-0.1928
238870,-1.31,-14.0489,-9.2686,-9.1614,-12.3266,-0.1794,0.3011
238880,-3.78,7.5797,-0.1344,0.2408,-0.9679,0.4775,-0.4094
238895,-5.41,-0.0493,-1.9523,-0.378,-0.9115,0.3649,-0.1368
238915,-1.41,0.1674,0.1384,0.8675,0.6919,0.378,-0.3318
238930,-1.18,-0.0,-0.3974,-0.0827,-0.0232,0.7898,-0.5731
238940,-0.53,1.3641,4.5199,0.0649,0.4341,1.1612,-0.6653
238950,-3.7,-9.4162,-5.5107,-3.9658,-0.8901,0.3091,0.0408
238960,0.21,-0.2181,-0.0015,0.0234,-0.0548,0.4218,0.0038
238970,-0.88,-0.3534,-0.0674,-0.8264,-2.1121,0.9231,-2.1099
238980,-2.19,-0.3136,0.1442,0.0554,-0.0057,0.2054,-0.2028
238995,-0.53,-0.317,0.064,1.1938,-0.045,1.4088,-0.7647
239010,1.46,-0.0418,0.0459,-0.9229,0.0058,-0.3482,-0.125
239020,-0.69,-0.0382,-3.134,-0.1244,-0.1308,-0.286,0.6294
239050,-1.89,-0.6403,-0.5105,-0.9779,-1.1921,1.0744,-0.8609
239070,-0.59,-2.2751,-5.4996,-2.6929,-10.6737,0.9781,-1.4658
239080,-1.15,0.0012,-0.1188,0.806,-1.6659,1.2006,-0.7941
239083,0.45,-0.0319,0.0895,-0.1751,-1.4945,0.1941,0.0869
239087,-4.24,-3.515,-4.8069,-14.9443,-9.4755,0.6062,-0.5743
239090,1.25,0.739,0.3667,1.8656,0.5703,-0.6277,-0.0086
239100,-5.53,0.2366,-0.338,0.3351,-0.0,0.5889,-0.0407
239110,0.05,-0.4125,-0.8316,-0.4858,-0.0215,0.6269,-1.3369
239130,0.07,0.2913,2.5629,8.4504,4.34,0.0131,-0.5801
239250,-2.74,-0.042,0.268,-14.0954,-1.0324,0.1153,0.4591
239260,-4.81,0.424,7.3681,9.714,5.3215,0.582,-0.238
239270,1.54,0.0345,0.0357,0.0094,-0.0404,0.2384,-0.1933
239290,-1.58,-1.3396,-1.8929,-0.7751,-4.0261,0.6619,-0.5778
239300,-0.74,-7.4873,-1.1174,0.0018,-1.0815,0.1654,0.1955
239310,-1.92,-1.8363,2.0923,0.3864,0.7246,0.4788,-0.0407
239320,0.1,9.6481,-4.3622,5.1242,1.4317,0.2873,0.4024
239330,-4.25,-1.1113,-0.0814,-0.0616,-0.0368,0.348,-0.047
239340,-3.58,0.2604,-39.3447,-3.9536,-8.9512,0.5487,-0.0407
239350,-5.13,-0.2127,-23.8238,-6.2345,-14.7962,0.6446,-0.1276
239365,-1.59,1.5817,0.3589,0.8997,-0.1091,0.8295,-0.2274
239400,-0.91,0.0625,2.8073,12.9729,7.103,0.2496,-1.2267
239410,-3.68,-2.6285,-3.4043,-7.7389,-2.8537,0.729,-0.046
239420,-3.77,-1.6975,-13.9594,-7.8873,-6.3305,0.9753,-0.2202
239430,1.07,0.0001,0.0103,0.0114,-0.0021,-0.1574,0.3867
239440,0.02,-10.8477,-1.4744,-1.2031,-2.3894,-0.61,0.0889
239475,-1.23,0.0014,0.0384,-0.0748,0.0116,0.0766,0.0973
239480,-1.65,-0.3001,-0.0798,1.8131,0.0039,0.8207,-0.8373
239490,-1.89,-0.1821,-0.0407,0.9365,-2.1147,1.1086,-0.7751
239500,-4.94,0.0307,-0.0127,-1.3215,-0.46,0.4086,-0.0407
239510,0.85,-0.0613,-1.0654,-4.3249,-2.206,-0.8224,-0.7483
239520,-0.5,0.1197,-0.2591,-0.9026,-0.0732,-0.0011,-0.4026
239530,0.72,-46.4094,-19.1136,-0.8381,-0.5747,-0.1116,-0.4576
239540,-2.67,-0.9625,-0.0775,-0.4761,-2.9618,0.6382,-0.065
239550,1.33,0.1479,-0.2086,0.2913,0.0484,-0.4494,0.3207
239560,0.11,-0.1177,-0.0061,-3.3827,-1.764,-0.143,0.0129
239570,0.87,0.3436,0.2589,0.2273,0.0976,-0.3224,0.636
239580,-0.48,0.0583,-0.2647,-0.1279,-0.0446,-0.0107,0.0923
239590,-4.51,-3.2789,-1.1515,-0.0915,-0.5286,0.6442,-0.4631
239600,0.98,0.8037,2.9754,1.3158,2.3347,0.2979,-0.6568
239610,-2.3,14.5059,7.2994,32.0803,4.4471,-0.0348,-0.0085
239620,0.15,-0.0022,-0.2118,-0.3139,-1.5473,0.3253,-0.8443
239630,0.24,-0.0289,0.0816,-0.0063,0.2226,0.2922,-1.0234
239640,0.5,-0.0398,-0.0429,-0.1571,-0.0338,-0.1205,-0.2467
239650,1.32,-1.1495,-4.3809,-28.3859,-26.9425,0.0225,-0.3056
239660,-0.4,-0.0006,-0.4714,-0.1814,-0.2464,0.1592,-0.8544
239670,1.15,-0.0085,-0.1956,-1.3775,-2.4821,-0.2162,-0.0097
239680,-3.24,-0.3784,-2.954,-1.1302,-12.1781,0.45,-0.0407
239690,-3.57,0.4897,-6.5471,-1.727,-26.6219,0.3034,-0.0585
239700,-0.49,0.0244,-0.0759,0.1402,-0.0235,-0.2155,-0.4043
239710,-2.66,-3.0771,-65.2018,-39.2768,-62.8584,0.4039,-0.0618
239720,-3.92,-0.0161,0.1885,0.0451,0.5142,0.6468,-0.1298
239730,0.76,-0.0041,0.1765,0.0934,0.7394,-0.353,-0.9295
239740,2.0,-5.2714,-1.5935,-5.8949,-0.3782,0.0253,-0.2742
239748,-4.16,-9.1986,-26.2407,-14.8637,-42.3732,0.3817,0.0452
239752,-1.36,-111.4454,-36.3622,-113.7953,-61.7208,0.2923,-0.1687
239755,2.12,0.0518,-0.0043,-0.3668,-1.2044,0.0054,-0.573
239760,-4.32,-19.3525,-22.5831,-7.3631,-1.4578,0.5353,-0.0305
239770,1.53,0.0703,0.1543,0.2112,0.5778,0.1632,-0.4502
239780,0.52,-0.1765,-0.1621,-0.3958,-0.618,-0.1176,-0.2617
239790,-4.56,1.8136,-1.31,0.1075,-8.9331,0.7091,0.0356
239795,2.25,0.0915,0.0077,-0.0018,0.0018,0.167,-0.223
239800,-0.03,-0.2998,0.0496,0.0667,-1.4589,0.4458,0.1984
239810,0.36,0.279,-0.0007,-0.3141,-0.762,0.4199,-0.7021
239820,1.79,0.1392,0.0001,0.0259,0.4962,0.0406,-0.3486
239830,-2.83,1.6241,0.0283,0.2935,1.2498,0.1046,0.4194
239855,0.83,0.1365,-0.4656,-0.1259,-0.0695,-0.0142,-0.8952
239870,-4.94,0.0088,-0.1602,0.0481,-0.1206,0.4832,-0.0407
239880,0.98,0.0259,0.4297,0.3922,0.1801,-0.3263,0.0337
239885,-4.26,-2.2528,-3.7927,-8.0089,-42.6096,0.6765,-0.4693
239890,1.8,-0.0376,-0.1243,0.0457,0.003,-0.2234,-0.6607
239910,0.24,0.2839,0.1632,0.0507,0.4905,-0.1113,-0.2138
239930,-4.6,0.0155,0.0975,0.4517,1.6982,0.599,-0.0407
240050,-2.74,8.6605,-0.0332,0.5775,0.359,1.5016,-0.6221
240060,1.44,-8.8078,-0.0536,0.1003,0.4534,-0.5947,0.7109
240070,-0.3,-2.2558,-0.9495,-1.4684,-2.0934,-0.8827,-0.3752
240080,-0.19,0.7816,-0.5446,-0.006,-0.2888,0.4074,-0.7486
240090,0.5,-21.345,-0.4325,-0.2119,-0.833,-0.381,0.006
240200,-0.61,1.3212,0.2507,1.5535,0.9238,0.4176,-0.0915
240210,-1.32,-8.4497,-9.2275,-29.1064,-4.7577,0.3396,0.138
240220,-2.1,3.3874,0.4869,-0.3258,0.0691,0.483,-0.0251
240230,0.99,1.0071,0.0085,1.5249,0.1411,0.2555,-0.4918
240240,-0.85,3.0209,-0.0067,6.0259,0.7931,0.0709,-0.797
240243,-3.31,-12.7005,-9.6585,-2.4533,-2.5068,0.3662,-0.1175
240247,0.7,0.2203,-0.0026,0.0049,-0.0154,-0.6175,-0.7449
240250,-0.39,-0.047,-0.1348,0.1625,-0.02,-0.0207,-0.32
240255,-2.71,-3.5724,0.1969,0.0148,0.2799,0.7164,-0.4724
240260,0.41,2.2422,2.3116,3.304,2.289,0.5775,-0.6919
240270,-4.65,0.6294,-0.0772,-0.7983,-12.861,0.4946,-0.0258
240280,-2.0,-0.3482,-0.315,-0.6073,-0.0164,0.2372,-0.0407
240285,-0.62,-0.0285,-1.2312,-0.013,-0.9526,0.6623,-0.2219
240290,0.03,-1.1647,-8.3162,-1.662,-4.4773,0.1673,-0.7719
240295,0.74,-0.1373,-0.0053,-0.0415,-0.3266,0.5516,-0.3871
240300,-0.55,4.9043,0.1506,0.2165,-0.0045,0.0921,-0.2114
240310,-1.3,-4.8942,-1.0071,-0.3697,-0.9021,0.6211,-1.0787
240325,,-0.0196,-0.1512,-0.0862,-0.2297,,
240330,-0.24,-0.0486,-0.5865,-0.1091,-0.0114,,
240340,0.15,-0.6395,-0.1669,-0.4368,-1.1332,,
240360,-0.51,0.0339,-0.0129,0.3735,0.0229,-0.0043,-0.3916
240365,0.55,0.3518,-0.0017,0.5201,0.1801,0.084,-1.6449
240370,-1.57,-0.0046,-0.1642,-0.0323,-0.1492,-0.8626,0.4632
240380,-3.85,-0.0236,-9.0709,-15.1345,-12.622,0.4108,-0.1181
240390,-1.76,0.1969,0.752,0.6311,0.0547,-0.3181,-0.2762
240400,-1.86,-41.325,-13.0653,-51.3873,-4.652,-0.1701,0.2438
240410,-3.52,-0.0026,-11.7019,-7.7512,-5.9007,0.0874,-0.0407
240430,-3.97,-0.2285,-0.4235,-4.0431,-9.2802,0.4412,-0.0407
240440,-3.08,-0.0022,-0.1229,-0.9861,-0.0028,0.678,0.3214
240450,1.44,0.2714,-0.0064,0.1578,0.1636,0.237,0.3626
240460,0.69,-1.3723,-0.5127,-0.6218,-1.6592,0.081,-0.4595
240470,-0.17,-1.1162,-1.0274,-0.6377,-1.5886,0.359,-0.1564
240480,1.34,-0.0056,-0.0935,-0.0055,-0.8791,0.0015,-1.0178
240490,1.35,-1.5822,-9.2159,-12.9559,-9.1897,0.798,-2.2125
240500,0.91,-1.1118,-1.3143,-1.5958,-3.8623,0.5976,-1.1849
240510,-4.06,-29.9254,-24.2347,-28.1244,-111.6613,0.473,0.0107
240520,-1.21,0.2451,-2.5851,0.1667,-3.0118,0.7092,-0.3208
240525,0.89,0.2159,0.0006,0.6303,-0.0134,-0.8424,-1.5442
240530,0.03,0.3779,0.1245,0.546,-0.0273,0.3437,-0.2495
240540,-3.03,0.1535,-5.0691,-0.1828,-4.274,0.2646,-0.0972
240550,-2.7,-0.9552,-83.4613,-17.3522,-59.2251,0.2109,0.0908
240560,0.12,-0.0564,-0.2677,-0.9004,-0.2483,-0.1587,0.0828
240570,-0.02,1.2654,-0.2206,0.489,0.0299,0.3776,-0.4218
240575,0.48,-0.9843,-0.0674,-0.5555,-0.0019,0.3215,0.2403
240580,1.22,0.8732,4.1544,2.8272,5.7794,0.3647,-0.1827
240590,-5.78,-140.8485,-17.0955,-35.128,-8.3199,0.495,-0.0407
240600,-3.32,-1.4516,-0.9001,-1.603,-1.7745,0.4454,-0.0407
240610,2.54,-2.9454,-9.6439,-4.7273,-3.3261,-0.5835,-0.1343
240620,1.17,-0.0432,-0.2642,-0.4222,-0.0093,-0.7035,0.6583
240630,1.73,-40.9461,-18.282,-19.4265,-23.8387,0.3519,-0.5681
240640,-4.35,0.26,0.2243,0.8322,1.3006,0.4653,-0.0407
240650,-4.62,0.1396,-0.1488,0.1132,0.1457,0.3353,-0.0407
240660,-1.39,-4.1355,-4.6824,-0.1954,-8.3889,1.253,-0.8222
240670,-2.45,-23.6662,-5.2544,-5.5335,-7.7156,0.4035,0.0373
240680,0.41,0.0319,0.0143,0.1032,-0.0012,0.0032,-0.0627
240690,-4.44,-1.7691,-3.6129,-4.1358,-0.6015,0.5889,-0.0407
240700,0.0,1.6254,2.0632,3.2981,0.6024,-0.7112,0.103
240710,-5.0,0.0702,0.0366,0.0221,0.3851,0.288,-0.1565
240730,-1.66,12.5592,0.4875,1.1675,0.6768,1.1676,-0.3531
240740,-3.7,0.0874,0.1366,1.341,1.2649,0.402,-0.0407
240755,0.33,-0.3189,-1.2255,-2.9515,-2.5405,0.3595,-0.5573
240770,-0.08,-0.1172,0.0005,0.0285,0.0001,0.2294,-0.1207
240780,-3.95,-13.8637,-3.1595,-0.6159,-4.1298,0.3248,-0.3021
240790,-0.61,-0.71,-1.0161,-2.4649,-2.7065,-0.3557,0.564
240800,-0.55,-4.2565,-9.1831,-10.7393,-6.672,-0.0225,0.5265
240810,-5.4,15.1737,7.1155,6.0439,5.958,0.383,0.0676
240820,-1.67,-0.0003,-0.0152,-0.0039,-0.2996,-0.0788,-0.3524
240830,-2.9,2.4637,-0.0417,0.1946,-0.3949,0.4497,0.2336
240840,-1.13,0.167,-0.4734,-0.1541,-1.053,-0.1897,-0.8783
240850,-2.82,-3.3626,-7.5726,-6.2305,-3.085,0.3672,0.0265
240860,-2.54,-3.0779,-34.7818,-8.341,-5.6385,0.7309,-0.0814
240870,-2.83,0.0022,-2.0185,-1.7953,-0.435,0.8624,-0.5387
240880,0.76,-3.4449,-1.2587,-1.8878,-2.2045,0.379,-0.5971
240890,0.61,-9.7478,-0.8354,-7.8929,-7.8989,0.7082,-0.4484
240900,-2.74,-1.0217,-0.7448,-0.0211,-0.8857,0.9626,-1.231
240910,-4.56,-0.1646,-13.6811,-25.4882,-33.9609,0.4901,-0.0407
240920,-2.52,-3.6732,-26.8401,-19.8236,-46.4144,0.6051,-0.1013
240930,0.06,0.0182,9.3744,15.3073,0.8187,-0.4714,-0.3008
240950,-1.38,-1.0346,-0.2767,0.3751,-0.0115,0.399,-0.4395
240960,-0.22,-0.0268,0.1735,0.5653,0.1294,0.3527,-0.4973
240970,-5.47,7.5121,1.0905,4.061,0.3911,0.3654,0.045
240980,-0.98,-196.3026,-71.5017,-145.0446,-65.479,0.2989,-2.4443
240990,-3.58,-0.3339,-2.4265,-1.9747,-2.1213,0.358,-0.2993
241000,-0.34,-0.1178,0.8808,-0.0002,0.0594,0.2794,-0.9014
241010,0.59,10.4405,1.8659,1.8596,1.1767,0.7134,-0.1709
241130,0.98,0.9683,0.1995,2.0235,0.0849,0.3881,-0.616
241140,-2.9,-5.4707,-9.9462,-15.6402,-6.0519,0.4288,-0.1024
241150,-3.41,-3.3776,-2.8206,-2.0053,-0.5608,0.9172,-0.4395
241155,-2.71,-2.7976,-1.4639,-1.0711,-0.1296,0.5741,-0.4136
241160,-0.94,0.3986,-0.6091,-7.3864,-9.3631,-0.4571,-0.443
241165,0.54,0.6023,-0.0508,0.712,0.0026,0.1447,-0.2356
241170,0.03,-7.7016,-12.7158,-0.7065,-4.7088,0.3633,-1.1629
241175,1.23,-0.0403,-0.2954,-0.0011,-0.5815,0.0314,-0.3921
241180,-0.21,-0.016,-0.2737,-2.7447,-3.6365,-0.1144,0.6463
241240,1.95,0.2201,0.3187,0.0112,0.0308,-0.1181,-0.6866
241300,,1.791,2.4932,1.5039,0.5506,,
241310,,-0.2196,-0.0152,-0.0018,-12.7242,,
241610,,-0.9612,-0.0305,-0.4177,-0.1052,,
241710,,-7.7272,-2.4152,-4.1118,-7.6395,,
241820,-0.5,1.9341,0.0138,-0.0257,0.0006,1.4318,-0.7246
241830,-0.71,-33.296,-39.2293,-82.7235,-52.3153,-0.2879,-1.2755
241840,0.4,0.183,0.0218,1.269,0.0347,-0.0021,-1.1732
241850,-5.8,-53.9896,-25.7851,-31.8768,-29.6233,0.6267,-0.1841
241860,-5.14,-4.1403,2.3201,0.04,0.5087,0.4167,-0.0407
241870,-4.35,-10.207,-18.3622,-11.8481,-4.4582,0.2421,0.1085
241880,0.52,-6.2844,-0.008,-0.9905,-1.1799,-0.0025,-0.4948
241890,0.6,-0.2405,-0.5206,0.0039,-0.0029,0.153,0.4498
242000,0.78,-0.219,-0.2265,-1.5472,-1.9601,0.6877,-1.7861
242010,-3.88,8.5954,-17.1547,-0.9154,-1.4469,0.7618,0.0463
242020,-2.55,9.4719,4.6106,0.0474,-0.0005,0.8099,-0.5761
242030,-3.95,-0.1065,-0.819,-2.0257,-1.1303,0.541,-0.0407
242040,-0.33,0.0047,-5.2475,-1.5773,-3.244,0.0622,-0.7022
242055,-2.87,-0.0247,-0.8506,-0.9674,-0.544,0.6753,0.1356
242070,-5.46,0.0376,-0.4707,-0.3994,0.0206,0.4423,-0.6212
242080,-0.98,-88.9383,-42.921,-79.6999,-74.9973,1.6047,-1.5125
242090,-0.36,16.993,6.7633,1.9976,0.3656,0.2992,-1.1465
242100,2.12,0.2654,0.0,-0.0004,-0.0015,0.12,-0.3339
242240,,0.0416,-0.0422,-0.0002,-0.0236,,
242260,-5.58,3.8963,0.0016,-1.5076,-0.7311,0.2222,-0.0407
242270,-0.24,-1.4273,-2.7004,-2.0746,-3.4179,0.4401,-0.491
242290,-4.48,-6.1775,0.1348,0.8213,0.1333,0.5799,-0.0407
242300,-1.48,-0.0175,-0.1089,-1.1187,-1.1193,0.2715,-0.2401
242310,-1.07,-0.0244,0.0089,0.0323,0.0054,0.444,0.3656
242320,-3.14,-0.002,-0.3066,-0.4269,-0.6313,0.1615,-0.602
242330,-4.92,-5.392,-4.9461,-0.7017,-0.3969,0.4611,-0.0407
242340,-3.09,-0.0114,-19.8416,-7.1625,-2.6307,0.0627,0.685
242350,0.72,-0.0327,-0.5397,0.0029,-0.0713,-0.376,-0.0741
242360,1.58,6.3548,0.4407,3.4022,0.0826,-0.243,0.7247
242370,-0.24,-0.0105,-0.1516,-0.5599,-0.3495,0.5658,-1.0857
242380,-0.95,-139.7566,-194.0976,-334.2051,-123.8429,1.7075,-2.2874
242390,-0.64,0.0063,0.0121,-0.09,0.0151,-0.3238,-0.1369
242400,1.3,-0.1044,-0.7512,-0.0239,-0.0709,0.326,-0.3684
242415,-2.58,-9.2749,-62.1356,-6.4942,-58.2342,0.5944,-0.0407
242435,-4.04,-3.753,-0.5607,-1.6333,-1.0866,0.3755,-0.0407
242460,-3.8,-2.9052,-0.0,0.0046,-1.5842,0.7359,-0.4438
242570,0.18,-9.4943,-2.4559,-15.0343,-6.2833,0.0838,-1.2463
242580,-4.36,-0.0383,-2.2914,-0.7767,-4.5275,0.599,-0.0407
242590,-0.92,0.379,-0.1674,-0.2789,-0.0266,0.05,0.2324
242600,-0.83,0.0015,0.0092,-0.095,-0.3546,0.256,0.1689
242610,-0.66,4.5411,0.0048,0.5954,0.0079,0.935,0.0143
242625,-5.86,0.0416,0.7222,0.1705,0.2467,0.3892,-0.0407
242640,-2.8,13.1431,7.8701,24.6981,21.5172,0.4732,0.2894
242650,-2.36,-0.8631,-2.907,-3.3744,-0.1012,0.6804,-0.6134
242660,-4.39,-1.9988,-1.4016,-0.5693,-1.9901,0.5289,-0.0407
242670,-3.26,-1.7758,-6.0311,-0.5179,-7.0748,0.4525,-0.0944
242680,-3.94,-0.2091,4.0754,1.0798,1.6318,0.2811,-0.1455
242700,-3.7,0.9678,0.0262,0.0482,0.0254,0.4375,-0.2332
242710,-0.56,-1.7364,-3.2087,-1.5835,-1.045,0.7149,-0.6071
242720,-1.45,-14.2765,-21.568,-3.2902,-30.922,-0.0301,-0.1331
242730,-4.62,0.3346,0.6549,3.7191,0.0152,0.2271,0.3011
242740,0.15,-0.0813,-0.0119,-0.3048,-0.0864,0.5491,-0.0249
242750,-2.34,-0.0477,0.0453,-0.004,0.1884,0.4379,-0.0703
242760,-0.84,0.076,-0.0076,0.0279,-0.4932,0.232,0.1764
242770,0.81,-2.1058,-11.6728,-2.4955,-7.9257,0.215,-0.2936
242780,-3.85,4.7642,0.0436,2.4764,-0.0046,0.5511,-0.0407
242790,-0.495,-0.8405,-1.6046,0.7253,-0.2472,0.6532,-1.0107
242800,-5.18,0.0047,0.0318,0.0221,0.0639,0.5559,-0.0407
242810,-0.77,1.9658,3.0814,2.1823,0.4817,0.2224,-0.8183
242820,-5.03,-10.1989,-53.0967,-50.0575,-64.8543,0.396,-0.0407
242830,-4.96,-7.1366,-0.3916,-2.4222,-0.9203,0.5389,-0.0407
242840,-3.58,0.6787,0.2063,1.4359,1.1686,0.524,-0.0407
242845,0.22,-1.534,-9.0497,-0.5144,-5.4512,-0.057,0.0538
242850,-2.59,-13.1541,-48.202,-16.121,-21.5507,0.4617,0.4711
242860,-2.64,-10.7608,-9.1208,-21.5231,-18.8785,0.446,-0.5933
242870,-0.22,-7.6053,-4.7861,-4.1777,-11.1332,0.843,-0.8474
242880,-4.93,0.0533,-4.7036,-8.1311,-0.3733,0.6172,-0.069
242890,-2.43,0.9804,-0.0442,-0.1013,-0.2019,-0.1844,-0.2892
242900,0.96,-0.2296,-1.3138,-0.4873,-0.4761,0.1089,-0.2678
243100,0.13,-0.0371,-0.7099,-0.351,-0.0262,-0.7274,-0.0407
243110,0.48,-0.405,-1.8919,-0.0544,-0.1849,0.2133,-0.4665
243130,0.06,0.3333,0.3967,2.0699,0.5737,0.0705,-0.2791
243140,-0.9,-1.0037,-2.3081,-1.6983,-1.7055,0.5204,-0.9424
243150,-0.26,-0.1253,-4.0342,-1.566,-3.5184,-0.1054,-0.0595
243160,-0.02,-0.8271,-0.977,-0.1855,-0.3367,0.4008,-1.2118
243170,0.77,0.1316,-2.6466,0.0156,-1.5889,-0.2979,-0.4766
243180,0.78,1.0753,0.7213,0.212,0.0065,-0.5931,0.4305
243190,1.17,-0.2566,-0.7887,-0.378,-1.3095,-0.1788,-0.4456
243200,-3.95,-3.5749,-16.67,-22.4548,-28.7233,0.9078,-0.2448
243210,-0.73,-1.3055,-3.3937,-2.8086,-5.4536,1.4907,-0.962
243220,2.62,-0.1041,-0.304,-0.8732,-0.2581,0.1136,-0.0947
243240,-3.1,-0.0938,-0.1074,-0.3661,-2.8551,0.2463,0.3414
243250,-3.94,0.9279,3.2828,1.3767,1.8693,-0.0837,0.045
243265,-2.85,1.4914,-12.8729,-5.9894,-15.2646,0.7989,-0.3137
243280,-3.245,0.0016,-2.4011,-2.7581,-3.1592,0.5703,-0.1156
243290,-3.84,-1.4708,-13.4332,-13.3826,-7.9247,0.4631,0.2708
243298,-2.97,-0.0452,-1.6244,0.0044,-6.9458,0.5115,-0.4267
243302,-0.16,-0.0563,-1.9471,-0.7983,-0.1375,-0.5489,-0.3095
243310,-3.48,-10.1331,-48.9023,-21.8768,-47.763,-0.0164,0.1015
243330,-2.73,0.0257,0.011,0.0292,-0.0057,0.9074,0.042
243340,-3.83,-2.3302,-0.0084,-0.0342,-0.9941,0.6474,-0.2251
243350,0.45,0.0231,-0.4968,0.1908,0.0554,0.2534,-0.5135
243355,-0.37,-0.0943,-3.1247,-3.306,-0.9963,-0.1917,0.7949
243360,0.86,-1.9583,-1.8573,-2.1008,-5.2101,0.153,-0.7848
243370,0.15,0.0076,-3.6241,-0.301,-5.4417,-0.6097,0.1156
243378,1.11,-1.1659,-0.6952,-2.7701,-1.287,-0.5189,-0.5919
243382,1.12,0.3328,0.0116,0.0734,0.065,-0.1055,-0.0255
243390,-1.71,9.7884,-0.0,0.3725,-0.5907,0.2615,-0.0753
243400,-0.13,-0.0006,-0.3197,-0.5008,-0.6193,0.2744,-0.3356
243410,-1.55,18.5928,18.4662,26.3739,11.3318,1.0437,-0.3408
243420,1.23,-0.0767,-0.0646,0.0673,-0.1369,-0.1108,-0.3823
243430,0.43,-32.3622,-9.9632,-14.5803,-15.6921,0.8412,-1.427
243440,-2.96,26.8582,5.8766,3.2202,-0.0024,0.5565,0.0712
243450,-1.32,-15.0857,-46.5228,-17.2417,-22.5092,1.1742,-1.0298
243460,-4.28,0.045,2.4438,1.3168,1.6699,0.8179,-0.1967
243465,-0.42,19.994,7.0851,16.9443,3.0977,0.0571,0.1422
243470,0.79,-0.3804,-1.3598,-0.1159,-0.8684,0.4289,-0.1517
243480,-4.45,-0.0042,-22.54,-15.5697,-12.4253,0.4385,-0.0508
243482,0.34,-1.1261,-0.2496,-0.3304,-1.1212,-0.0905,-0.0431
243490,-4.15,0.9165,-0.1617,-0.0618,0.0506,0.6073,-0.4561
243500,0.3,0.0166,0.0047,0.4949,0.0013,-0.0084,-0.3716
243510,-2.99,0.2842,-4.8191,-7.6623,-7.8799,0.4805,-0.0407
243520,-0.83,-0.7329,-4.3488,-2.502,-0.7718,0.3152,0.1418
243530,-2.95,-1.1805,-6.8165,-4.8608,-3.6373,0.8249,-0.2764
243540,-4.68,-9.3545,-18.1931,-19.5719,-9.1007,0.3829,-0.0045
243545,2.54,-1.7273,-1.356,-5.3589,-5.7872,0.1868,-0.1358
243550,0.57,-0.3799,-0.4696,-0.5465,-0.128,0.0125,-1.3805
243560,1.63,-0.3385,-0.3594,-0.0004,-0.0097,0.4776,-0.349
243570,-5.14,0.3557,0.8226,0.1205,1.0662,0.4477,-0.0797
243580,1.19,0.1117,0.1293,1.6145,0.4848,-0.8614,-1.1233
243590,-1.42,3.0361,6.1241,7.3947,5.9704,0.1353,-0.3682
243600,1.41,-0.0032,0.2963,-0.0823,-0.0331,-0.2532,-0.3139
243610,-0.6,2.1471,0.5785,0.553,0.1915,0.2378,-0.1139
243615,-0.17,1.002,0.0403,2.247,0.2322,0.3817,-0.1588
243620,-4.1,-3.6656,-2.7694,-1.3979,-4.3507,0.2499,0.5098
243635,-0.54,0.0501,-0.0084,0.2896,0.0034,0.1955,-0.1879
243655,-0.18,-0.0173,-0.0063,0.0628,-0.1597,0.7593,-0.1009
243670,0.11,1.4421,0.7962,0.8031,1.2312,0.18,-0.7359
243680,1.14,0.1055,-0.2497,-0.5187,0.0018,0.2355,-1.0423
243690,1.37,-0.0835,-0.3855,-0.6374,-4.1124,0.1854,-0.3848
243700,2.11,0.3846,0.1103,0.8025,0.4408,0.233,-1.5395
243710,-4.79,-2.5847,-0.7152,-1.4628,-0.4961,0.3572,-0.092
243720,1.5,-0.003,-1.2751,-0.312,-1.1923,-0.309,0.4756
243730,0.85,-59.4001,-96.4865,-110.2184,-92.0155,2.1839,-2.5741
243740,-0.61,-0.2238,-2.5203,-1.9141,-0.4002,-0.0248,-0.8435
243750,-1.7,-0.0523,0.607,0.1185,0.0443,0.6451,-0.9708
243760,0.88,14.0577,1.4621,0.123,-0.0075,-0.4595,0.4689
243770,-0.32,0.4814,-0.1188,-0.0366,-0.0154,0.4248,-0.8019
243780,-4.68,0.0518,1.526,-0.0272,-0.23,0.8673,-0.5062
243790,-0.5,-0.0086,-0.1629,-0.0694,-0.2526,0.5904,-1.7312
243800,0.25,34.3096,-2.7958,4.6014,-0.0417,1.0086,0.5248
243900,1.48,-0.0062,-0.0002,-0.1096,-0.1591,-0.1547,-0.1851
243910,1.57,-0.0508,-0.1364,-0.071,-0.0894,0.2346,0.4651
243920,-5.35,-2.835,-4.3917,-2.3148,-0.9986,0.3405,-0.0407
243930,0.25,-1.0044,0.2478,1.062,-0.2756,1.913,-1.8717
243940,1.54,0.0015,-0.4485,0.0404,-0.0198,0.2744,-0.8896
243950,-5.18,21.4411,8.4078,4.272,4.7786,0.4466,-0.0407
243960,-2.28,1.4657,0.2849,0.8273,0.0569,-0.0591,0.3196
243970,-0.58,0.3396,0.1024,2.1714,-0.0,-1.4681,0.9621
243980,-3.21,-0.0905,-2.1125,-3.5143,-5.7378,0.7913,0.0096
243990,-1.94,-29.7581,-4.2718,-5.3748,-3.0474,0.9916,-1.3707
244000,-5.03,0.0057,-0.0188,-1.0581,-1.4618,0.599,-0.0407
244010,-0.71,-2.7613,-0.3245,-0.9714,-1.1805,0.6161,0.0804
244015,1.53,-0.1491,-0.5939,-0.7942,-1.3935,0.3945,-0.5979
244020,0.2,0.0002,-0.0296,-0.1451,-0.5195,0.2328,0.3643
244030,1.2,0.2258,0.2671,0.1894,0.3574,-0.197,-0.4698
244040,-4.42,-0.0634,-0.1684,-0.3872,-0.0823,0.889,0.0076
244050,-3.01,0.6132,-0.7917,-3.8783,-0.6735,0.471,-0.5758
244060,0.42,-0.0737,0.0984,1.0844,-0.842,0.2766,-0.3066
244070,1.72,0.005,-0.3139,-0.0391,-0.3626,-0.0737,-0.0069
244080,0.26,-31.2806,-18.4844,-9.8403,-7.2,0.6074,-1.4618
244090,-1.51,-4.3326,-2.5886,-0.4279,-0.5556,0.1895,-0.0491
244100,-4.36,-0.105,-5.4374,-1.9004,-10.0856,0.5941,-0.2603
244110,-0.88,1.9361,-0.4838,-0.1286,-2.8581,0.4039,-0.2245
244120,-0.72,-2.4654,-3.4633,-9.0336,-3.1574,0.2079,-0.3078
244130,-0.27,0.4969,-1.9951,2.1321,-1.1278,-0.0988,-0.0009
244140,-2.42,-0.0763,-8.2572,2.5827,-15.2844,1.1289,-0.5075
244150,0.27,-2.6254,-0.6527,-1.1388,-3.9093,-0.138,-0.5899
244160,-2.03,-0.0062,-0.8834,-0.4224,-0.7086,-0.0815,0.0927
244165,0.6,0.6944,2.6757,4.3933,1.013,,
244170,,,,,,0.2425,0.2122
244180,-1.34,-3.3996,-2.2345,-6.9566,-13.1534,0.9856,-0.8315
244190,-2.43,-0.846,-2.4826,-0.8781,-1.4825,0.9453,-1.1226
244200,-4.8,-0.0291,-0.1871,-2.0976,-5.1444,0.421,-0.0407
244210,-4.72,25.7436,0.5109,4.0559,0.4209,0.4765,0.2171
244220,-3.48,0.865,-2.8002,-1.4264,0.0021,0.3801,-0.4032
244230,-1.63,0.2972,-1.0454,-0.4249,-2.1627,0.1633,-0.5013
244240,-4.4,-0.7221,-1.1031,-0.0536,-0.7994,0.442,-0.0407
244250,0.79,-9.5728,-1.1231,-2.6584,-8.2275,0.0258,-0.3734
244260,0.91,2.2305,2.5332,5.8032,0.2989,0.1078,-0.428
244270,-2.12,-59.2684,-8.3933,-12.6622,-16.3753,0.4207,-1.4497
244280,1.67,-18.1935,-0.1095,-0.3011,-1.0773,0.0694,-0.6552
244290,-4.87,0.3067,0.1213,-0.0051,0.0036,0.599,-0.0508
244300,-2.04,0.7081,-0.0785,-0.5476,-1.1345,1.6425,-1.1746
244310,-3.71,-0.1039,-0.5677,-0.1548,-0.5027,0.3647,0.0677
244320,-3.74,-0.8061,-0.4925,0.0,0.0241,0.5733,-0.3233
244335,1.72,-0.3885,-1.102,-0.4226,-0.3662,0.1947,-0.5525
244350,0.68,0.021,-0.3717,0.0126,0.1518,0.8508,-0.3371
244360,0.95,-0.066,0.0306,0.0,0.5219,-0.8386,-0.7576
244370,-3.06,7.5425,0.145,6.2355,0.7492,-0.3436,0.1869
244380,-4.92,-2.6255,-0.4292,-2.9199,-0.2135,0.5222,-0.0407
244390,-0.92,3.6718,-0.1089,0.1435,-0.02,1.0776,-0.9244
244400,0.78,-0.0721,-1.2247,-0.2646,-2.8677,-0.1071,-0.0327
244406,1.35,-0.3781,-1.6845,-0.6909,-0.1099,0.5033,-0.168
244408,0.51,0.1657,0.0658,0.7429,1.3496,-0.063,-0.8927
244412,-0.73,0.0007,0.0,-0.0004,-0.0018,-0.0091,0.2047
244420,-5.63,1.122,-10.559,-1.2071,-13.7251,0.5269,-0.0305
244430,-3.84,0.8565,-0.0464,-0.5378,-0.168,0.2791,-0.665
244440,1.02,4.6386,1.6705,4.2594,2.1248,0.5703,-0.5754
244450,0.51,-0.4218,-2.1856,-0.0627,-0.4751,-0.0914,-0.459
244460,-1.5,-18.0667,-1.5834,-10.0855,-4.8861,-0.2132,-0.5305
244470,-4.21,-0.0096,-14.0818,-0.0769,-15.8658,-0.1315,-0.0407
244480,0.12,-2.4458,-1.2935,-3.7552,-3.1392,0.1739,0.2488
244490,-0.93,0.5803,1.4442,1.0875,1.0796,-0.6163,0.6344
244500,-3.22,-4.8624,-8.9175,-3.6101,-3.0764,0.7616,0.0393
244510,-1.45,0.6861,0.1215,1.413,0.9533,-0.5408,-0.1534
244515,1.14,-0.0208,-0.082,-0.0139,-0.0495,-0.3781,-0.1202
244520,-5.05,-1.1976,-16.9018,-9.0864,-15.4249,0.174,-0.2179
244530,2.12,2.3723,0.2356,-0.0036,0.0055,0.1938,-0.119
244540,1.52,0.1009,-0.057,0.2046,0.2764,-0.3767,0.2925
244550,-0.35,-62.1951,-51.757,-37.6018,-28.2952,-0.1203,0.8083
244560,-4.39,0.746,-0.0025,0.0088,0.0529,0.4969,-0.0305
244570,-2.86,-0.0008,0.0167,-0.019,-0.0043,-0.0809,0.2881
244580,-3.21,-27.7799,-28.3579,-3.4269,-5.281,0.3562,0.0003
244590,0.51,-0.0588,-0.253,-0.0649,-0.2313,0.472,-0.7393
244600,-4.01,0.0639,-13.2147,-0.1126,-5.469,0.3956,0.1097
244610,-0.89,0.0435,-0.0753,0.0359,0.0453,0.6783,-1.7097
244620,1.03,-0.2122,-2.6342,-1.8576,-3.3837,-1.0456,0.9646
244630,-3.16,-127.0031,-69.6914,-58.7546,-82.2836,0.3055,0.0454
244640,-1.08,-0.7955,-1.6763,-0.7453,-0.518,0.1138,-0.8283
244645,0.23,0.1161,0.0,0.003,-0.0787,1.7501,-1.02
244650,-4.08,15.0624,7.125,6.0154,4.038,0.599,-0.0407
244660,0.97,-3.9463,-5.1414,-6.1063,-2.7891,-0.0163,-1.0195
244670,-0.22,-8.2098,-5.9958,-2.5659,-6.9267,0.1703,-1.7504
244680,-1.97,-0.0493,-0.2617,-0.0238,-0.1123,0.9923,-0.3241
244690,0.68,-9.963,-29.8353,-12.9584,-9.5536,0.8706,-0.0162
244700,-1.33,78.3075,20.2146,2.9549,0.552,-0.3405,-0.487
244710,1.4,0.9497,4.537,1.7117,2.6453,-0.3163,0.0271
244715,0.77,0.0965,-0.0093,0.1024,0.1851,0.7996,-0.3136
244720,-1.91,-0.1315,-0.9283,-2.1585,-0.0189,0.7719,-0.7846
244726,-3.24,-3.0783,-2.4275,-0.5341,-0.4542,-0.0648,-1.6206
244728,-0.56,0.0075,0.014,-0.0169,-0.0939,0.4177,-0.915
244732,-0.47,-3.8232,-0.7679,-8.2425,-2.465,0.6344,-1.257
244840,-3.58,-62.8192,-38.5618,-29.9208,-30.5755,0.4881,-0.0407
244850,-1.13,0.1558,0.0073,0.2372,0.0943,0.1193,-0.2919
244860,-2.59,-34.2262,-7.3328,-7.4911,-5.0066,-0.5703,-0.6355
244870,0.32,-0.0902,-3.594,-3.6837,-5.895,-0.2076,-0.4252
244880,-4.35,-0.1772,-16.1688,1.4426,-2.806,0.5225,-0.0407
244890,-0.52,-0.8657,-4.4438,-3.1466,-1.1986,0.3767,0.4739
244900,0.0,-1.6015,-4.1149,-4.1508,-11.7307,0.3129,0.0284
244910,1.64,-0.3996,-0.3581,-0.0777,-0.678,0.1914,0.1249
244920,-0.82,-0.002,0.6468,-0.0137,-0.3588,-0.5582,0.1497
244940,1.04,-0.0259,0.7767,1.3914,0.2216,-0.295,-0.3367
244950,0.36,-1.3142,-2.343,-1.5752,-3.2425,-0.9003,-0.0004
245428,,0.5203,0.0085,0.0366,-0.034,,
245432,2.26,0.1247,0.1169,-0.0052,-0.0001,-0.0427,-0.1751
245435,0.92,0.1938,0.4504,0.7784,-0.6612,-0.5414,0.1315
245440,0.62,-0.0076,-0.2974,-0.1989,-0.083,0.3856,-0.9033
245450,-2.95,-0.3814,-9.984,-1.0824,-8.4623,0.4106,-0.076
245460,-4.68,-9.0267,-1.7295,-2.7644,-0.4174,0.4337,-0.0407
245470,-0.38,-99.8449,-30.3191,-50.8849,-26.8023,-0.2158,-0.7429
245475,1.52,-0.3122,0.0042,0.005,-0.0843,-0.3314,-0.6292
245480,1.24,-0.3471,-0.0017,0.0951,-0.0038,-0.0905,0.0487
245485,1.59,0.0002,0.0461,0.2182,0.669,0.2026,-0.8579
245490,-1.71,-2.4116,-8.5273,-5.1531,-29.816,0.4242,-0.4992
245500,0.53,-14.4474,-5.3067,-13.0264,-7.8457,0.2248,-1.5772
245510,-3.76,-4.7089,-2.4945,-0.1024,0.1464,0.5795,-0.1175
245520,-2.84,1.6162,-0.329,-0.2688,-0.0098,-0.2793,-0.7461
245530,-0.55,-0.0097,-0.6642,-0.0278,-0.5264,-1.0392,0.7504
245550,-0.32,-0.4272,-0.3117,-0.1165,-0.2492,0.3458,-1.1823
245560,-0.29,-8.1795,-4.2825,-3.7714,-2.4208,0.602,-1.2065
245570,-5.2,-49.703,-27.6645,-19.1065,-23.7915,0.599,-0.0305
245580,-4.0,5.6553,0.5011,-0.0823,-0.0203,0.4958,-0.2455
245590,-1.12,19.3829,2.8547,12.4589,9.9671,-0.0362,0.0658
245600,1.56,-0.4255,-1.1367,-0.8499,-2.471,-0.5549,-0.0825
245610,0.74,2.8408,0.3289,3.9293,0.606,0.0722,0.1539
245620,-4.61,-0.0988,5.6406,1.5316,2.2507,0.3776,-0.0305
245630,-2.46,13.8466,-19.7021,-1.4076,-6.2711,-0.0176,-1.223
245640,-0.33,-4.6584,-19.9778,-6.1926,-6.3341,1.1138,-1.8782
245650,-3.65,-1.0244,-2.3697,-9.6361,-4.0197,0.6872,-0.3537
245660,-2.59,0.059,-0.0625,0.0161,0.0344,0.8375,0.1741
245670,0.15,36.3222,20.976,5.2623,3.107,1.2292,-0.2108
245680,-3.65,-0.8816,-9.0265,-2.8388,-3.7885,0.5427,0.1892
245710,1.15,-0.1017,0.0005,0.578,0.1248,0.0848,-0.4265
245720,-0.25,-1.7582,-1.4199,-0.8534,-2.1891,0.2159,-0.1096
245730,-1.93,19.9288,8.5876,6.6436,2.9459,2.1934,-0.6641
245740,0.31,0.4073,0.7304,0.4658,0.1928,0.5482,-0.754
245746,-1.3,0.0038,0.7073,0.2248,-0.0371,-0.1172,0.4156
245748,-1.18,0.1907,-0.0149,0.1899,0.0159,0.5008,-0.5413
245752,-0.47,0.0005,-0.0088,0.2727,0.1037,-0.4942,0.1523
245760,0.69,0.0531,0.3732,0.8369,0.1411,-0.3185,-0.2561
245770,1.2,0.0936,0.4255,0.3877,0.3049,0.7272,-0.7399
245980,1.82,0.0119,0.1221,0.0248,-0.0255,0.0099,-0.5743
245990,-2.52,-0.0035,-16.4119,0.0,-1.8521,0.4143,0.0693
245995,-0.12,-6.2968,-8.1988,-9.6604,-2.6171,0.2628,-0.4401
246000,-3.24,3.5053,-0.0552,-0.0389,-1.7587,0.3953,0.0021
246010,1.0,0.1827,-0.0049,2.3775,2.431,0.2259,-0.3367
246020,-2.69,-0.1346,-0.9687,-0.9572,-26.1211,-0.1577,0.0472
246030,-4.73,-1.1876,-11.9057,-5.94,-6.1968,0.4064,0.065
246040,-3.29,0.0634,-0.1742,-0.4271,-2.223,0.4059,-0.3235
246050,-4.83,-0.0004,-1.6277,-0.2727,-0.3589,0.3867,-0.0407
246060,-5.97,-3.7296,-0.2762,-5.1495,-10.9677,0.516,-0.0407
246070,1.21,0.1516,-0.0885,0.0009,0.0253,-0.2124,-0.6398
246080,0.16,-0.1707,-0.4389,0.0399,0.0724,0.5153,-1.7102
246090,-0.05,3.2294,0.5593,2.2339,-0.004,0.5902,-0.9205
246100,-4.97,-2.2177,0.666,0.3924,1.4073,0.599,-0.0407
246110,0.7,-0.0221,-0.433,-0.1098,-0.4695,0.0887,-1.055
246120,1.37,-0.656,-0.2523,-0.7932,-0.5014,0.1732,-0.4172
246130,1.24,-1.227,0.0956,0.123,0.3683,0.0938,0.2417
246140,-1.25,0.0137,-0.9541,-0.444,-0.3163,0.2982,-0.2558
246160,-1.2,-2.1041,-0.3039,0.6528,-0.0374,0.8727,0.4486
246170,-4.85,-1.0612,0.1692,0.0207,0.1699,0.1653,-0.0407
246178,0.2,-1.0555,0.0022,-0.04,-0.0105,0.062,-1.5432
246190,-5.89,-0.0156,-4.1344,0.0198,-1.6945,0.5835,-0.0407
246200,-1.04,-7.1768,-15.6323,-7.8736,-21.7482,0.5813,-0.5009
246210,1.25,0.0051,-0.8737,-0.1487,-0.0855,-0.2926,-0.3917
246220,0.29,0.0452,-0.0017,-0.0293,-0.0,0.1145,-0.8899
246230,2.01,0.0195,0.1887,-0.0009,0.1093,0.1139,0.1173
246330,-0.23,-1.6498,-1.0174,0.8051,-4.2919,1.8928,-2.8109
246340,-1.72,-0.0078,-0.9361,-0.0512,0.0125,0.5958,-0.2673
246450,0.85,0.0174,-0.0941,0.0369,0.0422,-0.29,0.2011
246460,0.24,0.5608,0.3756,0.0,0.0818,0.2705,-0.3998
246475,-5.66,-0.0127,-2.4541,-1.3529,-0.5224,0.3398,-0.0407
246485,0.97,-0.3793,-0.9379,-0.5686,-0.7036,-0.0701,0.2656
246490,0.15,-6.7693,0.0001,0.0005,-0.1046,-0.2298,-0.2583
246500,-5.56,0.2486,0.2183,0.7865,1.2417,0.4454,-0.0305
246510,-2.32,0.9678,-1.1518,-0.0429,-0.0804,0.3372,0.1148
246520,-4.97,-21.4089,-68.9595,-24.5664,-63.5821,0.5368,-0.0305
246530,-4.1,-14.9218,-1.0657,-14.6952,-4.8317,0.2973,0.2548
246535,-0.06,-0.1222,-1.7917,-0.2284,-0.3073,0.4646,-1.5367
246540,-4.36,-19.9296,0.1398,-0.0497,-0.7278,0.4657,0.0408
246550,-1.87,-2.2304,-3.0589,-17.9539,-3.5958,0.5688,-0.3815
246555,0.92,-0.0,-2.7257,-0.0314,-0.8565,0.1035,-0.7268
246560,-5.05,0.1683,0.1566,0.5077,0.8158,0.395,0.0071
246570,1.66,-2.9293,-8.705,-2.4848,-2.9465,0.5892,-0.6638
246580,-3.92,17.264,6.9956,6.4256,3.5793,0.5674,-0.2711
246590,-0.28,-0.0167,0.0001,-0.0196,0.1414,-0.0206,-0.0684
246600,-0.49,3.4975,0.6038,0.716,-0.2215,0.3945,-1.2524
246610,-4.56,-0.0385,-9.1642,-0.7537,-11.7908,0.502,-0.0407
246620,-4.04,-2.8553,0.315,0.032,0.3403,0.2481,-0.3167
246630,-5.32,0.0441,-0.3342,-1.1617,-0.0251,0.599,-0.0407
246635,0.41,-0.0001,-0.0995,-0.0261,-0.0005,-0.6994,0.1829
246640,0.32,-0.2721,0.0087,-0.0011,0.0004,0.1257,-0.1182
246650,-0.07,1.6806,0.8168,0.4143,1.1198,0.1291,-0.3994
246660,-0.92,0.3155,-0.1441,0.0044,-0.02,0.3659,-1.8863
246670,-3.64,-5.6464,-19.647,-18.7047,-8.8273,0.5062,-0.4461
246690,-0.63,-0.0012,-0.0813,1.6074,-13.8293,-0.7726,0.8653
246700,0.55,-0.0016,0.0055,-0.2824,-0.1577,-0.1675,0.005
246710,-2.18,0.1214,-0.0156,-0.4289,-2.441,1.1127,-0.1203
246720,0.24,4.8241,0.7188,0.1471,0.0119,0.6765,-0.8313
246730,-3.05,-9.2942,-7.7936,-11.3587,-9.8118,-0.0805,0.1568
246740,-3.36,-0.7325,-4.6646,-0.0619,-8.9414,0.6546,-0.1193
246750,-0.06,-2.4204,-9.2909,-4.5175,-1.726,0.0038,-0.5504
246760,-1.29,-0.1772,-2.0453,-1.3331,-2.2717,1.4561,-1.0419
246763,0.84,-0.0225,-0.4295,0.0059,0.0001,-0.0303,-0.5062
246770,0.7,-16.0564,-16.4984,-11.9749,-14.1304,0.0916,0.6175
246780,-2.33,0.5708,-0.0259,15.5266,0.0356,0.6709,-0.1307
246800,0.56,6.2839,1.9034,0.2321,0.335,-0.6326,-0.6879
246910,-0.52,2.711,0.0894,1.2831,2.8176,0.4869,-0.296
246920,-0.98,-2.1157,-3.2018,-1.6332,-10.7809,-0.1787,-0.0215
246930,1.09,0.0071,0.3188,0.4502,0.1287,0.1265,0.3395
246940,0.75,-2.11,-1.6869,-0.6955,-0.194,0.5101,-0.675
246950,-3.88,-1.4755,-5.7924,-0.9333,-4.8275,0.9418,-0.3282
246960,-0.45,-0.5737,-0.0823,-0.2684,-0.8921,0.6317,-0.3728
246970,-4.29,-7.4094,-6.8425,-6.3795,-6.7415,0.372,-0.2675
246978,-4.96,-4.6427,-30.7381,-14.2523,-11.7145,0.4153,0.4447
246982,-2.7,-13.7747,-8.5523,-7.8188,-7.1497,0.8104,-0.0407
246990,-0.29,2.0636,1.0392,3.9382,2.546,0.5788,0.1638
246995,1.5,0.0015,-0.2826,0.0034,-0.1481,0.8989,-1.5647
247000,-3.6,-6.6747,-0.5753,-0.7033,-0.1167,0.1163,0.4828
247010,1.28,-0.475,-0.9739,-3.2254,-1.3538,0.2925,-0.1448
247015,-2.37,-0.0039,-2.4014,-0.2952,-1.6087,-0.246,-0.079
247020,-1.73,-33.0942,-81.3097,-41.5537,-91.5299,0.5207,-0.1237
247025,1.54,-0.0156,-0.9263,-0.0266,-0.0287,0.1753,-0.3913
247030,-1.51,-12.5655,-10.5882,-12.2769,-5.3996,1.589,-1.231
247040,-3.37,-1.2343,-12.7411,-3.5622,-2.5014,0.5445,-0.1797
247050,-4.48,-1.5796,-16.0795,-1.8781,-5.3319,0.3195,-0.1463
247195,-3.31,-0.0612,-1.9213,-0.2719,-1.0784,0.6419,-0.0496
247220,1.77,0.3941,-0.255,-0.2607,-0.0987,0.1536,0.3444
247230,-4.2,-0.2872,-0.0562,-0.3511,-0.0338,0.4731,-0.0407
247240,0.85,-1.0965,-3.8559,-0.4397,-2.1355,0.0434,-0.1883
247250,-4.6,0.2479,-0.0005,0.417,-0.0259,0.2858,0.1211
247260,1.89,-0.0165,-0.0653,0.246,-0.0007,-0.3164,0.29
247270,-0.65,-0.8434,-0.5213,-0.1035,-0.7716,0.3779,-0.6527
247280,-0.97,-0.18,-0.3841,-0.3456,-2.7555,0.3161,-0.5529
247290,-1.16,-3.0151,-1.0301,-0.4607,-1.018,0.7218,-0.7396
247300,-0.08,-3.02,-0.8708,-0.0425,-0.4844,0.9206,-1.2035
247305,1.05,-0.0163,-0.0246,0.0408,-0.0184,0.0149,-0.4396
247310,1.55,0.0007,-1.5814,-0.1013,-0.9444,0.093,-0.5282
247320,-0.17,-0.0296,-8.788,-1.8424,-1.6592,-0.0464,-0.5621
247330,-4.38,-0.0124,-5.3473,-18.2328,-19.6461,0.31,0.1418
247340,0.6,-0.1754,-0.032,-0.6281,-0.3814,-0.1236,-0.9371
247350,0.8,-0.0844,-0.2209,0.3974,-0.0324,0.1187,-0.5315
247360,1.56,-82.2473,-71.382,-51.3027,-44.5599,-3.166,-1.2337
247370,-1.42,-59.5597,-22.5361,-7.6924,-9.2115,0.8233,-1.426
247380,-3.91,6.305,-0.0022,-2.032,-0.0126,0.396,0.0457
247390,-2.85,-0.0691,-0.0303,-0.0209,-0.8202,0.5848,-0.0018
247400,1.14,-0.7226,-0.4056,-0.0486,-0.4756,0.3169,-0.3125
247410,-3.9,-2.3768,-16.7844,-5.1978,-1.6805,0.4808,-0.6275
247420,1.42,0.3931,-0.4417,-0.1735,-0.1591,-0.0954,-0.2739
247440,1.72,-3.638,-0.4481,-0.0035,-0.0801,-0.195,0.3454
247450,-3.03,-13.9709,-2.9523,-1.3065,-0.2129,0.4951,-0.5309
247460,-4.69,0.0025,0.0257,0.0143,0.0515,0.6333,-0.1483
247470,-3.33,-1.122,-17.8515,-3.1986,-41.7811,-0.0787,0.348
247485,-3.05,0.077,-0.0053,0.544,0.0063,0.6459,-1.4957
247500,0.02,-0.0001,0.0008,-0.0032,-0.1317,-0.0865,-1.2862
247510,-4.77,1.1828,1.3186,-1.5137,-0.0778,0.4815,0.1679
247520,0.68,-4.0958,0.0208,0.0102,0.05,0.2572,-0.2124
247530,1.77,-0.9055,-0.8706,-2.8635,-1.8591,-0.1375,-0.1672
247540,-2.35,3.3622,3.3667,7.2399,2.9066,0.1669,-0.3318
247550,-5.1,0.0001,-0.0047,-0.0005,0.3916,0.4717,-0.0407
247560,0.46,-0.1222,-6.5572,-0.3277,-2.7098,0.2898,-1.1323
247570,0.63,-0.7337,-0.5794,-0.4508,-1.1947,0.2955,-0.2349
247580,-0.07,70.0119,29.3395,38.7157,4.363,0.9362,-0.8055
247590,0.03,-5.8125,-8.1822,-9.89,-13.8457,-0.0678,-0.0128
247600,-2.0,-37.3161,-20.5525,-7.081,-11.5626,0.4211,-0.0305
247610,-3.39,5.6321,8.8344,1.7819,1.1856,0.2303,0.2801
247620,-0.52,0.0012,-0.9986,-1.4977,-1.7245,0.4556,-0.1274
247630,0.85,-32.0826,-28.8256,-18.6756,-11.9887,-0.6895,-0.021
247640,-4.66,0.2425,-14.2473,-2.7284,-10.6331,0.4405,-0.0698
247648,-5.2,24.975,-1.9862,0.0587,-2.3836,0.2376,-0.0508
247652,-0.73,-2.5096,-0.283,-1.5031,-1.1664,0.1324,-0.6417
247660,1.04,-0.1844,-0.4256,-0.7947,-0.4808,-0.4201,-0.4269
247670,-0.31,12.7463,1.2738,15.8698,0.4064,1.5536,-0.1233
247680,-4.46,1.1844,2.8709,2.6525,3.5465,0.5445,-0.0407
247690,-1.5,48.5109,-0.156,-0.7212,-2.5197,0.5457,-0.3121
247700,-5.12,-0.2183,-8.503,-1.8199,-5.278,0.4182,-0.0407
247710,0.13,2.3918,2.8602,18.6238,6.1235,-0.5469,-0.0081
247720,-1.14,0.1482,-0.0011,-0.3308,-0.2101,0.3314,-0.5076
247730,-2.05,34.572,-0.0629,7.4288,0.4471,1.2475,-0.4953
247740,0.31,11.8283,0.0712,28.1994,4.99,-0.192,-0.5653
247750,1.25,0.0106,-1.0657,-0.2709,-1.2869,-0.2323,-0.5334
247760,1.35,-228.5371,-78.6818,-103.3887,-81.4489,0.1071,-1.451
247770,-2.61,-0.0132,-24.0528,-0.1355,-20.4747,0.4305,-1.2745
247780,0.88,0.7389,0.4654,-0.0218,-0.0407,-0.0401,-0.4261
247790,-2.62,-0.0377,1.1594,2.7232,1.4304,0.4536,-0.7589
247850,-1.72,-0.0183,-0.001,-0.0291,-0.4739,0.3007,0.0312
247920,-0.47,-0.4858,-0.7813,-3.1054,-1.1662,0.5189,-0.3195
247930,-3.2,-0.0,0.1686,-0.0,0.107,0.4239,-0.4752
247940,0.66,0.0075,-0.1384,0.1106,-0.0021,-0.0443,-1.3909
247950,-0.8,-1.2975,-3.4481,-1.6302,-31.1358,-0.0738,0.1327
247960,1.02,0.0022,-0.3124,-2.9477,-1.9191,0.2754,-0.1098
247970,-0.94,0.3894,0.7527,1.9437,1.5832,-0.2938,0.6165
247980,0.42,-0.7896,-8.5014,-1.501,-4.2756,-0.0178,-1.3468
248100,-0.55,-0.3924,0.0659,0.0574,0.1898,0.379,0.4346
248110,-0.1,0.5915,-0.0558,-0.0526,-0.285,0.2535,-1.3052
248120,-3.19,-13.2903,-44.9962,-70.767,-62.8504,0.3229,-0.0536
248130,0.1,-4.5787,-6.8837,-3.4301,-4.5217,-0.426,0.3723
248140,0.57,-7.9291,-0.1632,-0.5276,-2.1485,-0.2901,-0.262
248150,-1.72,5.4376,-2.6768,0.0137,-0.2859,0.1443,-0.0716
248160,-0.75,0.0069,-0.0002,0.046,-0.0063,0.3525,-0.32
248170,-0.78,2.0994,0.5428,2.7669,0.7743,0.6051,-0.3775
248180,0.9,0.4899,-0.4807,-0.011,-0.1372,0.7397,0.2468
248190,-0.06,11.103,3.6216,3.7165,1.8909,0.1868,-0.1978
248200,-3.76,1.8574,-0.6438,-19.9457,-13.5537,0.6604,-0.7184
248210,-0.24,0.0348,0.4898,0.467,0.1522,-0.7377,0.3625
248225,-0.91,0.2464,0.0015,0.0783,-0.1113,-0.4473,-1.0402
248240,0.81,0.2045,-1.4261,-0.0154,-0.0439,0.314,-1.2413
248250,-2.7,-48.0602,-17.0035,-37.4136,-30.6973,0.6116,-0.3326
248260,-0.23,0.1088,2.078,0.1907,0.6803,0.6646,-0.1958
248270,0.28,-11.1132,-8.2558,-9.972,-13.5226,0.4531,-1.1408
248280,1.0,-0.049,-0.0698,0.0745,0.0461,-0.2338,0.1487
248290,-2.75,-36.1187,-35.8634,-8.6223,-35.8424,0.6328,-0.7856
248300,-5.13,0.0695,-18.6509,-27.7988,-5.8725,0.6215,-0.0496
248310,1.07,-0.1107,-0.001,0.0022,-0.0,0.3529,-1.2043
248320,-5.17,-3.0215,-2.8871,-6.2376,-0.6755,0.5788,-0.0407
248330,0.73,-0.1978,-2.4496,-0.5668,-2.0331,0.4205,-0.3343
248340,-4.59,-0.0332,-2.6376,-0.9519,-1.2037,0.599,0.1861
248350,1.44,0.1535,-0.0031,-0.3374,-0.0127,0.6426,-0.4636
248360,1.62,0.0898,0.018,1.351,0.6091,-0.7568,0.3651
248370,-3.7,-30.9147,-15.1971,-10.7288,-15.1981,0.628,0.0002
248380,1.73,-0.3001,-2.2071,-3.0112,-2.2296,0.3766,-0.4044
248390,-3.23,-4.4329,-8.1434,-0.5804,-18.2977,-0.0614,0.2856
248400,0.76,1.571,-0.0826,-2.3133,-0.6915,0.1937,-0.7659
248420,1.33,0.0619,0.6597,0.1616,0.276,0.0464,-0.4114
248425,1.42,-0.7896,-1.7151,-2.9762,-2.2324,-0.6357,-0.8348
248430,1.15,0.0021,-0.0782,-0.228,-0.1774,0.7915,-0.7629
248440,0.69,0.1001,-0.0489,-1.8273,-2.2317,0.5176,-1.0983
248445,-0.63,-0.2854,-0.379,-0.2972,-0.6567,0.4716,-0.5301
248450,0.28,20.0778,1.0646,0.1417,0.0383,0.1215,-0.1771
248460,1.18,-0.5608,-0.6226,-0.2569,-2.8622,0.3477,-1.185
248470,-1.26,-0.0092,0.4164,0.0048,0.3038,0.776,-0.1599
248480,-4.26,0.0009,-0.0828,-0.0215,-0.0022,0.5939,-0.6852
248490,-4.28,1.1377,-21.6894,-0.4684,-2.0891,0.2726,-0.4245
248500,-3.54,3.7778,-4.8149,-2.3099,-3.9501,0.1075,-0.0407
248510,-4.26,-0.2182,-10.8751,0.181,-6.0558,0.7931,-0.6031
248520,0.0,-3.5508,-3.1063,-3.8142,-7.0766,0.2804,0.1015
248530,-2.17,-0.0003,-0.1012,-0.0155,-0.5299,0.2653,-0.6045
248540,-0.88,3.1805,0.0193,0.7698,0.1056,0.8039,-0.6009
248550,-1.66,-8.2211,-0.966,-10.7675,-11.1883,0.0492,-0.6373
248560,0.26,-0.9029,-1.0642,-0.1513,-0.7364,-1.4623,0.0523
248570,0.01,-1.5984,-4.6598,-4.5284,-8.2378,-0.4542,0.3643
248590,0.51,-3.9776,-4.321,-2.2696,-2.7761,-0.0996,-0.7628
248600,0.34,25.7613,5.9741,12.4506,4.3933,0.9006,-0.5184
248610,-0.75,-0.8467,0.0023,0.877,0.3561,0.3445,-0.0492
248620,0.7,0.1253,-0.3966,-0.2815,-0.2288,0.03,-0.4314
248630,-1.82,-0.1977,4.4161,1.1775,1.7667,0.1562,-0.1841
248640,-2.54,-38.2166,-49.5842,-27.1907,-75.6132,0.462,-0.0407
248660,-2.58,-0.5853,-3.7657,0.0029,-2.9539,0.1526,0.1317
248670,1.27,-0.003,0.0031,0.0023,0.1737,-0.1367,-0.2444
248673,0.54,-0.1035,-0.005,-0.9783,-1.0796,1.2087,-0.1859
248677,1.22,-0.0165,-0.0223,-0.2461,-3.0985,0.317,-0.7251
248680,-1.0,0.0002,-1.4842,-0.0696,-5.6934,0.5855,-0.1752
248690,0.45,-0.2887,-0.8814,-0.8777,-0.3554,0.1775,-1.0335
248700,-0.17,6.3544,-0.1505,-1.9618,-2.188,0.6997,-0.1643
248710,-0.35,-0.2787,-0.0007,-0.228,-0.0,0.8634,-1.0331
248720,-0.91,56.1427,57.0302,67.2899,64.4904,0.8068,1.3686
248730,0.42,0.1191,-0.0285,0.2425,-0.2779,0.0894,-0.3727
248740,-4.02,16.3015,2.7546,1.4935,0.2084,1.419,-0.4474
248750,-0.12,0.0965,-1.6919,-0.0183,-2.1953,0.3472,-0.6997
248760,-0.43,0.643,0.6373,0.9162,0.2255,0.3729,-0.641
248770,-3.25,-2.236,-8.8034,-11.408,-8.9685,0.6267,-0.0091
248780,-2.47,0.2367,1.3883,0.4286,-0.0227,0.8654,-0.4168
248790,-4.0,0.1689,-5.8853,-0.0416,-9.9873,-0.1975,-0.0566
248800,-2.18,0.0003,-0.4819,-1.6585,-1.2077,0.2202,0.9118
248810,-0.8,0.1856,-3.4304,-0.1756,-1.0056,-0.4921,1.4541
248820,0.78,-0.6479,-3.5047,-1.2691,-2.5213,-0.3863,0.4246
248830,-4.54,-2.7889,-1.349,-0.1169,-0.0155,0.6693,-0.5607
248840,-0.83,0.1434,0.1615,0.0214,0.0703,-0.1764,-0.3587
248850,-3.81,-0.3934,0.5313,0.3356,1.0657,-0.0905,-0.3198
248860,-4.61,0.0707,0.0128,0.6084,0.5979,0.8663,-0.2108
248870,-1.07,0.0001,-0.0119,-0.4084,-0.4152,0.0101,0.041
248880,-2.67,-0.0913,-0.1294,-0.0121,-0.3841,0.1734,-0.1051
248890,-4.54,-0.4205,0.0468,1.8345,0.0065,0.5788,-0.0407
248900,0.71,-0.2077,-0.9088,-0.6153,-1.2802,0.7515,-1.442
248940,2.18,-0.2667,-7.9568,-6.0822,-3.4181,-0.2583,-0.098
248950,-3.72,0.0062,0.0351,0.4822,0.0705,0.6136,-0.058
248960,-0.59,-0.677,-0.2011,-0.3968,-4.2203,0.5131,-0.8681
248970,1.34,0.1729,-0.3562,-0.0018,-2.023,0.0389,-0.8613
248980,-0.47,-48.2184,-131.6191,-57.3194,-100.1319,0.7961,0.0042
248990,1.7,-2.987,-1.4041,-0.7939,-1.1798,0.1341,-0.6283
249000,0.44,-0.0163,-0.0002,0.0007,-0.0169,0.2496,-1.144
249010,0.43,0.0116,0.3906,0.0108,0.0736,-0.1214,0.456
249020,0.44,-0.0002,-2.1072,-0.0071,-1.093,0.134,-0.093
249030,1.64,1.2338,0.2029,0.5224,0.6729,0.0068,0.3155
249040,-0.82,-0.0006,0.1953,0.6713,0.2769,-0.0311,-0.0452
249150,-2.04,-0.0705,-0.2061,-0.7794,-1.1465,-0.1059,0.1818
249160,-4.67,0.1018,0.681,0.4859,0.821,0.9949,-0.3305
249170,-0.79,-4.3752,-32.0477,-15.2353,-7.545,0.0295,-0.3854
249180,,-3.54,-26.2143,-23.8634,-50.7088,,
249190,1.43,-0.5225,0.0046,-0.0479,-0.1151,0.4844,-1.1483
249200,2.31,-1.2225,-4.1705,-1.3319,-5.3054,-0.9254,0.4284
249215,-4.73,0.0008,-1.789,-1.617,-55.3203,0.599,-0.0407
249230,1.99,0.0488,-1.7823,0.1674,-1.2358,-0.706,0.3608
249240,-5.28,-5.9832,-17.2279,-2.3538,-7.0141,0.4319,-0.0407
249250,-5.08,0.6274,1.3064,-0.0634,-0.5866,0.6615,-0.2146
249260,-1.01,0.9833,-0.97,-0.0101,-3.5068,0.1883,-0.1444
249270,-4.56,-0.2437,-0.137,0.602,-1.1676,0.8208,-0.48
249280,-0.6,0.4476,0.0372,0.1721,0.012,0.2118,-0.4881
249290,0.14,0.2081,-3.5356,-0.0675,-0.0003,0.3484,-0.9908
249300,2.16,0.0072,0.0138,0.0453,-0.0496,0.0941,-0.4937
249310,-4.1,-14.5147,-53.1298,-17.9324,-10.3652,0.53,-0.0407
249320,-3.87,-19.5059,-31.6112,-38.7664,-28.4761,0.638,0.0085
249325,0.47,5.639,3.919,6.7625,0.7177,0.6417,-1.0362
249330,-1.23,0.6188,-0.0895,-0.0094,-0.3748,0.7599,-0.2829
249340,1.32,-0.3993,-0.1237,-0.2507,-0.1126,-0.1279,0.096
249350,0.25,0.0524,-0.2437,-0.1443,-0.703,0.2351,-0.4151
249360,-3.45,-28.5769,-1.3637,-3.479,-13.378,0.3904,-0.1354
249365,1.89,-0.2631,-0.0743,-0.3612,-0.3005,0.062,-0.4248
249370,1.86,-0.1004,-0.176,-0.7199,-0.6755,0.2457,-0.9311
249380,-0.22,-115.1359,-87.5571,-105.1359,-130.8656,0.5023,-1.4032
249390,1.0,0.4032,-6.0559,-0.5846,-6.4342,0.6574,-0.7738
249400,0.91,-0.0379,-0.2164,-0.0031,-0.2889,0.0685,-0.2102
249410,1.54,-11.5816,-2.4485,-2.0326,-1.4901,-0.2834,-0.8253
249425,2.29,0.0003,-0.8441,-1.0037,-0.0075,0.5195,-1.0072
249440,-0.48,42.2643,3.4585,7.8284,1.0392,2.9661,-0.6457
249450,-1.71,-19.4982,-75.975,-19.1844,-63.414,0.0936,-1.0702
249460,-0.91,-0.2971,0.001,-0.0005,-0.0473,-0.2152,-0.4564
249470,0.36,-8.6147,-0.3797,-0.3972,-0.9777,0.0221,-0.1285
249480,-3.39,-0.4873,-4.7331,-0.3274,-0.0304,0.5483,-0.0204
249490,-4.39,0.2524,-3.0428,0.0085,-0.0976,0.3788,-0.2132
249510,0.62,5.2612,1.5301,0.6684,0.079,0.1198,-1.3238
249520,-0.42,-0.0511,-0.0226,0.0191,0.0513,-0.0238,-0.9485
249530,-3.78,-4.4931,-0.7847,-0.0337,0.0009,0.3462,-0.0407
249535,1.51,-0.0176,-3.3248,-0.5058,-0.215,-0.3451,-1.1332
249540,0.91,0.4449,0.0242,0.4605,1.2444,1.1774,-0.5449
249550,0.62,-0.1947,-0.6806,-0.4091,-0.2852,0.2806,0.1617
249560,-4.38,-0.8337,0.1691,0.1456,0.2238,0.5069,-0.0139
249570,-0.1,-25.652,-98.2594,-48.8049,-49.5251,0.2089,-0.3531
249575,2.2,-0.2292,-0.4083,-1.0853,-0.2102,0.0426,-0.3141
249580,0.47,8.0915,5.1292,19.993,13.7644,-4.1938,-0.1577
249590,-4.64,0.2086,0.1966,0.6312,1.0383,-0.0571,0.0235
249600,-0.17,2.7126,-2.2764,-1.6999,-2.5189,0.1982,-0.386
249610,-4.47,0.0013,-21.0796,-0.5844,-8.0042,0.4214,-0.0407
249620,-4.51,-20.1892,-24.7775,-61.9118,-43.0253,0.599,-0.0407
249630,1.63,-1.217,-0.7353,-0.8075,-0.1506,0.0465,-0.0808
249650,-0.33,-2.1996,0.0501,-0.0282,0.0239,-0.5928,-0.547
249660,0.39,0.0342,0.0023,-0.0016,0.0394,0.8662,-0.6402
249670,0.95,0.1196,0.0001,0.2746,0.1826,0.6517,-0.0322
249680,-3.45,-0.3316,-0.4332,0.2555,-1.051,0.5458,-0.4359
249685,-1.09,-0.5582,-5.9839,-0.6058,-0.5403,-0.6868,0.1541
249690,-2.85,-10.253,-18.3175,-2.8614,-2.5371,0.7378,-0.3452
249698,0.81,-0.7225,-0.0272,-0.7744,-0.4069,0.0074,-0.4222
249702,0.28,-0.0036,-0.0255,-0.1058,-1.9231,0.3549,-0.5167
249710,0.0,-9.1967,-2.8788,-5.729,-9.4258,-0.0243,-1.0273
249720,-2.98,3.4696,-0.2212,-0.0,-1.7065,0.4832,0.1004
249730,-4.3,-23.2884,-41.3511,-15.0414,-73.2314,0.5598,-0.5532
249740,1.66,-0.5529,0.0677,0.1545,0.1199,0.28,0.262
249750,0.85,-0.0046,-0.596,-0.7124,-0.4033,0.2108,-0.4543
249760,0.47,12.3318,5.1275,0.8024,4.3679,-0.0487,-0.7514
249770,1.41,0.204,-0.0337,-0.1893,0.019,0.1616,-0.3505
249780,1.62,-0.9263,-0.3477,-0.7215,-0.0332,-0.5454,-0.5823
249790,-2.16,-9.1103,-14.7201,-12.7568,-2.8814,0.3569,0.2894
249800,-0.37,0.2133,-0.6321,-0.2379,-2.244,0.5014,-0.4919
249810,-1.53,-1.9507,-0.0168,0.0007,-0.0034,0.3177,-0.9737
249820,-2.13,0.0079,-1.8074,-0.6906,-1.3122,-0.138,-0.6902
249840,-0.59,-0.4491,-12.3919,-1.42,-1.0294,-0.7759,0.1814
249850,-3.46,-0.0002,-2.2689,-0.8887,-0.1023,0.7686,-0.3042
249860,0.57,0.4253,0.0418,0.1367,0.0516,-0.2873,0.1455
249870,0.79,-0.0795,-0.2279,-0.1236,-0.0535,-0.4446,-0.3741
249880,-3.51,-8.5622,-24.367,-64.7138,-34.7119,0.689,-0.02
249890,0.19,0.0474,0.3026,0.0205,0.0012,0.718,-1.3863
249900,-3.78,0.076,3.1079,10.7103,4.4181,0.375,-0.0489
249910,-4.3,1.3645,-0.1039,0.8569,-0.0063,0.5788,-0.0782
249920,-2.11,0.0091,0.2223,-0.1173,0.296,0.0457,-0.1765
249930,1.61,-0.2268,-0.0345,-1.5481,-0.6245,-0.2975,-1.0656
249935,-0.25,-0.4742,-0.4848,-0.9841,-1.465,0.1193,0.2826
249950,-6.31,-0.206,4.3329,1.1543,1.7347,0.3063,-0.0407
249960,0.9,0.0609,-0.0514,-0.0061,-0.0367,0.7688,-0.2681
249970,-5.53,-2.4124,-4.779,-2.9443,-29.4512,0.616,-0.1047
249980,0.34,-0.0331,0.0167,0.0564,0.0001,-0.0567,-0.2932
249990,1.91,285.4431,303.0629,275.0076,128.1802,0.3804,-0.8852
250000,1.81,0.5324,0.2232,0.0976,0.5459,-0.0287,-1.4062
250010,-4.52,8.7689,0.3555,2.0673,0.9552,0.4922,-0.0407
250020,0.4,-0.3106,-0.3031,0.1191,-0.0328,-0.0062,-0.3863
250030,0.0,2.1238,0.0724,0.1219,-0.1733,-1.1131,0.4136
250040,-0.36,-7.5142,-11.5725,-1.5732,-2.0545,-0.6498,0.154
250050,-5.33,-5.3755,-18.3061,-13.5889,-22.1351,0.1109,0.1418
250060,-3.75,-1.9665,-9.7612,-16.6772,-6.4867,0.2661,0.3628
250080,-4.05,-0.1868,0.012,-0.5942,-0.8715,0.3541,-0.1048
250090,0.46,1.3744,0.1523,5.0218,1.7388,0.686,0.1341
250100,2.2,0.1845,0.0014,-0.1238,0.0117,-0.113,-0.2302
250220,1.63,-0.0953,-0.7533,-0.209,-0.2118,-0.053,-0.6469
250330,-2.6,-0.0078,0.0071,-0.4731,-0.9275,0.2658,0.2775
250340,-4.41,-0.0479,-2.9618,-3.4847,-0.5389,0.6272,-0.0604
250350,0.89,-0.9805,-2.0847,-0.5096,-0.73,-0.4971,0.3654
250360,1.27,2.3715,0.7175,0.3888,0.1703,-0.0018,-1.2647
250500,1.56,0.0467,0.1588,0.291,0.0216,-0.1085,-0.1208
250670,1.46,-0.1175,0.0706,0.2211,0.0315,0.1244,-0.0542
250680,-0.06,-443.2374,-256.007,-159.9623,-143.9889,0.6676,-2.1287
250685,0.82,0.6505,0.0003,-0.0403,-0.0057,-0.2054,0.2656
250690,-1.4,0.0191,-15.307,-6.4156,-3.7795,0.6108,0.3261
250700,-1.67,-37.5922,-10.053,-0.3265,-6.1482,1.2272,-0.97
250710,2.38,-0.4074,-0.0117,-0.0243,0.019,-0.1494,0.0489
250720,1.43,0.0204,0.1907,0.0528,-0.0646,0.2686,-1.2216
250730,-4.03,-0.4218,-0.5563,-1.0315,-2.4614,0.5222,-0.0372
250740,-0.91,4.868,1.7177,0.0039,0.0042,-1.2569,1.7013
250750,-0.94,49.3887,22.7001,27.7106,16.8036,-0.0043,-0.4423
250760,-0.45,12.5174,7.451,9.8895,10.3735,-0.8408,0.2882
250770,-4.13,16.1616,7.1973,6.2853,2.4373,0.6075,-0.0407
250780,-2.58,14.4912,6.9646,14.2698,9.5201,0.2091,-0.0648
250790,-1.09,11.8886,-0.5332,-0.0383,-1.1314,0.0187,0.6938
250800,-4.32,18.5568,6.3016,5.2357,4.0549,0.599,-0.0407
250810,-5.04,-0.1434,-2.8392,-1.1501,-2.6621,0.5371,0.0259
250820,0.5,-0.1773,-0.0353,-0.0178,-0.0624,0.0966,0.3186
250830,-5.91,-4.949,-141.1702,-9.9888,-22.4882,0.2796,0.0196
250840,-1.91,3.5667,-2.1115,3.6942,-0.0011,0.9802,-0.5319
250850,-0.56,-0.5143,-2.7298,-0.3589,-2.5303,0.166,-0.0951
250870,1.55,-3.2083,0.0195,0.1607,-0.002,0.1054,-1.0444
250880,1.37,-0.7168,-0.0247,-0.3124,-0.2694,-1.802,1.2055
250890,-2.77,15.3046,4.0398,17.3726,0.9875,0.2676,-0.3724
250900,-3.05,0.1128,-0.1971,0.0031,-0.3673,0.3825,0.148
250905,0.04,-0.0004,0.015,-1.6244,-0.0024,0.1763,0.0374
250910,-2.54,-6.422,-46.2001,-4.6098,-25.1485,0.7391,-0.4747
250920,0.38,0.1096,-0.3148,-0.2785,-0.2122,0.1632,-0.2588
250940,-0.02,-2.4543,-2.7692,-5.6934,-3.1166,-0.191,-0.3904
250955,,-0.4684,0.0156,-0.0108,-0.3911,,
251170,,-3.7019,-0.0964,-0.1353,-0.6078,,
251390,-0.08,2.2574,0.9012,6.0564,1.7326,0.9787,-0.3792
251400,0.69,-3.1849,-1.8887,-0.5139,-0.3653,-0.8196,-0.3503
251410,0.25,-0.0826,-0.313,-0.0233,-0.2204,-0.1838,0.5879
251420,1.32,-0.3278,-0.5376,-0.3372,-0.8745,-0.2693,-0.4045
251430,1.62,-0.0233,-0.6089,-0.0501,-0.0074,0.0368,-0.1105
251440,-0.57,-63.1017,-54.714,-69.1081,-152.6722,3.0599,-2.1881
251450,-2.14,-0.4905,-0.524,-0.2698,-2.891,0.3196,-0.2441
251460,-2.98,-0.9399,-1.4177,-0.1922,-0.001,0.2215,-0.8329
251470,-0.77,-2.5672,-0.0076,-0.0139,-3.6139,0.3728,-0.8635
251480,-4.39,0.1894,-4.274,0.0002,-0.0062,0.3189,0.5586
251490,0.11,-0.0017,-0.188,0.1171,-0.0713,-0.1001,-0.012
251500,-3.35,-4.0962,-1.1284,-0.3904,-7.0157,0.1398,-0.0407
251510,-2.42,0.0244,-1.2937,0.1358,-0.0292,0.2688,-0.1564
251520,-0.5,0.0057,-0.6354,-7.4788,-1.2034,-0.6424,-0.9369
251530,1.35,0.0006,-2.5508,-1.1041,-0.7063,-0.3412,-0.6543
251540,1.52,-7.419,0.0153,-0.055,-0.7194,0.1282,-0.3521
251550,1.03,1.4981,2.7316,4.5816,2.5124,-0.3562,0.9974
251560,-2.91,1.9284,-9.4527,0.6197,-0.0357,0.5636,-0.1658
251570,-4.19,-7.5708,-11.1421,-3.2924,-4.2043,0.3784,-0.0315
251590,-4.4,0.1023,-51.544,-0.0214,-0.8569,0.2887,0.2536
251600,-5.33,-20.366,-18.0925,-82.1375,-32.5998,0.5124,-0.0407
251610,-5.32,-4.0793,-2.0556,-1.1111,-1.2111,0.3787,-0.6963
251620,-3.9,1.002,-0.0383,-0.0267,-0.3594,0.3237,0.0607
251630,-3.06,0.5965,0.9863,0.0818,-0.0968,0.4219,-0.2629
251640,0.63,3.1673,1.609,0.9905,0.2124,0.2032,0.2939
251650,-0.28,-0.0891,-8.308,-1.724,-5.2314,0.306,-0.0919
251660,0.72,-1.2902,-0.3716,-0.5764,-2.49,0.291,0.1682
251670,0.01,-5.2946,-3.601,-1.6234,-2.0758,0.2479,-1.0221
251680,-1.37,515.5799,240.8327,236.8344,152.7016,0.32,-0.0883
251690,-4.13,-0.026,-5.3921,-2.3903,-3.6675,0.4832,0.25
251710,-0.39,-17.1284,-3.7624,-7.8982,-12.9679,0.627,-1.0531
251730,-4.64,-9.035,-0.0005,-0.1993,-0.0095,0.5407,-0.0407
251740,-4.32,26.6772,-32.132,-0.4008,-8.748,0.6949,-0.2176
251750,0.8,0.4883,0.0059,0.1124,0.1598,-0.2582,0.2792
251760,0.2,0.5867,0.1344,2.2313,5.2038,-0.2445,-1.2124
251770,0.67,-0.0098,-0.0113,0.2672,-0.0095,-0.1109,0.0366
251780,-5.09,0.2346,0.2108,0.7315,1.1703,0.2289,-0.0407
251790,2.13,-0.9376,-0.4833,-0.5354,-0.8188,-0.2974,-0.5781
251800,1.05,-0.0002,-0.0018,0.0011,-0.0579,0.2624,-1.2296
251810,-4.32,0.0018,2.6527,1.4119,1.7393,0.3809,-0.0407
251820,1.85,-0.4802,-0.9509,-0.8769,-0.1386,0.5905,0.6375
251830,2.48,0.5843,-0.4647,0.0281,-1.6028,0.2372,-0.2421
251840,1.98,-3.1643,-7.0031,-1.8014,-4.6086,-0.0141,-0.2895
251850,0.05,0.27,0.5824,3.7864,3.553,0.6928,-1.0401
251855,2.76,0.0339,-0.1503,-0.7624,-0.212,-0.0438,-0.8301
251857,0.74,0.769,0.973,1.3555,1.2217,-0.2638,-0.6743
251860,2.15,-0.0882,-3.9132,-3.3371,-1.6216,0.8595,-0.2466
251870,1.72,0.0011,-0.0605,-0.0012,-0.0035,0.3503,-0.4917
251880,-6.31,2.5351,0.0591,0.8927,-3.7881,0.5889,-0.0407
251885,-1.23,82.9668,27.2709,73.7968,40.0335,0.4886,-0.0429
251890,-4.34,-8.4884,-2.919,-8.5919,-14.6934,0.6205,-0.1565
251900,0.37,0.0742,-0.6518,-0.3247,-0.9023,-0.0828,-0.6839
251910,-0.27,0.185,0.3129,0.2794,0.3178,-0.5887,0.8327
251920,1.23,-1.6981,-0.4474,-0.0215,-0.4388,-0.4392,-1.0093
251930,-1.32,2.4142,0.5566,0.3348,-0.1611,0.5889,-0.0305
251940,1.3,-0.0014,-1.1122,-0.1898,-0.7085,0.0179,-1.7408
251950,-3.6,3.2951,0.0212,0.2244,-1.4247,0.7447,-0.3176
251958,1.6,-2.2662,-2.0757,-4.9729,-3.3754,0.3604,-0.757
251962,,-0.289,-0.2206,-0.0006,-0.3874,,
252065,,,,,,0.0774,0.0167
252070,0.75,0.1371,0.587,0.4702,-0.0998,-0.6199,-0.6382
252080,0.52,0.2201,-0.1256,0.0393,-0.0461,0.5196,-0.219
252090,0.08,0.0294,-0.0315,-0.0041,-0.2913,0.7271,-0.905
252190,1.12,-0.0268,-0.0005,-0.0658,-0.0063,,
252200,-4.09,-14.7416,-23.8111,-35.2606,-8.3489,0.2026,-0.5927
252210,-4.16,-1.6288,-6.069,-2.7393,-5.4942,0.4731,-0.0407
252220,-1.03,27.3922,7.5513,10.6567,3.6011,0.0495,0.2056
252230,0.0,0.0075,-0.4793,-0.8306,-1.9493,0.2748,-0.4513
252250,-4.6,0.182,0.1641,0.5595,0.8831,0.5188,-0.2022
252255,-0.26,-0.0921,-0.8569,-0.6931,-0.609,-0.0205,0.0757
252260,0.66,-4.1605,-0.2985,-1.3994,-0.7643,0.53,-0.7722
252270,-3.56,0.1258,-10.0091,-0.6873,-0.933,-0.1383,0.2421
252280,-4.67,0.0082,-0.1558,-0.009,-1.1339,-0.0001,-0.6516
252290,-5.32,0.0016,0.0193,0.0102,0.0384,0.5908,-0.0455
252295,0.39,-0.0453,0.1262,0.0313,-0.0145,-0.516,-0.2281
252300,0.99,-0.0407,0.5282,-0.0344,-0.1205,-0.271,-0.3354
252310,-0.18,-0.2492,-0.05,0.0362,-0.0238,0.3126,-1.2911
252320,-1.23,-0.1653,3.0162,0.8187,1.229,0.0775,0.0823
252330,-0.3,-3.7053,-19.1123,-2.7862,-17.8124,0.2017,-0.5861
252340,-4.59,-6.8537,-0.4027,-9.849,-18.4658,0.4353,-0.0407
252350,-0.89,0.6274,0.0885,0.5754,0.4486,-0.0365,0.0962
252360,1.34,-0.1667,0.1148,-0.0436,-0.2172,0.0324,-0.7597
252370,-2.98,0.0003,-0.0235,-0.3397,0.0033,0.774,-0.0111
252380,-1.01,-11.4422,-0.2471,-0.4869,-1.158,0.1551,0.2612
252385,0.01,-0.5222,-0.6913,-1.4211,-3.2058,-0.0772,-0.2443
252390,1.15,-0.0009,-0.0125,-0.0001,-0.359,-0.1037,0.8454
252395,-0.27,-0.4693,-2.4445,-0.5227,-0.5432,-0.1916,-0.0006
252400,-4.14,-0.173,0.0091,-0.0077,-10.8067,0.5894,-0.0407
252410,0.13,-0.2377,-0.3465,-0.1161,-0.1631,0.6148,-0.4191
252420,-0.53,-5.3544,-19.843,-6.7234,-26.6458,1.0317,-0.4282
252430,-0.59,-7.3674,-2.4838,-0.0234,-0.2402,0.2291,0.3291
252440,-3.99,-0.1276,1.739,0.0571,0.0002,0.1724,0.4292
252450,-0.77,-0.079,-0.1535,-0.0073,-0.1221,0.3959,-1.3844
252465,-4.12,-22.6474,-114.3322,-34.8755,-42.1893,0.599,-0.0407
252480,-4.11,0.0013,-3.8373,0.1039,-0.002,0.4342,0.0004
252490,-5.45,-1.5295,0.7539,0.1078,0.5148,0.6181,-0.0407
252500,0.34,-3.2226,-5.9411,-4.2157,-7.8282,-0.4057,0.398
252510,-1.46,-0.029,-4.3641,-0.0063,-0.4662,1.7765,-1.3166
252630,-1.45,-13.3765,-26.7652,-26.2032,-14.8825,0.2106,-0.8318
252640,1.82,0.3211,-0.1672,0.0043,-0.0729,-0.2382,-0.4657
252850,-3.52,0.0041,0.2544,0.0015,-1.3428,0.3469,-0.0278
252860,-0.02,-0.1823,-0.2935,-0.7978,-0.7303,0.1985,-0.3415
252870,-0.74,0.2458,0.0905,0.006,-0.0989,-0.3137,-0.0177
252880,-2.22,-71.2191,-116.9258,-54.164,-82.3625,-0.266,-0.447
252890,0.31,-1.2806,-0.1309,-3.0191,-1.1086,-0.0741,0.3607
252990,-0.32,-2.0251,-4.4644,-0.9469,-4.2576,0.8534,-1.3824
253000,-0.57,0.8146,-0.1785,4.5637,0.5905,-0.1979,0.469
253020,-2.36,-0.4662,-1.9637,-0.0511,-0.3876,0.4122,-1.0476
253030,-0.92,-0.0239,0.8495,0.4054,-0.0976,-0.036,-0.5036
253040,-4.16,-4.047,-4.4495,-2.8768,-3.1479,0.6662,-0.1255
253050,-2.9,-0.4444,0.006,-0.0051,0.0167,0.3416,0.1427
253060,-3.21,3.977,0.3426,4.1983,0.8673,0.5851,-0.0407
253070,-0.08,-0.0626,-0.7073,0.0051,0.0575,0.2543,-0.1736
253080,-2.47,-1.0152,-11.1324,-3.7069,-1.575,0.2019,0.3435
253090,-5.32,-6.1872,-37.6684,-10.055,-6.172,0.5889,-0.0407
253100,0.1,-6.7008,-0.4456,-3.5393,-3.0192,-0.2169,-0.5004
253110,0.99,-0.0449,0.0174,-0.034,-0.0065,0.3962,-0.7895
253120,0.23,0.0014,0.0266,0.0,0.0,0.447,-0.1559
253130,0.22,0.3708,-0.7132,-1.6262,-1.8535,0.0561,-0.446
253140,-4.12,-6.5535,-42.0533,-18.484,-46.183,0.5418,-0.0508
253150,0.37,0.4124,0.3111,0.7393,0.3079,-0.0029,-0.2566
253160,-4.99,-0.0375,-7.4535,-0.0293,-13.9097,0.0228,-0.3441
253170,-4.73,19.405,16.5572,20.523,6.4647,0.5897,-0.1996
253290,-3.82,-4.7949,-1.1264,-0.4117,-1.2378,0.5107,-0.249
253300,0.45,-1.3571,-3.7974,-5.0674,-2.3653,0.0098,0.1195
253310,-1.78,6.0003,0.0386,0.7198,0.3068,-0.2358,0.4926
253320,-1.47,-2.3076,-8.7799,-1.2656,-72.5887,0.7721,-0.5119
253330,-1.78,-0.6733,-3.9694,-6.2211,-2.7279,-0.4074,1.0719
253340,1.36,-16.5071,-12.9074,-30.0313,-18.7427,-0.1161,-0.9921
253350,-2.0,-0.018,-4.7143,-2.4265,-6.0778,0.4547,-0.1769
253360,-2.68,-0.0217,-1.1306,0.001,-0.398,0.71,-0.7213
253370,-0.24,-0.1706,-0.5116,-0.5935,-1.2624,-0.3243,-0.135
253380,-3.22,0.0918,-14.068,-9.6662,-56.4018,0.3248,-0.0999
253390,0.11,-7.3786,-3.2088,-5.8573,-1.7333,0.1578,-0.2735
253400,0.37,18.7067,1.0845,0.1788,0.0524,0.1458,0.3563
253410,-2.92,-0.9991,-1.9982,0.0377,0.0503,0.0427,0.4323
253420,-2.27,0.0615,-0.009,0.0,-0.2656,0.5491,-0.0058
253430,-0.53,0.3086,-0.311,-0.1543,-3.2728,0.6884,-0.2847
253440,-3.09,-1.9215,-1.3998,-0.0366,-1.3325,0.6712,0.0045
253460,0.78,0.2617,0.8913,24.3136,2.3184,-0.2257,-0.4919
253470,1.22,-0.0032,0.1878,2.8569,0.3262,-0.4297,-0.19
253480,0.97,-0.009,-0.2529,0.0218,-0.1314,-0.3762,-0.3395
253490,-2.75,0.0695,-0.9837,-0.172,-0.2056,0.5889,-0.0407
253500,0.76,-0.3032,0.0097,-0.0097,-0.074,0.3205,-0.8956
253510,-2.09,22.386,2.478,-0.0016,-0.0124,0.5349,0.3979
253520,-4.77,-0.0326,0.2336,0.0153,0.0007,0.516,-0.155
253530,-3.95,-6.0971,-9.3639,-7.0542,-3.8133,0.1915,-1.0541
253540,-0.03,0.0088,-0.8936,0.2788,0.0003,-0.354,-0.7999
253550,0.05,0.2698,-0.1036,-0.7579,-0.6416,-0.6172,0.4504
253560,-0.9,-6.2923,-4.1116,-4.0527,-5.5373,0.4605,-0.4988
253570,0.42,-164.2261,-115.2236,-77.1928,-59.5369,-0.7969,-1.0208
253580,0.85,9.6469,7.8986,21.7125,13.6643,-0.2937,0.054
253600,-2.4,-14.4323,-101.195,-50.3563,-191.1882,0.4796,-0.2293
253615,-0.71,-35.4482,-15.4935,-24.0742,-21.4895,1.2737,-0.4401
253640,0.6,-1.0799,-0.4246,-2.403,-1.7962,-0.1114,-0.5457
253650,0.44,0.0224,0.0063,-0.1918,-0.5517,-0.0795,-0.0489
253660,0.77,-0.0163,0.4902,0.1971,0.1664,0.2767,-0.3362
253670,0.83,-0.3146,-0.4274,-5.0158,-3.5962,0.0585,-0.3162
253680,2.2,0.0004,-0.0251,-0.0306,-0.0667,-0.169,-0.5146
253690,2.08,0.0096,0.0861,-0.0006,0.0038,0.1717,-0.1367
253700,-1.76,-20.6992,-35.4825,-33.0243,-18.5256,0.7174,-0.5378
253710,1.17,0.0542,-0.0434,-0.0087,-0.7777,0.2385,-0.755
253730,-4.51,0.001,1.8257,1.0009,1.2452,0.428,-0.0508
253740,-4.72,-0.0888,-3.9596,-5.0081,-2.2188,0.6221,-0.0984
253750,-4.31,-0.6184,-12.9914,-3.0661,-6.0173,0.5773,-0.0552
253755,0.52,0.4279,0.1938,0.3851,0.5465,-0.2322,-0.9731
253760,-1.54,0.6798,0.0228,0.9774,1.7082,1.0569,-1.1682
253770,-0.15,-0.0121,-0.7385,-0.0204,-0.5748,0.4856,-0.5781
253780,0.58,-400.324,-467.4595,-487.9912,-309.6963,-3.7367,-0.5761
253790,0.34,-0.0724,-1.4339,-0.883,-2.8311,-0.161,-0.1308
253800,-1.91,-0.9472,-6.4983,0.0832,0.7173,0.1615,-0.1753
253810,0.22,0.0078,-0.0615,0.0088,0.0905,0.459,-1.3236
253820,1.11,0.1849,-0.1022,0.2943,0.237,-0.0902,-0.2622
253830,-2.94,-1.3007,-0.7647,-2.3291,-3.398,0.3343,-0.3889
253850,-2.46,6.7724,4.2841,5.8199,1.124,0.6936,-0.1858
253860,-2.49,7.1788,8.1438,7.7673,3.729,0.6385,0.026
253870,-4.86,-8.8947,-33.1546,-8.1073,-14.389,0.599,-0.0407
253880,-0.02,277.6381,144.6637,98.3873,75.9353,0.5982,-1.4286
253890,-5.93,0.241,0.2142,0.7565,1.2028,0.5374,-0.698
253900,-4.41,1.518,-0.0563,-0.668,-8.0328,0.8797,-0.3405
253910,-1.07,0.0001,-0.9284,-0.0499,-0.0133,0.2189,-0.8966
253925,0.61,-0.0622,-0.0432,-0.2058,-1.6694,-0.0988,-0.2917
253930,-0.44,0.4033,1.4309,2.1746,1.2091,0.6049,-1.0905
253940,1.48,0.9557,-0.0021,0.7191,-0.0007,0.1642,-0.8598
253950,-2.53,0.0458,-42.4963,-14.3515,-4.7148,0.9603,0.4204
253960,0.63,-42.2301,-55.9811,-37.5876,-74.7746,0.4659,0.0843
253970,-3.71,-13.4477,-11.9792,-11.342,-23.9577,-0.0353,-0.1679
253990,-2.44,-0.6335,-0.3842,-1.0968,-2.8888,0.6297,-1.3095
254000,-3.49,-24.4922,-5.806,-30.3815,-12.0044,0.3856,-0.1206
254010,0.64,-0.0846,1.6193,0.9178,0.9093,-0.0179,0.78
254020,1.2,-0.1173,0.0434,-0.0462,-0.23,-0.366,-0.1877
254030,-4.26,-3.3213,-15.3957,-0.8414,-17.7322,0.2856,-0.0407
254040,1.21,0.0856,0.3693,-0.0211,0.0426,0.1384,0.0564
254050,0.39,1.9675,2.4491,0.6679,2.6388,-0.1499,-1.5215
254060,0.8,0.2868,0.0003,-0.1174,-0.2498,0.0029,-0.8688
254070,-1.03,3.0897,1.3093,0.0726,0.81,-0.9522,0.2742
254080,1.41,-0.6474,-1.3788,-3.906,-4.0079,-0.0448,0.0709
254090,-0.68,106.6122,25.4889,65.6428,31.9379,0.6375,0.7658
254110,-4.58,-14.1886,-84.3344,-25.2928,-16.8349,0.6092,0.3666
254120,-2.75,0.0009,-0.1284,0.0492,-0.2293,0.394,0.1055
254135,-2.94,0.9678,-1.6432,0.5694,0.0094,0.6637,-0.1712
254140,-4.69,-4.823,-0.7506,-0.4326,-5.3752,0.7558,-0.1836
254150,0.12,-3.131,-2.0583,-8.4866,-2.4891,-0.1274,-0.8194
254160,-0.63,-0.4814,0.0,-0.1927,-2.6186,0.1322,-0.6055
254180,0.57,-0.0714,-0.45,-0.6996,-0.5627,0.4754,-0.3683
254190,0.74,-0.1002,-2.9652,-2.0521,-7.5487,0.0908,-0.881
254200,-4.44,-1.2111,-20.8346,-12.617,-30.9529,0.5815,-0.0407
254210,-2.09,-0.2193,-7.1341,-9.1038,-23.0276,0.4339,-0.5888
254220,-4.53,-0.2315,-7.0354,-0.8627,-5.323,0.5464,-0.374
254230,-3.38,0.2664,-17.7709,-9.6027,-16.5817,0.2952,-0.0205
254250,-4.59,-0.0354,0.3314,0.2576,0.2957,0.599,-0.0407
254255,-0.52,-0.0042,-0.0,0.4217,0.0147,0.6059,0.0135
254260,-3.34,-14.0121,-0.198,-0.08,-0.0167,0.4401,0.0416
254270,-0.63,-0.1465,-28.7328,-18.872,-13.2824,0.6999,-1.7864
254280,-5.37,-0.4591,-2.4322,-10.6242,-3.6387,0.1553,0.2394
254290,-1.75,-35.6801,-64.0201,-31.7803,-56.6952,1.6239,-1.1549
254300,-3.07,-9.1802,-39.775,-24.206,-30.1733,0.6348,-0.5448
254310,0.03,-0.2407,0.0295,-0.047,-0.4545,0.192,-0.8778
254320,1.13,-5.2987,-9.267,-4.5483,-4.8229,-0.4751,-0.2147
254330,1.44,-0.235,-0.019,-3.9694,-2.8667,-0.1161,-1.0056
254335,1.48,0.0023,-0.0004,0.2035,0.0082,-0.3299,0.3158
254340,-0.44,-0.7641,-1.0335,-1.6351,-1.3204,0.1287,1.0717
254350,-0.04,-0.337,-1.2329,-0.5979,-1.8174,0.1299,-0.4881
254360,0.06,0.0128,-0.0006,-0.1959,-0.4961,0.1944,-0.5588
254365,0.08,55.134,-1.6443,2.9401,-2.9513,-0.2096,-1.7127
254370,-3.56,0.0069,-0.3851,0.027,-1.5373,0.4984,-0.0407
254380,-3.52,-0.5733,-0.0092,-0.1551,0.0005,0.6698,-0.0316
254390,-2.16,-0.0006,6.7053,10.8683,32.4562,0.6987,-2.5588
254400,-5.44,-0.0003,-2.8646,-11.922,-2.4625,0.5803,-0.0407
254410,-1.89,-6.3254,-7.6824,-11.2948,-4.5237,0.3257,-0.7485
254420,-2.44,-20.8406,-8.3454,-18.7579,-3.6273,-0.3752,-0.5483
254430,-0.27,-0.0077,-0.0049,-0.572,-0.1283,-0.3424,0.0299
254440,-5.1,0.1776,0.1121,1.2478,0.0979,0.6146,-0.3011
254450,-0.05,51.464,15.1169,10.7797,33.9608,1.4153,-1.8419
254460,-0.07,3.5831,-0.022,-0.0345,-0.0004,0.8018,-1.8406
254470,0.88,-43.3493,-11.7526,-5.8249,-2.1891,0.0584,0.0368
254480,0.32,0.045,0.0702,0.7427,0.0343,-0.3004,-1.5962
254485,0.73,-0.2096,-0.0322,-0.0018,-0.1525,-0.0863,-0.3175
254490,-3.29,8.9223,7.9149,16.6994,0.2604,0.4064,-0.0305
254500,-0.77,3.4841,1.3983,0.9221,0.2139,0.8905,-1.5428
254510,-0.84,13.6411,11.6391,5.1433,2.7109,0.7205,-0.1998
254520,-0.46,0.053,0.6417,0.2767,0.0065,0.225,-0.2578
254530,-4.69,0.002,-6.6497,0.0001,-5.5096,0.6955,-0.1372
254540,-0.81,-0.0353,1.2474,0.1638,-0.0623,0.5967,-0.0291
254555,-1.07,-0.0042,-0.0816,-0.0755,-0.485,0.4709,0.1133
254570,-5.14,-16.0398,-30.5094,-26.3314,-54.3488,0.5121,-0.0407
254580,-4.9,-7.4086,-0.9158,-1.1924,-1.7272,0.3296,0.271
254590,1.25,0.9429,1.3019,1.3101,0.9871,-0.0742,0.5572
254600,-2.03,-0.1155,-0.1037,-0.1489,0.0832,0.4098,-0.4193
254603,-0.19,-0.063,-0.0673,-0.2051,-0.1018,0.1878,-0.0237
254606,1.27,0.4166,1.2057,1.6919,1.5825,0.1628,0.2759
254610,0.1,60.4424,3.8893,33.8873,13.7746,1.2614,-0.5956
254620,-3.09,4.9237,0.1848,2.0564,-0.1505,0.3841,-0.4286
254625,1.77,0.3459,1.5303,0.4509,0.0019,-0.1004,-0.1082
254630,-2.97,-0.0021,-7.8274,-0.3317,-11.2019,0.5495,0.0067
254635,0.66,-0.2719,-10.0965,-3.5578,-1.8519,0.008,-0.7147
254640,2.36,-0.0026,0.0487,0.0097,-0.0146,0.2235,-0.4687
254650,-3.31,-0.9073,-15.0103,-3.8081,-2.6692,1.0282,-0.3271
254660,-0.07,-0.0781,-0.2457,-0.0726,-0.0128,0.4563,-0.0578
254670,1.03,0.0745,0.0078,-0.2254,-0.197,-0.4882,-0.0907
254680,1.64,0.1972,-0.0006,-0.0079,0.1785,0.253,-0.024
254690,0.16,1.8848,0.0717,-0.1743,0.1306,0.0905,-1.0192
254700,1.31,-0.0222,0.3095,0.1903,0.5446,0.2962,-0.6888
254710,0.31,-12.062,-18.9472,-2.8637,-14.8313,1.472,-1.1284
254720,1.56,-2.6409,-0.3726,-0.4488,-0.0886,-0.1355,-0.5481
254730,-4.47,-50.902,-67.9303,-57.5146,-39.7109,0.5232,-0.1938
254740,1.74,0.0008,0.023,0.0057,0.0012,0.3676,-0.4622
254750,0.03,0.0091,0.0275,0.1557,0.1136,-0.1859,-0.0589
254760,0.82,0.0001,-0.005,-0.0015,0.0398,0.065,-0.4913
254770,0.81,0.2541,-0.022,0.0498,-0.0092,-0.2675,-0.6057
254780,1.92,0.0004,-0.1147,-0.0043,-0.0379,-0.1961,-0.7314
254790,1.05,-0.0393,-0.0177,0.0386,-1.0655,0.1612,-0.4029
254800,-3.51,0.0184,-3.5816,-2.5064,-2.3757,0.3093,-0.0508
254810,-4.1,-15.5205,-30.2277,-16.775,-23.7335,0.2776,-0.0787
254820,-1.93,0.0091,0.0032,-0.4861,-0.1659,0.5093,-0.8384
254830,-3.37,5.4632,2.2009,5.1041,2.2466,-0.042,-0.7085
254835,-1.56,-1.9287,-8.5779,-3.4955,-2.3601,-0.1972,-0.3611
254840,-1.4,-0.1081,-0.0106,-0.7889,-0.7139,-0.0142,-0.1181
254850,-0.18,0.214,0.2379,1.1237,0.5478,0.5284,-0.874
254855,-0.11,-0.2012,-5.6729,-7.115,-2.1538,0.3043,0.2455
254860,-2.38,1.1062,0.8593,1.1436,0.6934,0.7202,-0.0528
254870,0.64,-1.2618,-7.7559,-6.1773,-1.2807,0.0904,-0.1666
254880,-1.37,-0.0008,-0.7027,-0.2311,-1.7605,0.361,-0.4046
254890,1.18,-0.4602,0.0004,-0.0205,-0.118,0.6151,-0.9161
254900,-5.07,-4.5604,0.0066,-0.001,-0.0062,0.5254,-0.0019
254910,-3.79,0.2671,3.2044,2.9008,3.8511,0.3546,-0.0305
254915,1.54,-0.5001,-0.0478,-0.073,-0.8584,-0.1974,0.0303
254920,-3.3,-1.9997,-0.0276,-2.1827,-1.4447,0.557,-0.0636
254930,-0.49,0.1849,0.3187,0.8022,0.5107,-0.3131,0.4837
254940,-2.13,14.4138,0.7589,8.6076,1.3659,0.7446,-0.0336
254950,-0.11,9.3035,4.8645,34.7555,32.4318,0.865,-0.8707
254960,-0.59,1.3865,0.7088,1.8982,0.054,-0.2224,-0.3398
255060,,,,,,0.4825,-0.1065
255170,-2.93,-0.0866,-0.2338,4.1893,-3.1645,0.3692,-0.136
255175,-0.17,-0.31,-1.7623,-1.5259,-2.474,0.2425,-0.2152
255180,-1.71,0.2704,-0.0242,-0.7923,-1.1825,0.2778,-0.7668
255190,2.25,-0.0891,-7.8544,-7.762,-8.7135,0.0975,-0.3037
255195,1.76,-1.6145,-0.3918,-0.0509,-0.1477,0.3074,-0.6071
255200,0.73,0.6558,-0.246,-0.0023,0.7554,-0.0116,-0.2394
255210,0.13,-239.5233,-40.1533,-34.5693,-19.1598,-0.7918,0.3193
255215,1.54,0.0476,-0.0013,-0.0783,-0.0093,-0.1181,-0.0195
255220,0.3,0.4083,-0.3597,-0.0007,-1.3715,1.3185,-0.8048
255240,-4.28,-4.9238,-3.903,-7.2171,-4.2863,0.4502,-0.0993
255245,-2.64,-6.0742,-5.6932,-0.5849,-3.0677,-0.6361,-0.0556
255250,-0.92,-0.0958,0.0232,0.0805,0.1719,-0.2053,-0.3638
255260,-2.86,-9.5868,-3.9973,-5.112,-4.9564,0.7115,-0.2353
255270,-2.26,-0.3046,-3.2003,-3.2967,-1.38,0.5635,0.176
255280,-1.86,1.1758,0.0293,0.3521,0.1793,-0.2422,-0.3913
255290,-0.74,-0.8037,-2.3056,-4.8887,-6.0477,-0.6188,0.3455
255300,-2.99,-11.6548,-23.9907,-35.1185,-47.0648,0.7963,-0.0407
255310,0.7,13.4704,3.251,21.8928,2.342,-0.2283,0.6204
255320,-4.8,-0.3408,-0.0776,-0.7082,-1.0891,0.5357,-0.0407
255330,1.13,-0.0065,-0.1749,0.0005,-1.2878,0.2596,-0.0276
255340,-2.27,-6.7724,-19.5553,-9.494,-48.328,0.6449,-0.6763
255350,-1.43,-14.0329,-13.3845,-5.7522,-39.8496,-0.5915,-0.7607
255360,0.76,-0.002,0.0689,1.5382,0.506,-0.355,0.1572
255370,-4.24,0.0077,-0.382,-0.0285,-0.3352,0.5612,-0.1565
255380,1.17,-0.1924,-1.0053,-1.277,-1.4969,-0.6151,-0.3479
255390,-1.89,-14.8777,-6.0556,-4.2718,-20.2911,-0.0397,-0.2497
255400,-1.02,112.8226,18.7095,37.5313,14.1583,0.029,-0.8128
255410,0.77,-1.1554,0.0011,0.0016,-0.0282,-0.3324,0.0404
255420,1.74,-0.1198,-0.6548,-0.218,-0.2466,-0.3468,0.0038
255430,0.0,0.195,-0.0324,-0.4139,-0.0352,0.9595,-0.3007
255440,-2.65,-0.3334,-0.5085,-1.2845,-1.3861,0.3302,-0.6377
255450,-1.78,-1.4252,-3.2594,-5.3504,0.0951,0.9458,-0.0189
255460,,,,,,-0.278,-0.1255
255470,-3.04,-0.2976,-0.1526,-0.2257,-16.8883,0.3668,-0.0305
255480,-0.61,-0.0298,-2.0515,-1.4108,-0.6264,-0.2531,0.5707
255490,1.38,-1.0584,-0.6509,-0.8312,-0.2874,-0.2079,-0.1014
255500,0.57,2.8472,0.3474,0.014,-0.0669,0.3669,-0.367
255510,-4.4,-0.6931,-0.0007,0.2529,-0.6842,0.7524,-0.3142
255620,0.99,0.0598,-0.0121,0.1948,0.0024,-0.1024,-0.7082
255635,-4.83,-2.4792,-1.8689,-7.6969,-2.7366,0.5889,-0.0346
255650,0.26,-9.6165,-16.4945,-22.2993,-20.9278,0.4036,-1.1401
255660,0.14,-0.0006,1.951,1.0783,1.2863,-0.4825,0.0639
255670,-0.14,0.0951,-0.9333,-0.0043,-4.6845,0.2807,-1.1023
255680,-0.66,-1.2168,-5.9594,-5.3099,-7.0012,-0.0305,-0.4571
255690,-3.57,-2.9257,-18.6984,-3.2372,-10.2512,0.4901,-0.1691
255700,-4.1,0.4913,0.4994,3.3417,0.0712,0.4627,-0.1175
255710,1.23,-0.1613,0.0003,-0.0035,-1.0187,-0.1647,-0.3175
255715,-1.09,3.2849,0.0743,1.1963,0.1608,-0.0684,-1.8414
255720,-4.16,-3.3419,-0.016,-0.0099,-3.1251,0.6635,0.0845
255730,0.97,0.005,-1.0776,-0.188,-0.4139,0.5559,-0.1287
255740,-4.47,-25.7131,-11.3356,-18.6259,-31.2706,1.0745,-0.3187
255860,1.79,-0.0491,-0.437,-0.0412,-0.3058,-0.1667,-0.1408
255870,-0.35,-0.0351,0.0311,0.356,0.0224,0.9851,-0.148
255880,-1.56,0.0581,0.7117,0.3658,2.4591,0.4429,-0.1108
255890,0.57,-0.453,-0.626,-6.0747,-18.1076,0.1138,-0.2476
255895,0.23,-0.0671,-0.2841,-0.8228,-0.419,-0.2131,0.3762
255900,1.51,-0.3181,-1.7477,-0.3913,-0.8988,0.7183,-1.5756
255910,1.64,-0.2349,-0.458,-0.6455,-3.5071,0.1245,-0.2178
255920,-4.57,0.213,0.0038,-2.1771,-15.3508,0.0725,-0.0407
255930,0.08,8.0417,1.1751,0.4713,0.6474,1.2272,-1.3063
255940,-2.38,22.2764,-44.7413,-1.2878,-1.9355,0.3646,0.1038
255960,-1.67,-3.1043,-4.0813,-3.3973,-2.8006,0.6111,-0.4276
255970,0.52,-7.6514,-9.9945,-4.7825,-0.5757,0.6997,-0.6092
255980,-0.05,0.0056,-0.104,-0.2083,-0.5205,0.227,0.1871
255990,2.43,-0.5261,-0.4328,-0.7664,-1.8218,0.2816,0.3099
256000,-4.76,-5.6804,-5.5295,-8.5706,-8.833,0.8758,-0.3318
256010,-2.66,-0.1989,0.0082,-0.6855,-1.0853,0.6876,-0.4857
256020,0.1,2.8783,3.0742,4.1402,0.7434,-0.3885,-0.4119
256025,0.62,-11.7193,-12.7541,-3.4605,-2.4635,0.1296,-0.4692
256030,-5.03,0.0837,-2.0505,0.1866,-0.4671,0.5889,-0.0407
256035,-0.16,0.0008,-0.0046,-0.4134,0.0161,-0.7374,0.3562
256040,1.01,-0.0341,-0.1868,-1.9412,-0.0692,0.7197,-0.7488
256050,-0.87,0.1987,0.0008,0.9728,-0.3756,0.4395,-0.3321
256060,1.5,0.0244,-0.5106,-0.5078,-0.4352,0.1352,-0.1734
256070,-4.73,-1.0429,-12.9373,-2.0848,-7.2011,1.0362,-0.6913
256080,1.37,0.016,-0.1229,0.0294,0.0427,0.3271,-0.5479
256090,1.24,4.4587,-0.4304,-0.3781,-0.0481,0.2818,-0.6109
256100,0.2,0.0003,-0.2281,0.0112,0.0067,0.1836,-0.8296
256650,,-0.1199,-0.0294,0.0072,-0.0486,,
256700,0.97,-0.0133,-0.2875,-0.4293,-0.0636,0.1431,-1.1839
256760,-4.03,-12.5826,2.9257,-0.0005,-0.0106,0.6494,-0.1011
256770,-4.22,-0.0075,4.3172,1.149,1.7273,0.599,-0.0407
256780,-0.09,-0.3454,-0.9688,-0.0544,-1.673,0.8396,-0.6772
256788,0.08,1.117,-1.9333,0.0019,-9.1102,-0.5437,0.4087
256792,0.28,-8.8014,-20.6887,-4.8724,-10.816,0.4268,-0.9645
256800,-0.8,-0.1785,-0.5653,-0.968,-0.0075,0.5792,-1.0364
256810,-4.98,0.5801,-0.0236,0.5798,-0.9839,0.5088,0.0707
256820,-4.96,-1.1813,-16.9522,-15.5917,-25.9717,0.599,-0.0407
256830,-4.73,-6.022,-22.1225,-9.5266,-7.4463,0.5398,0.2875
256840,-4.22,-2.5287,-11.4538,-20.6261,-22.0046,0.4043,-0.0407
256850,0.33,-0.0,-0.9952,-2.0736,-2.9241,0.6416,-0.7429
256865,-0.07,0.0032,-4.6926,-1.7044,-2.1824,-0.0215,0.0684
256880,-2.11,-0.1863,-1.9299,-0.0645,-0.149,-0.3394,0.5654
256900,-4.68,0.2636,-0.0977,-0.0007,-0.6373,0.6112,-0.2642
256910,-0.36,4.271,0.9731,12.8289,6.8209,-0.3365,-0.1695
256920,-4.83,3.0405,-9.6481,-6.1333,-6.6819,0.4443,-0.0407
256950,-3.63,2.6024,-1.022,0.0023,0.0194,0.5254,-0.1473
256960,-3.32,-22.1628,-59.7443,-41.5919,-93.414,0.2078,0.2271
256970,-3.61,-1.5316,-5.5047,-12.6165,-5.4531,0.5841,-0.0161
256975,0.9,-0.0143,-0.3931,-0.045,-0.0332,-0.975,0.1805
256980,-2.36,291.3447,80.691,135.7771,36.0391,1.5991,-0.3066
256990,-4.28,-4.5109,2.0738,0.0308,0.4802,0.4287,-0.1748
257000,0.75,1.8472,0.2956,0.6076,0.4666,-0.4669,0.3812
257010,0.73,-0.0208,-0.0489,-0.1058,-0.5485,-0.3011,0.7426
257020,-3.93,-75.511,-63.824,-12.095,-91.6918,0.094,-0.0407
257030,-0.04,0.0728,-0.0002,0.7376,0.0002,0.2948,-0.2883
257040,1.65,-4.9015,-0.7642,-0.1436,-0.0644,0.7762,-0.7332
257050,0.09,0.1203,0.2443,0.397,0.0713,0.3124,-0.74
257060,-0.09,-15.8312,-4.0823,-21.8359,-89.5919,0.6521,-0.9079
257070,-3.79,-1.2707,-0.2856,-0.0051,-9.0379,0.584,0.0082
257080,0.55,-9.2049,-0.6891,-2.9956,-4.7037,-0.8473,-0.2943
257100,0.24,0.1735,-0.1751,-0.2438,-0.5292,0.8729,-1.4608
257110,-3.21,-0.0143,-2.7208,0.352,-1.0017,0.3381,-0.0129
257120,0.01,-0.0439,-0.1867,-1.3173,-2.6189,0.0904,-0.5276
257130,0.79,0.0772,-0.7994,-0.0031,-3.4438,0.2783,-1.4633
257150,-4.07,0.0012,-2.7057,-1.1825,-1.365,0.4869,-0.0407
257160,1.28,-0.0145,-0.0007,0.1316,0.4823,0.2332,-0.058
257170,-1.77,7.4581,-2.0398,-0.132,-36.1636,0.0547,0.2904
257180,-3.59,-13.312,-38.4942,-9.1802,-45.913,0.7171,-0.507
257290,-2.62,-0.0456,0.2275,0.7069,0.7158,-0.245,-0.2418
257300,-2.49,0.2852,2.6461,14.1542,15.8585,0.7202,0.2414
257310,-2.64,0.7126,-1.4305,-0.7594,-7.6993,-0.0871,0.0023
257330,-5.05,2.3479,-0.0084,-1.0247,-0.589,0.9161,-0.3666
257340,0.91,-332.4745,-167.6865,-306.9761,-149.3616,-0.9509,-1.8723
257350,-4.05,-16.434,-30.6052,-37.0455,-30.6932,0.1087,0.2381
257360,0.02,-0.0004,-0.0174,0.0211,0.0118,0.1802,-0.5137
257370,-4.43,-2.4787,-13.0609,-0.0053,-6.8382,0.6675,0.0189
257380,0.56,-1.2921,-4.6621,-9.8145,-2.3697,0.807,-0.8604
257390,-3.96,-18.4113,-35.9977,-22.5952,-28.1645,0.4179,-0.0407
257420,-1.34,-0.4505,0.0082,-0.0038,-0.4011,0.1824,0.0537
257430,-0.92,0.6678,-0.0346,1.0668,-0.0047,0.1445,-0.3111
257440,-3.48,-0.1192,-19.2057,0.0043,-5.1302,0.6092,-0.0508
257460,0.08,0.0095,2.2066,6.8097,1.705,0.2991,0.7853
257470,-3.01,-3.1868,-4.3851,-7.5502,-3.0848,1.2722,-1.2198
257480,-0.75,-0.0307,0.001,0.0499,-1.5732,0.196,-0.2359
257490,-0.72,-3.5913,-33.8523,-7.6043,-4.7393,1.1547,-1.3558
257500,-1.4,0.0062,0.0215,0.1479,0.0012,0.5236,-0.9555
257510,-0.29,-225.3746,-93.5941,-71.9772,-82.0411,0.7034,-0.1584
257520,-1.06,-4.1831,-4.6048,-4.1157,-14.0345,0.42,-0.5101
257530,-4.73,-6.405,-0.1832,0.0526,-0.0414,0.4647,0.1437
257540,0.74,-7.3777,-1.5772,-3.165,-22.7358,0.3429,-0.7112
257550,-0.24,-3.012,-6.3077,-2.8415,-6.2026,0.7562,-1.9366
257560,-5.3,-58.1499,-14.1145,-17.9609,-11.7644,0.4857,-0.085
257568,0.22,-0.1086,-1.27,-1.5202,-1.2908,0.1495,-0.117
257572,0.94,0.1483,-0.0265,-0.0002,0.0048,-0.3013,0.1416
257580,-3.08,-24.8898,-37.4325,-43.6173,-57.3627,0.8327,-0.1335
257595,-2.27,-0.1039,-0.3766,-0.2227,-0.503,-0.7452,0.1712
257610,-2.09,0.0527,0.2953,6.0177,2.7152,0.249,0.1525
257625,-2.64,-34.964,-20.0571,-28.0475,-19.4094,0.1937,-0.2458
257640,-3.81,-0.6274,-3.6536,-0.9431,-2.7827,-0.2796,0.0617
257650,-4.92,-0.5551,-0.2013,1.3457,-0.1333,0.4135,-0.0407
257670,-4.34,0.0413,-8.8687,-1.2246,-4.8695,0.584,0.0082
257680,-2.7,1.3142,2.8151,2.8504,3.5507,0.0067,-0.8077
257685,0.79,-0.1358,-1.6054,-1.6838,-1.499,-0.1083,-0.9499
257690,0.25,0.0981,0.1253,0.2024,0.0068,0.796,-0.6534
257700,-5.05,-0.0302,-0.4032,-0.4801,-1.6962,0.4323,-0.0407
257710,-5.04,-14.2027,-10.2587,-8.2116,-8.1206,0.599,-0.0407
257720,-0.38,-2.4842,-2.9641,-2.0851,-1.2157,0.2058,-0.8267
257730,-3.51,-0.0836,-0.1706,0.0054,0.6191,0.7225,-0.4941
257740,-3.2,9.0068,2.7002,-0.0001,-0.1578,0.5903,0.0125
257750,1.46,24.1281,1.9685,4.0709,0.8135,0.0183,-0.1923
257755,1.85,0.0913,-0.0032,-0.009,-0.0402,-0.5376,-0.3431
257760,1.21,0.0002,-0.2152,-1.4932,-1.1464,-0.0176,-0.5428
257770,-3.33,0.0278,0.6139,0.1235,0.1335,0.3847,-0.2827
257780,-0.93,-3.0368,-8.4279,-0.0023,-33.8818,0.6523,-0.808
257790,-0.56,-0.0518,0.0082,0.0275,-0.0008,0.7593,-1.7011
257800,-3.96,2.2794,1.851,2.7282,0.817,0.9718,-0.4033
257810,0.89,-0.0415,-0.0993,0.0001,0.0006,0.1384,0.2806
257910,1.25,-0.0953,-11.9243,-4.46,-7.9898,-0.0974,0.2528
257925,-0.21,-0.0486,-0.1635,-0.9105,-3.9942,0.1003,-0.4143
257945,-1.81,0.0056,-1.8078,-3.1494,-6.6921,1.3548,-0.8191
257960,-4.6,-3.2643,-2.6166,-0.5385,-0.3348,0.5222,-0.0385
257970,0.59,0.1188,0.0326,-0.0308,0.7244,0.3047,-0.2472
257980,-3.59,-0.124,-16.6233,-4.0801,-9.0717,0.599,-0.0407
257990,0.05,-5.7993,-0.1926,-0.9717,-0.2525,0.6256,-0.7034
258000,-3.53,-0.0,-2.117,-0.2517,-0.5413,0.1609,0.1233
258010,-1.26,-0.4558,-2.0442,-0.0848,-0.1361,0.7947,-0.4264
258020,-2.59,-8.2262,-14.291,-3.4442,-16.1307,0.2363,0.5274
258030,-4.45,0.3148,0.011,0.005,0.0304,0.599,-0.0305
258040,0.36,-8.9384,-1.7135,-6.2216,-4.8251,-0.3038,-1.2638
258050,-4.44,0.5469,0.1852,0.1218,-0.0188,0.1806,0.1723
258060,-4.07,-15.5793,-5.9538,-5.2866,-2.5818,0.4832,-0.0407
258070,-5.24,-0.1588,2.877,0.4511,0.7091,0.5222,-0.0407
258080,-2.41,0.119,-0.7649,-5.1787,-5.3399,0.6706,-1.0349
258085,0.4,-0.0149,-0.0684,-0.0071,-0.3123,-0.223,0.9328
258090,-1.34,0.1493,5.6653,5.0652,3.7577,1.0556,-0.4929
258100,-2.01,0.6933,-23.5782,-7.9359,-12.4618,0.755,0.2795
258105,-0.06,0.4894,0.3052,2.8069,0.1196,-0.0142,0.0302
258110,-4.37,-12.7593,-15.5098,-36.3574,-18.9657,0.4351,-0.0407
258120,-0.07,-0.0598,-1.658,-1.6688,-3.6217,-0.2929,-0.5186
258130,-3.58,-4.4542,-4.2498,-1.7126,-1.4185,0.5222,-0.0407
258140,-0.53,0.3147,-1.0658,-0.2469,-0.6809,1.3868,-0.494
258150,-4.46,-14.9244,-3.9858,-6.783,-14.6622,0.459,0.0979
258160,0.9,0.3122,0.004,0.121,2.2061,0.3259,-0.5905
258170,0.72,-3.404,-12.2126,-6.2955,-3.6527,0.4585,-1.2006
258180,0.33,-1.4594,-0.0659,-0.7069,-1.8918,-0.3549,-0.439
258200,-0.02,-0.0253,-0.0396,-0.146,-0.6947,-0.4528,-1.0939
258210,-5.1,-0.4357,2.2519,2.1258,4.7399,0.3074,-0.0407
258220,-0.59,-0.1972,-0.5121,-1.2258,-2.2313,-0.194,-0.3143
258225,1.68,-0.3146,2.395,0.9063,0.0203,-0.4365,-0.2938
258230,0.98,-0.3514,4.9558,5.8174,0.7625,-0.1999,0.4119
258240,-0.87,-11.1462,-28.3143,-1.3161,-2.8995,-0.0889,-0.9245
258350,0.33,0.1175,-0.0328,-0.0316,0.006,-0.0167,-0.2749
258360,-0.89,-0.0014,0.0248,0.0064,0.2274,0.3705,0.1914
258370,0.27,0.0794,-0.6382,-1.1586,-1.3439,0.3478,-0.1557
258380,-0.07,-67.2683,-95.4733,-54.3137,-52.2594,0.167,0.0653
258390,-3.22,-22.5154,-8.3859,-6.042,-2.2653,0.4839,-0.0015
258400,1.73,-0.019,0.0426,0.0327,-0.0019,-0.2495,-0.3571
258410,1.74,73.9264,8.0808,29.9762,2.2011,1.5937,-0.7371
258420,0.15,0.3008,0.132,-0.0019,-0.0176,0.264,-0.6711
258450,-4.33,-0.9073,-0.0082,-4.1069,-24.9901,0.4947,-0.4178
258458,1.47,-0.0056,-0.0374,-0.2484,0.0044,0.2543,-0.3923
258462,1.79,-0.0644,0.1584,-0.0242,-0.0429,-0.1966,-0.5119
258470,2.12,-3.5351,-1.9136,-0.4111,-3.0207,0.2959,-0.0619
258480,0.03,-0.0749,-0.4294,-0.9711,-2.0073,0.2079,0.3288
258490,1.06,-0.0684,-0.2209,-0.0511,-1.6076,-0.7487,-0.5532
258500,-3.81,-14.7738,-6.4098,-21.4701,-2.5976,0.3309,0.0967
258508,-1.19,0.7479,0.0036,-0.0003,-0.2397,0.4619,-0.5912
258512,1.5,-0.2673,-0.5126,-0.3161,-1.25,0.0979,-1.2139
258520,0.63,-0.0078,-0.028,-0.0279,0.0129,-0.4778,-0.3505
258530,0.66,0.5181,-0.2544,-0.43,-1.3808,-0.0727,-0.1043
258540,-4.95,4.318,0.7886,2.0301,0.3941,0.3607,0.2658
258550,1.62,0.3999,-0.0008,0.0476,-0.0024,0.084,0.0838
258560,-4.22,0.153,-0.1258,-0.938,-1.1739,0.4454,-0.0407
258570,0.91,0.1117,-0.009,-0.023,0.0073,-0.0909,0.1049
258575,-0.63,-1.7394,-0.3336,-0.4584,-0.4328,0.6889,-0.1383
258580,1.29,-22.865,-2.8094,-0.0952,0.0061,-0.0391,-0.7887
258590,-4.23,-27.8164,-70.0162,-17.5214,-35.7819,0.4501,-0.0379
258610,-4.43,-0.002,-4.4763,-7.3492,-2.0414,0.6145,-0.1033
258618,0.97,-0.0996,-0.086,-0.1032,-0.0295,0.1514,0.0957
258622,-0.26,-0.0558,-1.8426,-5.3424,-2.6514,0.035,0.1274
258625,-3.06,-1.5982,-3.7829,-1.2682,0.0132,0.5585,-0.1207
258630,-4.63,-13.4335,-18.1657,-5.6192,-20.3629,0.5036,-0.0407
258640,-2.05,47.5999,5.1566,-0.553,-1.3119,0.7372,-0.2535
258650,-5.69,-28.7031,0.097,-0.1606,-3.4035,0.6899,-0.2887
258660,0.28,-0.2935,-2.0255,-0.8129,-2.198,0.4794,-1.288
258670,0.02,-0.0237,-0.1531,-0.0052,-0.5112,1.2866,-0.1472
258680,-3.73,0.0025,-19.8515,-1.4945,-1.0573,0.5843,-0.0323
258690,-4.58,-1.9068,-6.5775,-1.2297,-8.3359,0.3746,0.4881
258700,-4.55,-0.1984,-8.1326,-6.555,-14.5718,0.2267,-0.1744
258710,-3.39,-29.7349,-119.8056,-11.6726,-37.8945,0.2533,-0.3561
258720,-3.85,0.5368,2.1201,0.0823,0.3419,0.5608,-0.2554
258730,1.28,-0.891,-0.036,-0.0042,-0.026,0.347,-1.1988
258740,-1.21,41.458,3.5918,10.6103,3.1111,1.6687,-0.4603
258750,-0.27,-3.5407,-3.0544,-1.4129,-1.1172,-0.2502,0.0727
258760,-1.84,0.5563,0.0763,1.6718,0.8101,0.8943,-0.3143
258770,-0.07,-0.027,-1.5103,-0.0187,-0.997,0.6416,-1.0242
258780,0.74,-0.0194,-2.7124,-0.5823,-0.8746,0.1212,0.2339
258790,-3.52,-31.9676,-41.5953,-14.7339,-15.6949,0.599,-0.0407
258800,-0.2,-0.0496,0.1821,0.0395,0.2742,0.3218,-0.5605
258810,0.7,-0.1806,-0.2709,-0.1562,-0.2196,-0.1129,-0.7204
258820,0.41,-1.6958,-12.7001,-5.9978,-9.1851,1.1413,-1.3363
258826,-3.88,-84.3054,-30.5419,-21.0854,-54.0908,1.1883,-0.383
258828,-1.14,-0.0416,-0.2149,0.0143,-0.4533,-0.4062,-0.1741
258832,-4.96,-0.6392,-1.1507,-0.171,-3.9252,0.3859,0.073
258840,0.09,-0.1419,0.0002,-0.3247,-1.1872,-0.0165,0.5104
258850,-0.15,-0.0526,0.0057,-9.9389,-4.7473,0.1709,0.8327
258860,-0.76,-3.2913,-25.2278,-13.1965,-11.1241,1.0979,-1.0867
258870,1.035,-3.668,-8.8917,-7.6711,-9.367,0.8715,-1.5624
258880,0.96,-2.6969,-0.1144,-0.2974,-0.7969,0.3231,-0.3691
258890,0.92,0.2094,1.3222,0.2682,0.0678,0.16,-0.7264
258900,0.31,-0.348,-0.2543,-0.2643,-0.8798,1.0285,-0.8439
258910,0.76,-0.0264,-0.2534,-0.1249,-1.0512,-0.0023,-0.2262
258920,0.47,-0.0365,0.1542,0.9972,0.0375,0.5912,-0.9672
258930,1.5,0.0601,-0.0172,0.025,0.0039,-0.109,0.024
258940,0.86,-7.421,-1.0976,-1.349,-0.2138,-0.1114,0.2386
258950,1.16,1.6361,-2.0921,0.0075,0.0574,0.878,-0.4821
258970,-5.01,-0.0419,-19.7933,-10.4302,-14.3166,0.5941,-0.2508
258980,-2.09,-25.1293,-23.4559,-51.0104,-26.0994,0.2867,-0.0407
258990,-4.67,-16.1755,-15.0856,-12.8064,-11.0302,0.1919,-0.0407
259000,-4.77,0.0003,-2.5637,-0.6496,-0.3638,0.908,-0.4848
259010,-4.84,-12.1955,-2.9178,-3.0095,-1.01,0.6432,-0.4373
259020,-0.18,-0.2274,-0.9375,-0.1488,-0.3889,0.268,-0.4927
259030,0.53,4.7923,3.068,1.7283,1.2246,0.4772,-0.7218
259040,-0.35,-0.0109,-2.8693,-0.4654,-2.7706,1.2267,-0.1512
259050,-1.34,27.8547,-1.1449,2.0219,-0.0415,0.4135,0.5494
259060,-0.38,-0.1764,-0.2768,-0.0674,-0.4916,0.2097,-0.8365
259070,-2.51,-2.9331,-0.85,-1.5382,-6.0077,0.4341,-0.0155
259080,0.68,0.1275,-0.0628,0.0217,0.0242,0.1477,-0.0371
259090,-0.26,2.7547,3.8337,15.7886,8.7625,-0.1374,-1.3349
259100,1.11,-0.0017,-0.1183,0.1454,0.0167,0.1393,-0.6744
259115,-0.39,-0.3755,-0.5931,0.1674,0.3739,0.5496,-0.8788
259130,-4.07,-0.6605,0.0008,-3.9413,-0.2215,0.4373,-0.0407
259140,-1.59,1.0347,-0.9974,-0.0125,-0.8686,0.4704,-0.3665
259150,-1.86,0.0089,-0.36,-0.0045,-0.0077,-0.151,0.1956
259155,-2.52,0.0397,-0.136,0.0082,0.0047,0.5183,-0.7894
259160,-3.03,-0.0389,-0.1768,-0.2415,0.0019,0.3783,0.1113
259168,-4.99,-9.0334,-25.2807,-23.3069,-37.8434,0.5262,-0.0407
259172,-5.37,-0.0004,-1.6232,-3.8327,-18.2721,0.5387,0.0272
259180,1.22,0.0646,-0.0,-0.1716,-0.6195,-0.1994,-0.8479
259190,-3.19,-1.4742,-62.9254,-14.5313,-61.2027,0.599,-0.0407
259200,-1.5,4.4659,0.4923,3.4588,1.3616,0.0808,-0.2754
259205,1.97,-0.0992,-0.1782,-0.1037,-0.9666,0.2847,-0.4757
259210,0.21,0.0694,-0.001,0.0033,0.1872,0.1049,-0.3681
259220,-4.31,-10.5004,-35.3569,-11.7306,-22.4312,0.4063,-0.332
259230,0.39,5.988,-0.1318,0.7299,0.8823,-0.0815,-0.9121
259240,-4.87,-1.8456,0.5469,0.0705,0.4386,0.0885,0.077
259250,-1.46,-8.6974,-17.248,-12.9241,-14.7859,-0.0505,-0.5341
259260,-4.16,-0.0111,-26.027,-61.9245,-59.677,0.0958,0.2081
259270,2.05,-0.0008,-0.1855,-0.5059,-0.1954,0.114,-0.436
259280,0.87,-0.0665,0.0,0.0121,0.1614,0.1601,-1.442
259290,1.33,-0.0162,-0.1144,-0.0323,-0.3743,0.8087,-1.4194
259300,,-0.0067,-0.022,0.0049,-0.0895,,
259410,,-0.2587,-0.4284,-0.1147,-0.9303,,
259520,-4.82,-5.9929,0.0072,-25.0948,-22.2942,0.5687,-0.0377
259530,1.15,0.9544,0.2682,-1.0536,-0.0789,0.0838,0.1792
259540,0.57,0.0552,0.015,0.0062,-0.1732,0.0538,0.653
259550,-3.55,-36.3491,-9.1071,-13.4015,-34.7066,0.3312,-0.1472
259560,-0.46,1.3958,0.2138,0.0835,0.0032,0.5748,-0.6792
259570,-3.9,-3.0584,-3.3064,-6.6384,-11.5719,0.4719,-0.5104
259580,-3.26,0.0108,-0.3178,-0.7088,-3.5401,0.4166,-0.1841
259590,1.37,1.6228,0.8435,4.8819,3.0337,0.1603,-0.6768
259600,-3.99,-0.2934,0.2323,-0.8717,-0.0479,0.2435,0.0987
259610,-1.21,-0.1694,-0.1118,0.1217,-0.2722,-0.306,0.8433
259620,1.3,0.0918,0.1377,0.2363,0.1501,-0.2619,0.146
259630,0.94,12.2999,2.2679,3.2466,0.8971,1.1113,-0.4612
259640,-4.08,0.712,0.089,0.2347,0.0842,0.5453,0.0511
259650,-1.59,-0.2459,-24.625,-3.1269,-8.1921,0.3833,0.0328
259660,-1.16,0.2619,-23.0228,-0.9658,-2.6688,0.7946,-0.2366
259670,0.29,0.3711,0.0335,0.1491,0.5784,0.0153,-0.1039
259690,-2.67,-0.0302,-0.2731,-0.4566,-0.7181,0.6092,-0.0508
259700,-0.04,-0.1293,0.0631,0.1512,0.0744,0.1587,-0.4982
259710,1.02,7.0357,2.2209,0.2764,-2.5061,-0.6541,0.7391
259720,-4.55,-1.6677,-1.3509,-3.4637,-9.0311,0.4064,-0.0407
259830,0.05,306.9274,34.12,59.1815,4.2423,0.6078,-0.1648
259840,-0.76,13.3773,2.1819,11.2672,4.2583,0.7698,0.3751
259850,-3.55,4.7571,-23.3564,-8.2456,-6.1656,0.6328,-0.1028
259860,-4.08,0.0853,-1.3463,-2.2155,-0.1525,0.638,-0.1416
259870,0.59,-5.2794,-2.3333,-2.5883,-6.3261,0.7555,-0.3602
259880,1.34,0.1138,0.1314,0.2449,0.0052,-0.1059,-0.0546
259890,1.35,-0.0067,-0.0098,-0.5076,-0.064,0.4762,-0.4335
259895,-0.15,0.0,-0.5353,-0.4586,-0.2457,0.2721,-0.3086
259900,-1.46,0.6096,0.2165,0.7359,0.1732,0.1534,-0.2095
259920,-4.65,-4.3992,-21.5196,-28.7435,-11.5783,0.5401,-0.0082
259940,0.07,-5.9814,-32.5266,-25.4547,-37.3031,0.2802,-0.496
259950,1.34,10.0485,4.3221,3.494,0.3036,1.2133,-1.0985
259960,-0.67,-3.923,-0.4493,-1.2606,-2.5262,-0.0946,-1.7572
259965,0.41,0.0621,-0.0092,-0.0023,0.0012,-0.5967,0.2144
259980,-2.71,-1.5515,-0.5531,-0.1697,-0.1465,0.599,-0.0407
259990,-4.33,25.7232,0.0014,0.0144,-0.1407,0.8957,-0.5892
260000,-0.49,-2.0376,-0.9455,-1.9937,-2.7754,0.393,-0.7589
260010,-2.26,-12.0799,-42.0813,-7.4291,-23.7346,0.4478,-0.3185
260020,0.28,-0.0025,0.2627,0.063,0.0619,0.472,-0.881
260030,-1.16,-65.749,-70.7434,-48.4436,-31.7395,1.6176,-0.4374
260140,-4.96,13.117,2.2467,17.5509,0.2007,0.5182,-0.1033
260150,0.22,-2.7143,-0.3281,-0.6464,-1.603,0.8056,-1.5604
260160,-1.69,-7.5582,-3.4353,-2.5085,-1.9163,0.1457,-0.1102
260170,-4.87,0.042,0.5764,0.366,0.0003,0.5835,-0.0407
260180,-4.07,-0.3417,-13.2401,-14.5087,-8.4181,0.1477,0.1009
260190,-0.01,0.6514,0.0555,0.2795,0.3387,0.5531,-1.0677
260200,-5.65,-9.9638,-41.4051,-44.5163,-14.1878,0.8567,-0.174
260205,1.2,-1.2232,-0.0477,-0.5594,-2.4979,0.0039,0.2658
260210,-3.47,0.0892,-0.8708,-0.2807,-1.6919,-0.0188,-0.0508
260220,0.66,-0.7283,-1.8437,-0.8378,-1.0307,0.8697,0.2297
260230,-4.09,0.5895,-18.1582,0.0198,-7.49,0.46,-0.0407
260240,-2.43,6.0653,0.0224,-0.0294,-0.0001,-0.1426,0.1711
260250,-4.98,-0.2467,-19.3055,-2.4362,-7.4434,0.5662,-0.5319
260260,-4.98,-0.5808,-0.6442,-1.0579,-1.0746,0.566,0.0766
260270,-3.61,-13.0987,-19.6352,-14.5713,-13.4308,0.6845,-0.2698
260280,0.23,-0.099,-0.0,-1.4135,-0.0138,0.8076,-1.203
260290,-2.79,-7.4068,-4.8569,-0.319,-0.4022,0.1539,-0.437
260300,-1.4,-0.0179,0.1434,0.5663,0.2152,0.3649,-0.9506
260310,0.69,-0.0156,-0.3886,-0.0457,-0.879,-0.5598,0.4645
260320,-3.4,-1.6773,-5.2378,-1.5749,-11.1009,0.5203,-0.0722
260325,-2.96,-0.3471,-0.9807,-0.6752,-7.5498,-0.3716,0.0702
260330,-1.54,0.0044,-0.03,0.0063,0.0293,0.2246,-0.23
260340,-0.36,4.1876,-0.0772,0.0108,-6.7371,0.7897,-0.1614
260360,-5.4,0.0003,-0.2803,-0.7174,-4.706,0.4093,-0.0407
260370,1.09,0.0,0.6412,0.2458,0.0225,1.161,-1.0125
260375,0.4,-0.0,-0.9028,-0.3469,-2.6086,0.4919,-0.3219
260380,0.6,0.0272,-0.0014,-0.0147,-0.0496,-0.043,-0.7317
260390,-1.13,-1.5441,-0.7659,-0.2677,-0.4134,0.8697,0.2246
260400,1.72,0.131,-0.0204,-0.3969,-0.6628,-0.0362,-0.4635
260410,-3.85,-8.1892,-2.1985,-6.4584,-10.8898,0.1954,0.0807
260420,-5.58,-1.6206,-3.5353,-2.0497,-0.1039,0.6092,0.065
260430,-0.76,-0.0151,-0.598,-0.2499,-2.5697,0.2908,-0.8676
260440,0.03,91.7852,18.1904,73.121,31.7573,0.1588,0.1525
260450,-1.29,-0.2936,-5.2718,-8.4851,-1.7877,0.9736,-0.0033
260460,0.94,0.0425,0.3437,0.4737,-0.1536,0.6532,-0.4495
260470,-5.03,-4.6364,-4.6325,-0.902,-5.0123,0.5889,-0.0305
260480,-0.9,0.0747,-0.0577,-0.1546,-0.0947,-0.0899,-0.517
260490,-1.62,-0.0185,-1.463,-0.0316,-2.6831,0.2473,-0.294
260500,-3.3,0.0101,-10.6376,-4.3382,-4.5332,0.455,0.1671
260510,1.48,-1.9254,-0.9632,-0.6068,-2.4947,0.1445,0.0879
260520,1.9,-0.0737,0.0192,-0.0145,0.1167,0.4877,-0.3953
260530,1.64,0.1085,0.1542,0.0569,0.0034,-0.1282,-0.1293
260540,1.75,0.1473,0.0446,0.1469,0.4239,-0.0264,0.1476
260550,-1.34,-1.3167,-23.0054,-0.1911,-14.5486,0.2787,-0.0972
260570,-0.25,-0.0075,-7.4498,-2.54,-2.8477,1.6013,-0.7932
260580,-3.26,8.4633,-0.0053,2.7992,3.9764,0.7366,-0.213
260600,-0.34,94.4735,3.1174,0.2423,7.159,0.8343,-1.0346
260610,-4.97,3.9088,5.5433,7.6401,4.6407,0.3111,-0.0305
260620,-1.76,88.3246,17.0151,25.123,6.6159,-0.0229,0.1067
260630,-3.8,-34.9484,-15.9026,-36.1823,-22.7333,0.6042,-0.2037
260640,-0.62,0.0148,0.2473,0.3633,1.3367,-0.0265,-0.3607
260650,-4.15,3.4134,2.4919,0.688,0.2601,0.3873,-0.6946
260660,-2.83,-2.6185,1.1797,0.6275,-3.3869,0.5206,0.0922
260670,-4.46,-5.2525,-4.204,-11.3027,-12.5779,-0.0105,0.2883
260680,-4.6,0.1254,3.318,4.2899,4.3518,0.3034,-0.0407
260790,-3.03,-1.4144,0.4108,0.0556,0.3292,0.5836,-0.0407
260800,-5.17,0.8915,2.2382,2.0275,1.4742,0.599,0.0751
260810,-3.97,-9.754,-2.0291,-1.5985,-0.5289,0.4627,0.0255
260820,0.36,-128.4194,-22.177,-21.0659,-19.0604,0.5113,-0.7789
260825,2.13,0.0247,-0.0133,-0.0209,-0.2807,-0.1108,-0.0405
260830,1.47,0.0808,-0.03,-0.6315,-0.3036,0.1149,-0.4529
260840,-4.45,0.3547,2.5477,2.4411,1.7292,0.1292,-0.0407
260850,0.97,0.0506,-3.7842,-2.7653,-2.3323,0.5478,-1.4683
260860,-1.07,0.0003,0.1856,0.7187,1.4112,0.0807,-0.3725
260870,0.92,0.1067,0.0147,0.6861,0.0517,-0.6589,0.1968
260990,-2.91,-0.6758,-13.5856,0.0316,-17.8939,-0.1902,-0.3622
261000,-0.89,0.0037,-0.0621,0.0097,-0.1001,0.1051,-1.2359
261010,-4.61,0.3021,-0.0842,-5.9917,-0.6499,0.6208,-0.1404
261018,-0.76,-1.0003,-2.6985,-1.6788,-1.8447,0.4644,0.2673
261022,0.47,-0.0066,-0.7778,-1.459,-0.1076,-0.0641,-0.3529
261030,-3.66,-19.3868,-2.9163,-0.9127,-2.4493,0.8306,-0.1621
261040,0.94,0.0982,-0.1256,0.0516,-0.8539,-0.4773,-0.2393
261050,-5.31,1.2299,-4.1648,-3.4022,-19.486,0.3311,-0.0407
261060,-1.94,5.2962,0.4211,0.8742,2.9329,0.4914,-0.0407
261070,-4.44,-7.4098,11.2166,1.9775,0.4472,0.1507,-0.1133
261075,1.02,0.0147,-0.0043,0.0078,0.0134,0.1405,-0.4211
261080,-3.95,0.2594,-19.6389,-0.0424,-3.0585,0.5648,-0.0911
261200,-1.0,-24.0841,-6.4584,-9.339,-21.9077,0.2897,-0.0704
261210,-4.01,-24.2635,-41.5006,-3.3393,-73.0517,0.2275,-0.0552
261220,-4.78,-50.6911,-23.9785,-73.5406,-36.4436,0.5889,-0.0305
261230,-4.43,-0.0272,-0.1052,0.0246,0.7912,0.6148,-0.2389
261240,-5.14,-1.5041,-0.8914,-0.0071,-0.656,0.2688,-0.0718
261250,-3.39,-0.6899,-14.4981,-10.1267,-16.5285,0.5278,-0.0407
261260,0.685,3.7015,-0.6334,1.526,-0.2082,0.1259,-0.0984
261300,-0.49,-0.1975,-49.6565,-2.964,-14.2381,0.4011,-0.3681
261370,-2.9,11.9405,-6.0047,0.1199,-0.4125,1.1784,-0.2647
261380,-3.22,0.0296,1.6551,0.3414,0.69,0.1798,0.0549
261390,0.98,8.6594,-0.015,0.1672,0.0002,0.6841,-0.8644
261400,1.14,70.1962,11.35,6.5089,2.3265,1.8267,-0.6917
261410,-2.85,0.0017,-3.798,-0.344,-29.6443,0.3767,0.3793
261430,-3.29,-0.471,-8.1817,-2.0903,-2.899,0.356,-0.0407
261440,-2.1,-6.9776,-5.2558,-6.6985,-7.2369,0.4085,0.3185
261450,-0.43,-7.0524,-0.8673,-0.4428,-8.7477,0.8834,-2.1605
261460,-4.17,-1.4727,-0.4873,0.481,-0.3657,0.6237,-0.7267
261470,-4.57,-3.7646,-15.6889,0.0001,-10.098,0.6337,-0.0231
261475,-4.09,-3.273,-41.513,-6.9835,-8.1429,0.2961,-0.2056
261480,-4.8,2.5846,-1.7539,0.0925,-0.0028,0.7062,-0.1841
261490,-6.89,-0.0245,0.3025,0.5661,-0.009,0.2755,0.1695
261500,-0.09,0.0226,0.7759,1.9199,0.0382,-0.2728,-0.3737
261510,-5.21,-13.8413,-14.4198,-10.0848,-34.7758,0.5445,-0.0264
261520,-5.23,0.0064,2.6436,1.4739,1.7838,0.4808,0.104
261530,2.48,0.2431,4.1308,6.0144,3.8698,0.5516,-0.7136
261540,-3.54,-0.3558,-0.246,-0.2056,-0.1462,0.189,0.3569
261560,2.24,0.0288,-0.1519,-0.2603,-0.1019,0.3488,-1.3244
261570,-4.03,-1.9251,0.5741,0.0753,0.4492,0.4556,-0.0407
261580,2.95,-0.4009,-0.6319,-0.2486,-0.3028,0.078,-0.1189
261590,-0.07,-0.0007,-1.7704,-0.7482,-0.6763,0.441,0.1149
261600,0.8,-0.4138,-0.5842,-0.1121,-0.4307,-0.5924,-0.2137
261610,0.54,-0.0014,-2.3044,-0.1024,-0.9069,-0.0213,-0.6922
261620,-3.46,-0.0175,-15.3111,-27.2807,-2.7015,-0.1282,-0.3081
261630,1.3,0.1375,0.3496,0.7845,1.8045,0.136,-1.0547
261650,1.61,0.0071,-3.9043,-0.8338,-0.1413,0.3209,-0.9681
261660,-0.15,-0.387,-0.2681,0.0071,-0.0282,0.7283,-0.1572
261670,0.72,-5.8082,-0.3044,-0.9796,-2.1195,-0.6321,-0.072
261680,-5.79,-2.2207,-8.0419,-9.0341,-29.9935,-0.2144,-0.0199
261690,-1.77,-21.3332,-7.1736,-0.0758,-22.1468,1.0651,0.2005
261700,0.99,1.0439,0.6844,0.7796,0.0135,-0.3207,-0.4057
261710,1.7,0.0423,1.8956,0.774,3.2945,-0.1228,-1.1274
261720,-4.31,0.4499,2.5573,1.4057,1.7347,0.5835,-0.0305
261730,-0.09,1.1205,0.1322,0.5084,-0.0013,0.0151,-0.4079
261740,0.31,-0.0608,0.0089,-0.0806,0.0144,0.8859,-1.3135
261750,0.52,0.1282,-0.4539,-3.5442,-2.393,-0.0599,-0.7421
261760,-2.94,-0.0086,2.8186,-0.0,0.4458,0.4046,0.042
261770,2.09,-1.3255,-0.0003,0.0499,0.3978,-0.204,-0.1174
261780,-3.8,-0.012,0.3816,0.1325,-0.0908,0.989,-0.5802
261790,-0.46,-0.093,-0.8807,-3.4855,-2.4272,0.1915,-1.5991
261850,-5.28,-3.6658,-15.6617,-35.3549,-61.652,0.599,-0.0407
261940,-1.1,1.0931,3.6624,13.4849,0.6384,0.1446,0.4645
261950,-4.84,-2.4676,2.6101,0.0364,0.6142,0.4465,-0.0407
261955,-2.9,-0.0578,0.2179,1.616,0.985,-0.1091,-0.234
261960,-4.39,-18.4053,-6.997,-18.2645,-2.1088,0.533,-0.0508
261970,1.42,-0.2266,-0.2293,0.5157,0.0035,-0.0267,-0.3463
261980,-0.31,0.0049,1.4894,-0.0525,-0.0077,-0.8646,-0.6624
261990,-1.3,-0.5104,0.0793,-0.0076,-0.0687,0.163,0.134
262000,0.61,-0.2843,-0.0309,-0.0029,-0.0272,0.2716,-0.3422
262010,-0.81,-24.1999,-25.1184,-26.8339,-55.8467,0.209,-1.5521
262020,0.84,-0.1025,-2.285,-3.4534,-1.3147,-0.1189,0.1425
262030,-1.94,-0.05,0.2328,0.5137,0.4229,0.4266,-0.3288
262040,-0.03,0.2162,-0.2368,-0.2827,0.0023,0.5409,0.1566
262050,1.97,-2.2941,-1.0908,0.3999,0.1565,0.0844,-0.2566
262060,-0.13,0.2004,0.387,0.0039,-0.0232,0.7492,-0.4696
262070,-2.69,-62.454,-73.9921,-106.2891,-112.5654,0.5076,-0.1148
262080,0.33,-19.9728,-14.3243,-46.3103,-21.6369,-0.1196,-0.3933
262090,0.96,-0.0419,-0.0986,0.0128,-0.212,-0.2012,-0.1043
262100,-4.98,-2.0019,-5.1514,-6.2178,-8.5551,0.4797,-0.0508
262110,-0.27,0.0257,0.4451,1.6911,0.9278,-0.0429,-0.6613
262120,1.11,-3.2429,-0.1047,-0.2265,-0.3863,-0.0606,-0.2897
262125,0.54,-0.5139,-2.4363,-1.8267,-1.943,-0.416,-0.3826
262130,-1.76,-2.8871,-0.0444,0.9944,0.0393,-0.2804,-0.2211
262140,-0.53,-0.2918,0.2707,2.4534,2.4732,1.2225,-1.6834
262150,-3.85,-0.0327,-6.8855,-2.0295,-1.3383,0.3246,-0.0407
262160,0.3,-1.055,-0.0838,-0.0472,-2.3787,-0.0896,-0.8813
262170,-3.05,-2.2745,-0.821,0.0816,-0.9085,0.5134,0.0103
262380,-4.75,0.0268,-0.1124,0.1078,-0.2013,0.4981,-0.0691
262390,-2.15,0.001,0.0031,-2.3209,-5.5368,0.4832,0.0361
262400,1.24,-2.5316,0.0871,-2.2539,5.1143,0.171,0.2211
262410,0.18,0.415,-0.9447,-0.7731,-0.7991,0.6463,-0.1626
262420,-0.05,0.6768,1.8848,11.1922,7.5228,0.671,0.2628
262430,-4.41,-47.2653,-50.9142,-36.5096,-71.8558,0.5392,-0.0855
262440,1.64,-0.1528,-1.008,-3.624,-1.1526,0.2132,-0.1549
262450,-0.86,5.6192,0.6754,3.3278,0.9471,1.2455,-0.7921
262460,-2.95,0.037,-0.0001,-0.1499,-1.8207,0.0363,-0.1485
262470,1.2,-0.1139,-2.7601,-0.1172,-0.1993,0.1938,-0.3892
262480,-1.01,-7.636,-3.6833,0.0034,-2.7076,-0.1093,0.1363
262490,-1.2,-30.5449,-25.5159,-5.5117,-40.7597,1.6073,-1.1091
262500,0.69,-0.0337,-0.745,-0.079,-0.0293,0.0539,0.1784
262510,-4.42,0.0202,-14.5429,-2.2234,-19.5134,0.3095,0.3782
262520,-1.76,0.5866,-0.2677,2.0807,-0.0185,-0.2753,0.2209
262530,-0.18,-0.6005,-0.1432,-0.0073,-0.1579,0.1547,0.0614
262540,-0.29,0.0185,0.1592,0.5397,0.1621,0.2139,0.4799
262550,-0.55,-9.5868,-2.5927,-0.8542,-2.6888,-0.0523,0.1697
262560,-3.88,-0.0896,-18.0683,-1.0162,-0.2671,0.5107,-0.0742
262575,-0.4,0.0131,0.0003,0.3936,0.0226,0.7339,-0.0689
262590,-2.16,-0.0006,-0.8114,-0.5637,-0.0226,0.6355,-1.5112
262600,-0.39,0.0,0.0015,0.2958,0.0053,-0.0345,-0.5151
262610,-1.51,14.0736,7.2033,5.7755,8.2637,0.5615,0.2792
262620,-2.1,-1.1462,0.2905,0.2123,0.025,0.02,-0.0407
262630,1.0,0.0033,0.0084,0.7238,0.1907,0.0689,-0.3576
262640,-3.49,-12.0269,-38.9754,-16.1843,-88.6319,0.5506,-0.3297
262650,0.38,0.0001,0.0756,0.3265,-0.0025,-1.0819,0.2296
262655,0.12,0.0443,0.0007,0.0029,-0.0449,0.3978,-0.5994
262660,-0.2,-0.2413,-0.7376,-1.6313,-1.0881,0.5887,-0.7311
262670,-4.54,1.364,4.3751,2.5721,4.3478,0.1513,0.2522
262680,0.74,-242.9031,-206.6301,-248.1428,-125.9035,0.3529,-0.7888
262690,-4.67,-0.0774,6.0415,1.6486,2.4092,0.599,-0.0305
262700,-1.86,-24.9596,-9.4005,-4.8671,-5.5961,0.1317,-0.571
262710,-2.62,-0.2514,-2.9854,-0.1026,-0.2127,-0.017,0.4582
262720,-4.59,-1.8769,0.5234,0.1594,0.2945,0.5612,-0.3152
262730,1.11,-0.0213,0.6762,0.2905,0.3081,0.3762,0.0767
262740,1.08,-0.1628,-0.7218,-0.5908,-1.2505,0.1246,0.1343
262750,-2.87,0.0127,-0.0333,0.0002,-0.0252,0.4325,-0.7317
262760,-1.1,-0.0067,-3.2773,0.0281,-0.7548,0.4884,-0.0407
262780,-2.67,3.2339,7.5017,10.2638,1.3118,-0.3771,0.1574
262800,0.75,0.2885,0.0412,0.1715,0.0096,0.6357,-0.9668
262810,-3.34,0.1396,-1.651,-1.0728,-0.2306,1.1692,-0.3184
262825,-3.06,-28.8963,-22.159,-29.1164,-21.0757,0.2997,0.255
262840,-1.82,0.001,0.0183,0.8653,0.3108,0.2667,0.4858
262860,-0.52,-1.624,-16.0746,-7.2718,-7.1316,0.0405,0.679
262870,1.2,-1.9032,-0.5731,-0.001,-0.5762,0.126,-0.7351
262880,-2.82,-0.0599,-0.2036,-0.8657,-1.1013,0.6802,-0.4955
262890,0.0,-0.0789,-2.3117,-0.7043,-3.6106,-0.3044,-0.2381
262900,-1.34,-0.1576,-1.4041,-2.5199,-3.7087,0.7111,-0.0703
262910,-2.84,-5.5367,-135.5547,-94.432,-75.741,0.3788,0.1028
262920,0.56,0.077,0.3006,0.8822,-0.0004,0.2749,-0.2834
262930,-3.47,-0.9008,-82.9623,-16.2758,-63.7681,0.6315,0.2567
262933,0.08,-104.4871,-40.4854,-29.8576,-84.1917,0.7781,-1.219
262935,1.55,0.0914,0.2082,0.0556,0.0064,0.5653,-1.1694
262940,1.22,0.5979,0.1981,0.3585,0.0078,0.2547,-0.278
262950,-4.4,-4.7132,-4.2835,-10.4036,-5.8608,1.1049,-0.1347
262960,1.1,-0.1111,0.516,0.9595,1.7361,-0.2503,-0.0927
262970,1.7,-0.0059,-0.0031,-0.0267,0.0078,0.0518,-0.33
262980,1.52,-13.365,0.0035,-0.3191,-8.4856,0.2123,-0.9382
262990,-0.53,-0.2458,-52.5451,-12.4836,-19.7016,0.0369,-0.2063
263000,-0.94,-135.1493,-124.8631,-55.7601,-133.1342,0.4007,-1.1662
263010,1.04,-0.0604,0.0024,0.0,0.0075,0.3332,-1.1419
263020,-0.24,-0.8893,-1.8533,-1.3692,-11.1712,1.2519,-0.6708
263030,1.55,-0.4198,-1.6145,-0.351,-0.8194,-0.0585,-0.2088
263040,-3.98,0.2895,-0.0981,0.0297,-0.0161,0.3993,-0.0407
263050,-3.53,0.0107,-1.5223,-0.0105,0.0601,0.657,-0.402
263060,-3.81,-0.0011,-0.4289,-1.5203,-0.1213,0.6977,-0.1393
263070,-2.65,0.0044,1.8463,1.017,1.2569,0.9551,-0.1867
263080,-3.1,-4.6041,-8.5143,-6.8007,-2.2046,0.6166,0.0607
263085,1.56,-33.8643,-34.1,-52.2803,-36.9422,-0.176,0.4735
263090,-5.79,0.2584,1.6069,3.2583,7.0261,0.4593,-0.0445
263100,0.39,0.2117,2.6657,1.2921,0.6669,0.5072,-0.3065
263110,-4.63,-1.9916,-6.5391,-3.0503,-6.9593,0.4883,-0.0407
263120,-4.4,-2.6588,-1.6252,-1.5438,-2.6973,0.5638,-0.0407
263130,1.86,0.0809,0.0147,0.0158,0.1599,-0.1876,-0.2487
263135,2.24,-0.3291,-0.4135,-1.127,-0.3373,0.0678,0.3665
263140,-1.35,0.1002,-0.0324,0.4204,0.0019,-0.4091,-0.4033
263150,-5.29,-6.1428,-3.4412,-3.3573,-2.6363,0.3343,-0.0407
263160,-0.01,-2.5952,-3.3592,-2.8214,-3.6017,1.1304,-1.1099
263170,-1.47,-4.7007,-63.9135,-8.0788,-21.5347,0.5863,-0.2325
263180,1.56,-0.057,-0.2026,-0.121,-0.2863,-0.098,0.3193
263190,-0.41,-0.6472,-0.0094,0.0249,-0.0351,0.6453,-0.2398
263200,-0.61,-108.4097,-169.3506,-111.8041,-201.0347,0.3603,-0.4135
263210,-0.86,-0.0168,-1.6329,-0.4794,-1.1595,0.9009,-0.8359
263215,1.11,-0.0214,-0.4264,-0.0394,-0.2327,0.0851,-0.4683
263220,0.48,2.7767,1.3205,0.0021,0.0564,0.14,-0.4936
263230,-0.69,28.4302,0.0047,4.9548,1.2575,0.4669,-0.3463
263240,0.7,-3.1251,-0.1397,-1.8705,-5.7283,-0.562,-0.7176
263245,0.2,-0.0033,-2.6572,-0.1054,-2.5074,0.0373,-0.1951
263250,1.22,-0.0055,-0.5473,-0.5893,-0.2093,-0.1997,-0.1897
263260,-0.93,254.8259,245.2235,569.3211,430.2756,0.2144,-0.2425
263270,0.72,0.3071,-0.0137,-0.4084,-0.4138,0.1172,-0.6773
263280,0.88,-0.5375,-2.4631,-3.5976,-9.1553,-0.1535,-0.6566
263290,1.1,-0.0389,-0.0001,-0.1963,-0.0379,0.0024,-0.2312
263300,-3.67,-1.2751,0.1737,-0.6046,-3.2519,0.414,-0.0407
263310,-2.58,-0.0001,-3.6047,-4.4859,-1.7327,-0.0473,0.0046
263320,-0.63,70.5254,0.184,1.232,0.2534,1.2139,-0.0525
263323,0.94,0.0006,0.0082,0.2114,0.0215,0.4997,-0.1772
263327,2.22,-0.9788,-0.0143,-0.0351,0.0148,-0.0294,-0.3723
263330,1.25,-1.7904,-2.4986,-0.8274,-1.5214,0.8547,-1.2588
263335,0.77,-0.175,-0.2704,-0.1509,-0.0657,0.4166,-0.4353
263340,0.75,0.0061,0.004,0.4393,0.2312,0.168,-0.3444
263350,0.06,0.0462,-6.4597,0.0391,-0.3668,0.6189,-0.7528
263360,-1.41,-3.48,-19.4142,-17.3444,-10.945,0.8766,-1.0398
263380,0.65,-0.631,-2.3543,-0.2692,-1.184,0.432,-0.3288
263390,-3.54,-0.0012,-0.6654,-2.3167,-0.9661,0.6302,-0.4126
263400,-4.24,-11.785,-28.4086,-34.3794,-50.9578,0.3126,0.2976
263410,0.64,0.0004,0.0096,0.095,-0.0625,-0.0869,-1.2086
263420,0.78,2.3858,10.8779,11.6987,12.3656,-0.2814,-0.592
263430,0.99,0.0011,1.1257,0.5753,0.0044,-0.2352,0.5304
263440,-3.99,0.0175,-0.1093,-0.1744,-3.326,0.8766,-0.4132
263450,-1.86,-6.4279,-6.9279,-8.0246,-5.775,0.6831,-0.5565
263460,-0.03,-1.6185,-0.19,-0.4877,-1.3587,-0.3058,-0.106
263470,-0.11,0.0868,0.0004,0.2517,0.0287,2.1606,-1.1147
263480,-0.02,-12.5926,-4.2283,-7.6761,-4.3885,0.1429,-0.4726
263490,-3.31,0.2377,0.2125,0.7438,1.1863,0.4643,-0.0508
263500,-4.09,-58.2137,-38.2344,-16.0899,-45.6462,0.434,-0.0305
263510,-4.6,-1.7988,-2.0738,-1.4374,-1.7478,0.3064,-0.108
263520,1.21,-4.9177,-2.0046,-1.9575,-4.0115,-0.7762,0.1348
263530,-2.96,-0.268,-32.7368,-3.6182,-7.2077,0.4432,-0.2248
263540,0.28,-7.982,-13.4648,-4.1174,-9.9853,0.2674,-0.0855
263550,-3.59,-4.4892,-1.4383,-7.6195,-1.1952,0.2859,0.0361
263560,0.47,-26.4229,-16.2618,-58.0959,-11.5744,1.5105,-3.014
263570,0.5,-0.0,0.0058,-0.2758,-0.1981,-0.466,0.1935
263580,-2.37,-15.3291,-0.0296,-0.2595,0.0014,0.7458,-0.0187
263595,-3.53,-0.3556,-3.0167,-1.3213,-4.2703,0.1705,-0.029
263610,-2.61,0.423,0.0292,0.1005,0.0728,0.5477,0.1193
263630,0.11,0.0147,-0.1756,-0.0173,-0.847,-0.2988,-0.844
263633,-3.05,-2.4769,-8.0105,-1.1507,-17.3983,0.2425,0.0311
263637,-4.79,-14.2907,-10.1982,-4.7964,-14.6519,0.4166,0.065
263642,-4.24,-0.0018,-0.0028,-0.0109,-0.1238,0.635,-0.6109
263650,-4.59,-1.4618,-4.7265,-7.0074,-12.9578,0.5108,0.2731
263660,-0.31,-0.0169,0.1558,-0.0548,0.0293,0.0478,-1.3335
263670,-2.43,1.4782,0.003,0.0918,0.0008,0.7252,-0.2175
263680,-4.3,1.4656,-1.0291,0.2571,-0.9689,0.9176,-0.179
263690,-0.84,-5.5813,-10.3608,-24.667,-8.6287,0.4405,-0.5768
263700,-4.59,-0.4657,-1.8649,-0.9257,-13.6958,0.4854,-0.1252
263710,-1.02,-32.971,-5.7129,-5.0903,-3.4561,0.3987,0.4208
263720,-0.67,0.0845,-0.442,0.1156,-0.0035,-0.2233,0.1144
263730,0.99,-0.0024,0.0678,-0.0615,-0.8015,-0.195,-0.5573
263740,0.3,0.0133,0.3045,0.1226,0.0132,0.4249,-0.3022
263750,1.4,0.4361,0.0346,0.0736,0.0131,-0.1997,0.3455
263760,-3.79,1.7638,-1.229,-0.5739,-2.8576,0.9554,-0.1177
263785,-2.1,-0.1707,-38.4915,-3.2374,-3.2288,0.6062,0.1893
263800,-5.54,0.0018,0.0512,0.5457,-0.0166,0.4028,-0.0609
263810,0.86,-0.1828,-1.1092,0.0002,-1.1257,0.2458,-1.0179
263820,0.64,0.0244,0.0167,0.634,-0.0366,-0.5101,-0.4992
263840,-2.79,0.2154,0.0057,-0.0686,0.0261,0.5063,-0.7136
263850,1.12,0.0597,-0.0325,-0.0251,-1.0289,-0.2484,-0.9138
263860,-3.01,-8.5012,-5.985,-7.5198,-18.916,0.52,0.1923
263870,-4.2,0.0242,-25.5206,-2.9304,-4.2697,0.5889,-0.0407
263980,-1.45,0.0011,-0.6687,-0.1086,-2.1099,0.2648,0.107
263990,0.22,-0.2088,-0.1434,0.035,-0.361,0.1799,-0.1268
264000,-0.63,0.0006,-3.1033,-0.35,-4.3343,0.4242,-0.616
264010,-4.11,-20.2173,-39.1667,-20.8142,-10.5373,0.3764,0.0969
264020,-1.48,0.9441,-0.3466,0.0025,-3.4144,0.6566,-0.927
264030,1.31,-0.0196,0.0975,-0.0344,0.0095,0.0324,-0.4772
264040,-2.54,2.1246,-9.5194,-0.0004,-4.506,0.1228,0.5228
264050,-2.25,8.0521,-0.1164,7.2954,-0.483,0.4524,-0.4473
264060,-3.51,-0.0474,-0.0291,-5.1764,-0.0537,0.9295,-0.0756
264070,0.8,-0.0005,-0.0516,-0.0174,-0.0101,-0.0518,-0.8288
264075,1.1,-0.6106,-0.5162,-1.7929,-0.8767,0.0504,-0.1225
264080,-1.43,-14.3119,-62.4859,-30.9306,-15.76,0.599,-0.0407
264090,-4.74,0.2503,-8.4825,-6.2711,-0.0572,0.5036,-0.023
264100,1.39,0.0004,-0.3171,-0.5832,-0.6614,0.1679,-0.5399
264110,-0.35,-0.2285,-0.7516,0.0194,-0.9682,-0.0665,0.2976
264120,-4.61,-21.7256,-52.9923,-22.2425,-21.2859,0.5288,-0.6581
264130,-3.25,-0.0,-10.0316,-4.6294,-17.4681,0.5386,-0.2775
264140,-0.4,-0.9656,-2.4806,-0.2461,-4.4333,0.2768,-0.5434
264150,1.58,-0.1523,-0.3776,-0.0154,-0.0784,-0.1573,-0.5838
264160,-3.95,-7.577,-17.7727,-2.6389,-25.7621,0.4028,0.4451
264170,-1.1,0.956,0.0709,0.2385,0.1786,0.193,-0.7163
264175,0.04,-0.0008,-0.098,0.0508,-0.0583,0.1991,0.4325
264178,-0.655,0.034,-0.8185,-0.1946,-0.3969,0.2059,-1.3128
264182,0.29,-0.0168,-0.18,-0.0827,-0.0598,-0.316,-0.3177
264190,-0.26,-0.8178,-1.7048,-4.1329,-7.1025,-0.6129,-0.323
264200,-4.88,-4.0075,-0.0713,-2.1007,-5.6021,0.7639,-0.1197
264210,-3.53,-9.2682,-51.8351,-7.7835,-46.9049,0.8592,-0.507
264220,-0.49,86.884,95.6675,36.5496,16.4072,-0.051,0.1116
264225,2.03,-0.0028,0.0025,0.0182,0.0013,0.3684,-0.3729
264230,,-0.0005,-0.0309,-0.0232,-0.0147,-0.3291,0.1853
264240,0.66,0.0932,0.0044,0.5575,0.2322,0.8536,0.1593
264250,,,,,,0.4977,-0.3674
264260,0.91,0.0093,-0.0008,0.0141,-0.0063,0.384,-0.7731
264420,-3.89,0.6438,0.0562,1.0317,2.4615,0.2242,-0.2019
264430,0.37,-0.2718,0.0278,-0.1393,-0.2,0.6651,-0.2642
264440,-4.66,1.8695,0.3832,2.9089,0.2038,1.0338,-0.7612
264450,-0.02,-1.6674,-4.3407,-2.8697,-2.5024,-0.4186,-0.6225
264460,-3.39,0.0949,-22.3019,-13.3812,-22.2404,1.1233,-0.0976
264468,-0.72,-0.8536,-0.2286,-0.002,-0.2124,0.6604,-0.3024
264472,-4.69,-0.1224,-37.6165,-4.0783,-7.2831,0.4466,-0.1765
264485,-3.67,-0.0003,-8.5635,-0.1919,-0.4812,0.3643,0.049
264600,0.95,-0.016,-0.1902,-0.6739,-0.4648,-0.1005,-0.0846
264610,-3.94,-7.9496,-16.874,-8.6045,-16.3705,0.0187,0.0918
264620,1.46,0.0012,-0.4578,-0.1755,-4.7739,0.1787,-0.487
264630,1.74,0.0744,-1.2389,-0.0562,-0.0323,-0.0127,-0.8207
264640,-4.94,-0.0927,-6.1698,-18.4147,-24.0363,0.5474,-0.0407
264650,-2.94,1.0336,-0.9104,-0.0072,-0.3262,0.3731,-0.147
264660,0.85,-0.4253,0.5062,0.0703,0.4897,0.0119,-0.3825
264670,-0.2,9.9342,0.3131,0.0662,0.0117,0.7003,-0.707
264680,0.06,-0.0053,0.0434,0.0523,0.002,0.2139,-0.6375
264690,-1.63,-26.7533,-28.3875,-26.2566,-38.7041,0.2749,-0.6174
264700,1.21,-0.0459,-0.318,-0.9332,-0.3372,-0.0395,-0.1272
264710,-3.95,-0.6856,-5.035,-0.8767,-1.8429,0.2174,0.3826
264720,-3.07,-0.1818,2.0665,0.4607,0.7947,0.3958,0.0923
264730,-2.47,-2.1285,-22.4954,-1.9337,-5.3411,0.6308,-0.1825
264740,0.83,260.0118,100.0746,106.8153,57.6264,2.0591,0.5032
264745,2.17,4.6914,4.8147,4.7352,5.3627,0.016,-0.1301
264748,0.29,1.3375,0.1676,-0.0226,-0.132,0.2074,-0.3844
264752,-2.16,3.2547,0.021,0.5881,-0.0011,0.4806,-0.7486
264760,-6.07,-0.2632,-1.6289,-0.7201,-1.9667,0.1967,-0.1411
264770,-0.9,0.0783,-3.1503,-0.5105,-1.1888,0.6531,0.4257
264780,-5.22,-9.0457,-11.6472,-3.7352,-2.5289,0.4154,-0.0407
264790,-1.6,15.4314,-0.0,0.6576,0.2556,-0.028,-0.2898
264805,0.21,0.0048,-0.0734,-0.395,-0.083,-0.0648,-0.1849
264820,-1.31,3.7673,0.2855,0.1979,0.0028,1.2145,-0.2616
264830,-4.36,-3.4341,-67.5969,-28.3659,-8.2434,0.5093,-0.0407
264840,-1.11,-13.3214,-0.1916,-7.9612,-7.9844,0.2818,-0.8626
264860,-2.12,-0.1429,-0.6354,-0.0388,0.002,0.5546,-0.8562
264870,0.81,2.5192,1.5812,1.8562,1.9052,0.4767,0.346
264875,1.27,0.3008,0.0133,0.0065,0.0292,-0.3717,-0.343
264880,-2.77,-0.7054,-0.0004,0.893,0.122,0.4111,-0.0407
264890,-3.91,-10.8903,-126.4161,-60.0671,-55.1155,0.287,-0.0252
264900,-0.24,2.4831,0.2938,-0.1154,-0.1583,0.0946,-0.9541
264940,-1.09,52.6195,16.2093,58.7297,40.0238,0.8661,-0.1962
264950,-4.15,-17.8485,-1.5698,-0.9892,-0.1563,0.4423,0.0634
264960,-3.52,-13.9183,-49.818,-19.8001,-48.4435,0.3233,-0.0407
264970,-0.9,-83.9782,-198.5364,-113.7624,-167.8596,1.4015,-1.917
264980,-0.82,-0.2966,-0.1846,-0.0065,-1.3111,0.3155,-0.4863
264990,-0.43,0.0229,-6.8652,-0.259,-3.9899,1.467,-1.0869
265000,-0.27,-13.3287,-5.2988,-1.526,-3.1843,-0.0982,0.1963
265005,0.47,-0.0008,1.1526,1.291,0.1712,0.0288,0.0593
265010,-3.17,-1.3312,-1.157,-1.8752,-2.0435,0.9925,-0.7572
265020,-0.97,3.733,-11.5949,-17.0838,-8.2735,0.5764,0.0158
265030,1.66,-0.0013,-0.2027,0.0047,-0.0029,-0.2733,-1.6574
265040,-3.28,-0.2329,0.1442,-3.5084,-11.3146,0.3713,0.0432
265050,-0.23,7.3517,13.2031,15.6673,12.9376,-0.2678,0.4208
265060,0.22,0.2447,-0.9066,-1.4719,-0.3854,1.1235,-0.8611
265065,-0.33,-0.4875,-4.7467,-0.5941,-1.2867,0.1037,-1.5611
265070,-0.52,0.192,-0.0011,-0.6208,-1.3939,0.7928,-0.6628
265080,-1.35,0.8337,0.0724,0.0013,0.0005,0.1795,-0.8184
265090,-0.54,0.1663,0.0001,0.0131,-0.0725,0.2688,-1.4195
265100,-0.97,-1.955,-1.5023,-4.2365,-3.8995,-0.7049,0.077
265110,-4.36,59.6251,0.4645,0.3151,0.4888,0.726,-0.0032
265120,1.42,0.4053,0.1409,0.1187,1.0417,-0.4516,-0.1667
265130,0.0,0.0143,-0.8263,-0.273,-0.4617,-0.2918,-1.5462
265140,0.34,-0.008,-0.2116,-0.0003,-0.2809,0.3783,-0.2194
265150,-0.25,-0.1757,-0.4793,-0.4935,-1.7783,-0.0015,-0.2223
265170,-1.54,17.1095,0.585,0.553,0.0,0.2916,-0.0377
265175,-0.66,0.0198,-1.0133,-0.0306,-4.3671,0.7164,0.0196
265180,-1.61,0.0402,1.5157,6.5327,3.4081,-0.2867,0.0987
265190,-5.29,-1.1026,-0.6126,-0.5493,-1.4632,0.599,-0.0407
265205,1.28,0.0278,-0.1169,0.0207,-2.3946,0.1521,-0.0431
265220,-5.29,-8.6819,-51.2665,-10.8057,-16.2032,0.387,0.0124
265230,-2.37,-16.8853,-5.1488,-5.93,-15.8401,-0.2872,0.175
265240,-4.34,-1.433,-4.2045,0.0,-0.0008,0.7148,0.1605
265250,-0.79,35.0533,0.8519,31.992,17.4152,0.4099,0.0525
265255,-1.88,0.972,-0.6205,0.0004,-0.004,0.4592,-0.9572
265260,0.18,-0.658,-8.1001,-8.8811,-4.1356,-0.3714,0.0698
265270,0.4,-4.8071,-6.0852,-8.0164,-3.6302,-0.0015,-0.1074
265280,-3.54,-59.3344,-98.8437,-27.0959,-56.64,0.4827,-0.0407
265290,0.0,-0.014,-2.8217,-0.4953,-0.3487,-0.9086,0.1638
265310,-0.07,-1.9116,-0.9162,-8.9759,-25.126,2.3179,-1.3384
265320,2.34,0.001,-0.5668,-0.7127,-0.1114,0.309,-0.59
265330,-4.12,13.6073,7.2423,5.6595,5.3136,0.4485,-0.0305
265340,1.58,-0.9328,-1.2516,-2.3888,-1.5349,-0.3277,-1.5019
265360,1.25,0.0006,-0.0312,-0.0242,0.0007,0.0817,-0.0671
265370,1.56,-0.0298,-0.6477,-0.0342,-2.1096,0.3533,-0.4423
265380,0.77,-0.462,-5.2958,-2.8661,-0.8021,0.3276,-0.2262
265390,-0.19,-15.1256,-6.5657,-32.1571,-7.9448,0.2252,-0.8214
265400,-0.07,0.6157,0.3266,-0.0002,0.0035,0.7831,-0.3414
265410,-5.01,-0.3726,-25.1025,-19.53,-24.3025,0.6092,-0.0508
265420,-1.93,-363.7295,-115.6458,-139.5665,-60.4154,2.1461,-1.7742
265430,0.39,0.6618,0.0074,0.0009,0.3961,0.3677,-1.3772
265440,-1.9,-0.9038,-3.03,-4.8635,-1.0063,0.3253,-1.2791
265450,-1.37,0.2255,-17.0827,0.0695,0.0162,0.6258,0.2743
265455,1.04,0.4836,0.8212,5.8876,2.206,0.0151,0.2556
265460,0.32,8.4926,1.0793,0.5312,-0.0002,-0.7446,0.3819
265470,-2.53,13.8494,-8.8294,-0.6789,-2.4014,0.1669,-0.5777
265480,-0.59,-7.8454,-2.3598,-0.0031,-0.6453,0.4091,0.2163
265500,-2.68,-14.4825,-7.6798,-11.7234,-17.4431,0.2748,-0.7032
265510,-2.19,-7.6457,-25.6938,-41.2625,-22.6095,0.5246,-1.1306
265520,0.85,0.0162,0.0434,0.0031,-0.1538,0.2098,-0.0229
265530,-5.33,-13.715,-1.3808,-0.689,-2.0203,0.5322,-0.0407
265538,1.53,-0.5592,-1.8238,-0.0428,-0.193,-0.2484,-0.1275
265542,-2.32,-0.6105,0.7455,0.5614,1.3976,-0.097,0.3072
265650,,-1.5742,0.1654,0.0033,-0.0411,,
265770,-4.95,-4.3928,-44.0015,-17.4301,-17.8599,0.4844,0.0504
265780,-3.47,-0.065,-0.1694,0.0041,-0.0228,0.059,-0.0145
265790,-3.34,0.4262,-0.1637,0.8288,-0.0,1.8487,-1.4253
265810,1.0,0.0133,-0.3589,-0.0518,-0.4556,0.2658,-0.3852
265820,-4.43,-0.3097,-17.0776,-0.4068,-2.9622,0.5889,0.1255
265830,-1.08,0.2891,-0.5561,-1.1786,-2.7604,0.8106,-0.2797
265840,-2.22,-23.3132,-24.3594,-14.3871,-12.0922,0.5813,-0.1592
265850,-0.54,-23.4273,-25.8389,-3.4578,-19.7573,0.7323,-0.4208
265860,-2.17,-1.6369,-0.1539,-1.4612,-0.8464,0.0477,-0.4144
265870,1.16,-0.5505,-0.0169,-0.0774,-0.1331,0.3147,-0.472
265990,0.02,0.0134,-0.1501,-0.1722,-0.9941,-0.2252,-0.9572
266010,-3.21,-1.0857,-0.2514,-0.3852,-0.9114,0.163,-0.5336
266030,-6.21,-0.1206,-0.3518,-1.5026,-0.0634,0.4443,-0.4803
266035,-0.61,-0.0007,0.1482,0.0102,0.004,-0.1128,-0.2087
266040,-0.22,0.054,0.1805,1.6992,3.0201,1.1885,-0.7117
266050,2.1,0.6796,0.8974,0.2945,1.4988,-0.3917,-0.8634
266060,-5.48,-24.7397,-17.4296,-23.5841,-4.8285,0.3147,-0.0438
266065,1.92,-0.0007,-0.2725,-0.1793,-0.38,0.4923,-0.4638
266070,-3.75,2.9744,4.1977,9.526,5.2001,0.5928,-0.1369
266080,1.77,-0.0575,0.4901,0.3206,0.0011,0.2059,-1.1807
266090,0.91,0.406,-0.0294,0.1237,-0.038,-0.0011,-0.6774
266100,2.03,0.0063,0.0003,-0.022,0.0028,0.3228,-1.0238
266105,1.72,-2.1254,-0.2517,-2.0921,-1.1826,0.7339,-1.3214
266110,-4.47,-3.3588,-21.0434,-21.2366,-11.5783,0.264,-0.3161
266120,-0.62,0.2411,0.744,0.0074,0.4795,0.725,-0.5421
266130,1.44,-0.4386,0.0075,-0.7645,-0.3208,0.0221,-0.4654
266140,0.34,0.0214,0.0373,-0.303,-0.6198,-0.4299,0.224
266150,0.01,-0.0151,0.115,0.0036,-0.1637,-0.0693,0.3095
266260,-2.47,-0.0041,-7.9551,-8.707,-4.2947,0.9194,-0.4199
266270,-0.8,0.0,0.2045,0.3627,0.3448,0.7436,-0.331
266280,-4.54,-2.7249,-0.032,-0.9684,-0.8464,0.5843,-0.0462
266290,-0.8,-1.2349,-0.0886,-0.9817,-1.4855,-0.0446,-0.3811
266300,-1.24,-0.235,-0.0468,-1.5448,-2.813,0.0773,-0.7034
266310,-1.89,-0.0089,-5.2167,-2.5628,-0.8366,0.645,-0.2522
266320,-0.99,-3.3212,-30.6161,-8.7254,-26.1948,1.2624,-0.5668
266330,0.9,-0.0049,-0.1013,0.0627,0.0072,-0.6807,0.4387
266335,,-0.0544,-0.0729,0.0064,0.0006,,
266340,,-0.1295,-0.0495,0.0483,0.0573,,
266360,-3.15,0.3814,-0.2458,-1.3498,0.0002,0.5333,-0.0907
266366,-0.92,-0.0003,0.0373,-0.4849,0.1346,-0.9584,2.217
266372,-2.5,-2.5678,-7.134,-0.3211,-8.4637,0.035,-0.5276
266380,-2.59,-0.2478,-6.2548,-0.0726,-8.6598,-1.0647,-1.4195
266390,-1.9,0.0007,-0.003,-0.0008,-0.1865,0.2146,0.1613
266400,-5.05,5.233,-5.1529,-0.3292,-3.1203,0.4273,-0.0407
266410,-2.47,0.2451,0.3544,1.9642,-0.0772,0.0314,-0.0777
266435,-1.39,-25.4874,-5.7577,-21.524,-5.1434,0.1511,-0.8737
266450,1.44,2.3616,5.6345,1.8341,1.6908,0.6874,-0.2045
266460,-4.44,0.524,-1.3083,0.0057,-0.2706,0.626,-0.1132
266470,1.04,-4.949,-0.7215,-1.5298,-2.3023,0.1708,-0.1169
266480,1.54,-0.0059,-0.0026,0.0086,-0.0803,-0.1323,-0.3506
266500,0.89,-0.3494,-7.5378,-4.8947,-2.9123,0.1326,0.3025
266600,2.13,-0.0175,-0.0815,0.0413,0.0261,0.0954,-0.3198
266610,-0.42,0.2238,0.0562,0.0366,-0.0305,-0.029,0.2825
266620,1.28,11.8155,0.4441,7.571,1.3825,0.0226,-1.0354
266630,-4.16,-9.407,-19.7832,-25.5331,-22.4676,0.9652,-0.7027
266640,0.59,-1.5108,0.8545,-0.0252,0.0574,0.1236,-2.0832
266650,1.37,0.0036,0.1055,0.0586,-0.362,-0.3745,-0.8619
266660,0.85,0.0251,-2.4596,-0.0566,-0.3463,-0.3655,-0.6024
266670,-0.09,0.0,-0.8621,-0.0481,-0.6399,0.3835,-0.5575
266675,1.4,0.0169,-0.1332,-1.1262,-0.2937,-0.1435,-0.1106
266680,0.57,-0.1641,-0.7445,-1.8061,-1.5755,0.9071,-0.5203
266690,1.1,-3.6186,-6.0496,-3.5543,-3.637,0.5153,-1.8869
266700,1.03,0.2159,2.032,1.2813,0.5383,0.2043,-0.091
266710,0.43,0.3576,0.2373,0.8888,0.8265,-0.2814,-0.6419
266720,-1.03,0.2745,0.5571,0.8866,-0.0072,0.4777,0.0749
266730,-3.56,-0.3935,-23.09,-25.1005,-8.146,-0.0979,0.513
266740,0.43,0.4343,0.7921,0.806,0.6675,0.7383,-0.9899
266750,-1.01,0.0001,-0.2576,0.1348,-0.0275,0.2644,0.4114
266760,0.35,189.7811,28.1718,16.6778,1.8807,0.5962,-0.1866
266770,0.71,-2.3531,-4.2373,-7.1974,-14.5606,-0.5807,0.0019
266785,0.96,-1.3194,-2.4688,-7.5887,-4.3111,0.059,0.1598
266800,-1.22,3.8891,-10.6556,-9.3912,-4.2421,0.6188,0.5352
266810,-4.42,4.0499,-0.0031,0.6166,0.9858,0.3576,0.0102
266820,1.79,-0.0421,-1.2088,-0.6709,-0.5473,-0.5263,-0.5055
266830,0.3,-6.7671,-3.4947,-6.7272,-11.7665,0.4557,-0.6618
266840,-4.53,-9.4144,-13.0004,-4.9094,-8.5528,0.599,-0.0407
266850,-4.49,-0.9543,-2.8755,-6.8489,-10.3486,0.4645,-0.0508
266860,0.77,1.6906,11.3547,7.8655,4.391,-0.3786,-0.1599
266870,0.27,1.1873,-0.2914,0.0201,0.0049,-0.0095,-0.383
266880,2.13,-0.0033,-0.0256,0.0241,0.0128,-0.1527,-1.4873
266890,1.28,0.0556,0.3936,1.6011,1.4916,-0.0187,-1.3636
266900,1.72,-0.4739,-0.4417,-1.9641,-0.1914,0.4211,-0.8455
266910,1.91,0.8455,0.1338,0.0669,0.0177,-0.1891,-0.1624
266920,1.63,0.7913,-3.585,-5.7796,-0.7265,0.2068,-0.5389
266930,-4.07,-0.0011,-0.484,0.1189,-0.0347,0.3847,-0.2508
266940,-0.38,-17.0853,-7.3598,-8.8027,-12.6318,-0.2751,-0.1623
266950,-0.52,1.8279,0.0257,0.0081,0.1368,0.0761,-0.4151
266960,-4.0,15.061,7.1248,6.0156,9.7885,0.5222,-0.0407
266970,0.67,0.3475,0.3648,0.6019,0.4309,-0.288,-0.3681
266980,0.81,-1.0568,-4.3572,-2.2566,-0.3792,-0.1352,-0.0791
266990,-4.77,0.3865,-0.3595,0.1255,0.0732,0.4357,-0.1389
267000,-4.56,0.4903,0.0026,0.1899,0.1401,0.5288,-0.1018
267020,-3.27,-9.7612,-23.7026,-9.4408,-61.4534,0.791,-0.504
267030,-4.03,-0.5414,-0.5754,-0.3406,-1.3468,0.5673,-0.7664
267040,-4.17,-13.4124,-21.7785,-25.9163,-12.0013,0.7106,-0.2502
267045,0.81,-0.0013,-0.085,-0.1386,-0.5908,-0.0825,0.0412
267050,0.73,-0.0075,-0.0124,-0.2145,0.0063,-0.2469,-0.8759
267060,-3.07,0.9426,-0.109,0.2444,-0.0085,0.3546,-0.0183
267070,1.08,0.2327,0.6488,0.9654,0.1336,0.4496,0.5124
267080,-4.66,-0.0013,-0.4756,-0.0093,-0.0264,0.521,0.2623
267090,-0.65,3.4932,-0.0156,3.5271,-0.0058,0.055,-0.0364
267100,-1.3,10.1595,0.0919,3.296,-0.0064,1.4505,-1.006
267120,0.25,-0.1135,-0.3422,-0.1151,-0.7039,0.0774,-1.1034
267130,1.9,-0.2047,-0.511,-0.4326,-1.478,0.0596,0.1341
267140,0.57,-0.286,-0.0336,-0.1474,-0.5544,-0.3853,-1.2959
267150,1.41,-8.2502,-4.5794,-3.639,-0.8956,-0.2132,-0.1206
267160,1.68,-0.5379,-0.4181,-0.8804,-0.5535,-1.0775,0.5631
267270,0.49,-0.7826,-1.0331,-0.1203,-1.0036,0.3021,-0.3782
267280,-0.86,46.4475,1.9835,0.0591,0.2218,-0.1067,0.1351
267290,0.94,-0.6645,-1.5568,-10.0922,-5.3329,-0.3205,0.1706
267300,-0.27,-0.8997,-0.3012,-0.7663,-3.1864,-0.1458,-0.9148
267308,0.62,-5.4315,-2.5844,-1.3534,-1.486,0.7185,-1.3289
267312,-0.14,-0.0088,-0.0603,-0.0778,-0.1433,0.2452,-0.6963
267330,-3.5,0.885,-0.0622,-0.0467,-0.5331,0.2419,-0.0407
267340,-3.58,-2.6192,-0.0607,0.3079,0.0835,0.6363,-0.4996
267350,-3.9,0.6783,-0.6383,0.155,-0.002,0.6475,-0.0709
267360,-1.82,-11.4036,-6.4791,-5.162,-3.6608,-0.0695,-1.1199
267370,-2.7,-1.4649,-0.0276,-0.0439,-1.4437,1.2195,-0.682
267380,0.97,1.1591,0.0171,0.936,-0.6123,-0.3303,0.5244
267390,-5.2,-31.6766,-17.3368,-24.8289,-33.1052,0.5088,-0.0407
267400,-2.81,0.0101,-4.2256,-2.1918,-0.4382,-0.2972,0.3861
267410,1.65,0.0043,-0.0001,-0.0001,0.0306,0.3588,-0.8861
267420,-4.59,-0.6668,-5.1391,-3.8574,-13.0189,0.4267,-0.0898
267430,-4.61,-11.7273,-5.0248,-14.2713,-14.2297,0.4723,-0.0307
267435,1.48,-0.2242,-0.2696,-0.184,-0.1013,-0.4458,0.4679
267440,-0.35,1.7106,-14.6243,-9.5776,-26.6601,0.8723,0.0229
267450,0.77,0.0166,-0.2286,-0.0094,-0.4888,0.2474,-1.1785
267460,0.38,-0.3759,-1.2486,-0.7193,-0.6552,1.7182,-0.4904
267470,0.59,-0.0262,-0.2022,-0.1546,-0.5273,-0.1911,-1.1952
267480,-4.81,0.778,-2.3538,-0.0827,-10.2775,0.4374,-0.0508
267490,1.67,0.0036,0.0207,-0.004,-0.3491,-0.9853,-0.7036
267500,-0.72,-0.859,-8.1554,-0.9461,-0.0084,0.5117,0.1282
267510,-5.38,-0.9411,-26.6297,-0.6387,-7.6968,0.5565,-0.0252
267520,-1.75,-39.4042,-29.1073,-25.2787,-32.4351,0.4062,0.1679
267530,-4.86,-0.0011,-5.1384,-0.128,-10.2858,0.1542,0.0038
267540,-0.78,-0.52,-0.1307,0.0656,0.2956,0.1409,0.4163
267550,-3.78,-4.6113,-1.5299,-0.2753,-0.4712,0.7584,-0.6044
267560,-3.34,0.5011,-5.7658,0.3051,-0.7222,0.5091,-0.0407
267570,-4.14,-0.7759,-12.8225,-0.3519,-0.0198,0.824,-0.145
267580,-2.88,-8.243,-8.0141,-7.2898,-8.7024,1.3605,-1.166
267585,-1.49,18.1143,1.2928,5.7699,10.4056,0.2492,0.2425
267590,-3.06,-0.8936,-3.9298,0.0005,-0.0423,0.7843,0.0203
267600,0.74,-18.7872,-13.6122,-6.0857,-3.0569,0.457,-1.6902
267610,-2.46,-1.2142,-0.0141,-0.228,-2.8294,1.0153,-0.7601
267620,-4.9,0.2078,-0.0001,0.0044,-0.2714,0.503,0.0934
267630,-0.54,-0.7132,-0.0305,0.0178,-0.3775,-0.0226,-0.6826
267642,-0.19,-0.7871,0.2315,0.0712,-0.0095,0.3328,-0.2576
267650,-0.22,-9.5363,-3.8959,-0.5562,-2.8569,1.0323,-1.1727
267660,-2.76,-24.743,-12.933,-16.9126,-45.2318,0.414,-0.3043
267670,-1.29,-0.5087,0.0,-0.3926,-0.1315,0.6162,-0.6655
267680,0.5,-0.0037,0.2555,0.3522,1.6971,-0.15,-0.9335
267690,-2.35,0.2389,-3.502,-3.029,-0.9784,0.293,0.1064
267700,-5.73,-13.3455,-11.1022,-16.1659,-3.9306,0.5327,-0.0407
267710,-1.21,-0.3532,-1.0151,-7.0269,-23.3184,1.1453,-0.2297
267720,-3.61,-16.51,-1.2367,-5.7539,-5.7273,0.406,-0.0407
267725,-3.53,-10.603,-63.4024,-7.6288,-25.8689,0.6596,0.3307
267730,1.23,-6.474,-1.0635,-3.0547,-5.1808,0.3591,-0.8979
267740,1.78,-0.0107,0.4673,0.9493,0.2558,-0.0098,0.5374
267750,-1.56,-15.6704,-10.7308,-7.567,-23.1509,-0.0055,-0.0126
267760,-2.19,41.5161,0.4165,1.3172,1.1921,0.4568,0.2111
267775,-2.35,54.527,0.5583,5.4024,0.8893,0.7594,-0.9159
267790,-5.0,0.2082,-10.4383,-0.2059,-3.1885,0.4454,-0.0407
267800,-4.14,-16.6736,-8.4754,-15.4294,-8.4755,0.6861,-0.0383
267810,-4.48,-0.1862,-15.0402,-3.8929,-13.0219,0.1442,0.1593
267820,0.85,0.6892,2.0386,4.063,3.0,-0.3906,0.1099
267840,-4.08,-0.0072,-4.6305,2.1749,-0.6672,0.4934,0.1707
267855,-0.95,-0.5671,-0.6471,-1.3491,-2.6869,0.1903,-0.0037
267875,-0.93,-0.0006,-0.2365,-0.2141,-0.23,0.5496,-0.221
267960,0.73,-1.1292,-11.3158,-3.2156,-5.2827,0.0177,-1.4469
267980,,2.1335,2.4251,0.4913,0.2647,,
267990,0.81,0.2932,-0.1238,-0.1869,-0.1619,0.3777,-0.7318
268000,-2.35,3.9479,9.3768,30.9753,7.9249,1.7399,-0.5899
268010,-3.9,-0.5025,-9.2231,-1.5038,-15.6918,0.6951,-0.314
268020,-1.33,-0.0872,-0.0014,-0.1032,-0.003,0.5004,-0.3923
268035,-2.0,-0.0726,-0.3986,0.1115,-0.3111,1.1149,-0.1903
268170,0.05,-0.0031,0.0035,-0.0819,0.0,0.5285,-0.22
268176,0.51,-2.6505,0.0098,1.0822,0.0707,0.2841,-0.5068
268178,0.69,-0.3905,-0.1214,0.0706,0.0639,1.0018,-1.92
268182,-2.68,-0.239,-1.6182,-0.0772,-1.1206,0.1342,0.0009
268190,-0.45,-0.3695,-0.9173,-2.092,-3.6591,0.2537,-0.1975
268200,-3.27,10.1217,0.5702,10.9649,1.1519,0.4713,0.2142
268210,-2.68,-2.9239,-5.1339,-6.4667,-20.6274,0.6296,-0.3427
268220,-2.74,0.0,0.0036,0.0503,0.2813,0.7506,-0.4572
268225,1.48,-0.6628,-0.7827,0.0194,-0.2046,-0.3771,0.2136
268230,1.17,-0.5278,-1.7264,0.0008,-0.667,-0.3645,-0.0011
268240,-1.35,-17.4547,-3.1384,-3.0644,-0.6776,0.4496,-0.1498
268250,-5.61,-22.6573,-8.0323,-5.4924,-17.1527,0.3557,-0.0407
268260,-5.59,-0.8479,-6.8173,-1.0871,-0.9987,0.424,0.0497
268270,0.88,-0.0095,0.0685,0.0293,-0.0346,0.1803,-0.6245
268280,0.84,-0.5868,-4.352,-3.1114,-5.2841,-0.0942,-1.0581
268290,-1.63,21.4813,0.8376,6.9808,-0.0518,0.7219,-0.0659
268300,1.69,-0.1642,-0.513,-0.1401,-0.0175,0.0311,0.0278
268310,-0.47,-2.2969,0.0226,-0.0082,-0.857,0.0673,-0.4889
268320,0.25,-0.413,-11.6165,-3.8534,-9.7834,-0.1125,-0.1871
268330,-3.88,0.1483,-1.579,2.3149,0.0007,0.231,-0.0283
268340,-2.6,-0.048,-1.8512,-0.0015,-0.14,-0.1136,0.4312
268350,-5.01,5.0155,-1.1103,0.0083,-2.1889,0.5982,-0.0407
268360,-0.19,-0.5241,-0.0329,0.0115,-0.0756,0.4993,-0.5831
268370,-3.56,-3.3067,-5.5356,-3.0145,-8.7742,0.3922,-0.2097
268380,-0.78,15.1862,3.2748,2.2586,3.3378,0.4376,0.3689
268390,0.16,0.0837,-0.1487,-0.9842,-0.8151,0.5701,-0.7873
268400,-4.77,-2.5886,-21.7518,-4.245,-12.601,0.3559,-0.1824
268430,-1.77,-4.7638,-0.6477,-0.3737,-1.4455,0.7874,-0.429
268560,-0.09,0.0004,-0.7197,-0.8032,-0.4058,0.8864,-1.2759
268570,-4.23,-0.1029,-1.3905,-0.1352,-1.015,0.9006,0.0608
268580,-0.98,-13.4998,-48.721,-30.1814,-58.7982,1.4453,-1.5327
268590,-1.46,-32.5684,-109.2842,-161.9333,-78.5193,0.8446,-1.5075
268600,-4.46,-46.7376,-16.5921,-31.0478,-34.213,0.4996,-0.0188
268610,1.69,-0.2568,-0.0708,-0.0224,-0.001,0.0801,-0.7801
268620,1.15,-0.0188,-0.0849,-0.4191,-0.6428,-0.4021,-0.7548
268630,0.34,-0.027,-0.3656,0.1599,0.8808,-0.3855,-0.5254
268640,-3.26,-2.467,-23.7873,-3.4508,-17.1706,0.6306,-0.0013
268650,0.37,0.4262,0.2216,2.1254,0.5568,-0.1427,0.0996
268660,0.61,-0.2298,0.0234,-0.7591,-2.4601,-0.0865,-0.0781
268670,0.72,-0.2024,-1.3344,-0.5787,-0.7779,0.6035,-0.5767
268680,1.57,-1.2438,-1.7806,-1.8292,-0.4617,-0.3968,-0.1538
268685,-3.1,-21.4264,-26.2913,-1.7878,-46.2048,0.4544,0.4643
268690,-2.47,2.0221,-3.4503,1.7853,-1.2719,0.3001,-0.8295
268700,-0.01,-0.4933,-0.0831,-0.1442,-0.4101,-0.4218,-1.2694
268710,-2.95,-14.6317,-12.0412,-9.8853,-1.9336,0.6572,-0.1815
268720,-4.94,-0.1223,-21.0623,-1.5028,-3.7414,0.1893,-0.2573
268730,-2.13,-5.9711,-29.1453,-0.0009,-24.4221,0.2388,0.2589
268740,-1.61,-2.3381,-77.2569,-2.7148,-15.5136,0.5026,-0.0407
268750,-3.75,-1.4353,0.6288,0.959,2.3628,0.5071,-0.0495
268760,1.84,-3.8622,-0.0002,-0.0441,-1.2858,-0.2544,-1.2501
268765,0.59,-0.0386,-4.8256,-0.3148,-0.6488,0.1682,-0.1175
268770,0.71,-0.0007,-1.0103,-0.0673,-0.2828,0.0743,0.1587
268780,-2.1,-11.707,-28.2744,-18.5996,-42.7259,0.4305,0.1467
268790,1.63,-1.5751,0.0183,0.0,-0.141,-0.1402,-0.2374
268800,0.75,-0.2915,-1.2067,0.0,-0.337,0.3182,-0.3942
268810,-3.08,-1.8877,-14.7942,-2.0968,-3.8102,0.547,-0.0305
268820,-0.69,-0.0155,0.2287,0.1992,0.038,-1.064,0.0524
268830,,,,,,0.094,0.13
268835,-2.02,-0.1183,-20.1693,-20.3002,-73.7247,,
268840,-4.25,-0.7725,-1.0685,-16.8084,-10.8194,0.5398,-0.2508
268850,-3.38,0.0153,1.1759,0.4075,-0.0039,0.66,-0.0333
268860,0.07,-0.4742,0.0353,-0.0847,-0.2281,-0.1038,0.0276
268870,-1.66,-0.0001,-0.0005,-0.4824,0.0011,0.8943,-0.1989
268880,-0.12,0.0009,0.1908,-0.1041,-0.2828,0.102,-0.4742
268890,-2.4,-0.4834,-11.3334,-0.0769,-2.4583,0.4542,0.178
268900,-4.56,-5.6245,-52.6424,-9.4702,-18.8688,0.4278,-0.3753
268910,-3.73,0.2836,-0.5606,-0.3975,-0.4734,0.599,-0.0407
268920,-5.07,0.04,-6.8601,-14.214,-15.5236,0.599,-0.0407
268930,0.55,0.42,0.3085,2.4804,0.1117,0.2895,-1.5712
268940,0.96,2.6041,4.8368,9.035,4.878,-0.3979,-0.1961
268950,-2.62,-0.0016,-24.1133,-3.7753,-3.3502,0.3111,0.0516
268960,-3.95,-0.062,-22.5805,-3.0377,-7.2189,0.7323,-0.174
268970,1.19,1.0135,0.6952,0.1517,0.66,0.3537,-0.2174
268980,2.6,-0.0063,0.0606,-0.3153,-0.1007,-0.1908,-1.3002
268985,1.69,-0.0995,-15.1253,0.0081,-4.4397,-0.4205,0.3347
268990,-3.88,-114.8171,-211.783,-155.0281,-102.2521,0.3339,0.0693
269000,-4.96,-1.6401,-3.8804,-0.23,-2.3336,0.2304,-0.0865
269010,-1.01,0.1801,0.163,2.7894,1.7637,2.206,-2.2572
269015,0.82,0.3393,0.6291,1.0693,0.7952,-0.0491,-0.2382
269020,-0.8,-1.2716,-2.3149,-3.45,-15.5974,-0.1526,0.0856
269035,-0.88,0.1612,0.0001,-0.0049,-0.4388,0.3838,-0.6664
269050,1.45,-0.1632,0.0552,-0.0,-0.15,-0.2247,-0.5437
269060,-0.16,0.1372,-1.9436,-6.2349,-10.0186,0.0433,-1.8627
269075,-1.32,-0.012,-0.2269,-0.0,-0.2284,0.5754,0.2195
269085,-0.79,-0.9693,-4.2312,-0.7954,-2.8673,0.1136,0.4931
269100,-0.16,-0.1452,-1.0749,-0.0688,-1.0685,0.0749,0.5937
269110,1.2,1.5544,-0.2704,-0.1455,-0.8181,-0.3839,-0.8594
269120,1.96,3.5226,6.6644,18.6696,11.459,-0.8443,-0.1044
269130,1.42,0.0467,-0.1128,-0.4121,-0.8775,0.31,-0.3843
269140,-5.37,0.0024,0.0216,0.0128,0.0429,0.4454,-0.0407
269150,0.66,-0.0018,-2.8238,-0.0133,-0.7315,1.0657,-0.4943
269160,-0.72,0.0139,-0.7133,-0.4218,-0.1319,0.1841,-0.1464
269170,-0.89,0.0101,0.0054,-0.029,0.8468,0.7306,-0.7622
269175,-1.14,-0.9853,-2.898,-0.3814,-2.9772,-0.0125,-1.4227
269180,-3.86,-0.0433,0.003,0.0601,-0.0038,0.878,-0.1501
269190,-4.4,0.4066,-23.5053,-1.0344,-10.8853,0.4046,-0.0711
269200,-2.99,-2.4179,-5.2909,-5.6489,-3.2487,0.5391,0.1919
269210,-3.0,-5.9011,-3.0724,-1.133,-1.2016,-0.1236,0.0481
269240,-0.37,-0.1426,-0.8952,-1.7265,-9.9056,0.6087,-0.2821
269250,-4.99,-2.708,-0.282,-0.9452,0.0632,0.383,-0.0884
269260,0.69,-0.3362,-0.1491,0.261,-0.0003,-0.1965,-0.1281
269270,-0.31,-0.0825,-0.2378,-0.2761,-1.9108,0.2115,-0.7511
269280,-0.04,-0.6914,-0.7763,-0.2354,-0.4255,0.6561,-0.3502
269290,-5.45,-7.6166,-62.2076,-23.6405,-24.9472,0.6938,0.1673
269300,-0.35,0.0008,-2.6609,-1.0275,-0.0956,0.5108,-0.1231
269310,-1.07,-0.0186,-0.4684,-0.7106,-2.7521,0.3296,-0.7678
269315,0.55,-3.0012,-3.1509,-1.7254,-3.0449,0.5069,-0.2307
269320,-1.11,-0.7953,-7.3353,-3.9445,-3.4444,0.3448,-0.4171
269330,-3.15,-30.0462,-3.2651,-4.8845,-5.3127,0.6824,-0.2621
269340,-3.34,-2.0205,-25.0644,-37.156,-34.6066,0.5228,-0.0407
269350,-2.77,-0.0328,0.3744,0.5751,0.1459,0.4381,-0.8153
269365,-1.58,5.0591,13.1253,22.0371,25.5773,-0.4346,0.4751
269380,0.6,-0.0095,-0.0072,-0.1874,-0.9889,-0.011,-0.2909
269390,0.09,-6.8202,-1.8879,-2.9184,-7.8777,-1.0428,-0.1435
269400,0.08,0.1655,-0.2815,-0.3108,-0.1205,0.2847,-1.5264
269410,-0.12,-0.7053,-2.8013,-0.9599,-2.2132,0.1198,0.3639
269413,2.06,-11.7818,-9.0162,-9.0205,-10.0016,-0.1558,0.1787
269417,1.78,0.0604,-0.0125,-0.184,-0.1432,0.0675,-1.4277
269420,0.36,11.7192,13.3859,7.3452,6.407,0.1088,-0.4287
269425,1.44,-0.0014,0.002,0.1542,0.0104,-0.1301,-0.4442
269430,-3.66,-33.4223,-129.6178,-83.3323,-52.5977,0.599,-0.0407
269438,1.09,-6.0609,-5.0037,-15.7325,-14.649,0.5324,-1.2456
269442,0.11,-0.926,-15.5113,-9.696,-1.893,0.5921,0.0362
269450,-3.66,-347.8943,-284.1139,-179.3252,-308.6079,0.7173,-0.1443
269460,-0.81,-11.5171,-81.7754,-44.0894,-43.2259,-0.0297,-0.0547
269470,0.78,-0.4466,-0.1298,0.0403,-1.6826,-0.2772,0.4057
269480,-4.81,0.0949,0.191,0.08,0.3983,0.599,-0.0407
269582,0.62,0.0028,-0.441,-0.0081,-0.2074,0.5377,-0.4174
269588,0.66,0.0301,-0.0311,0.0467,-0.0193,0.2522,0.7457
269600,0.94,-0.5571,-0.9616,-0.7891,-0.2455,-0.6361,0.2214
269620,-0.34,-1.0861,-40.0066,-23.6531,-24.7675,1.5434,-3.9709
269630,-0.74,-0.2019,-1.5262,-0.1127,-0.0199,0.5748,-0.2547
269640,0.17,0.1509,0.1032,-0.2676,-0.0071,-0.0213,-0.9809
269650,-1.68,-31.8213,-7.7407,-33.3754,-87.1852,1.2029,-2.813
269660,-2.54,1.6396,-0.0412,-0.2034,0.5833,0.5278,-0.4045
269670,-1.31,-0.0476,-0.7111,-0.0115,0.0134,1.0354,-0.6403
269680,-0.25,-0.8985,-0.0072,-1.5524,-2.4773,-0.2633,-1.2332
269690,1.54,-5.5986,-0.9724,-1.1162,-2.6742,0.143,-0.1606
269700,-4.37,-0.165,-14.5003,-0.6169,-11.2261,0.4556,0.2865
269705,1.63,-0.1425,-0.0921,-0.1231,-1.4573,-0.5693,0.4634
269710,-3.16,-0.2969,-9.1198,-0.2117,-0.2483,0.6159,-0.1946
269720,-2.46,-14.1218,-51.8587,-10.427,-27.4391,0.516,-0.0407
269730,0.56,-0.0001,0.0008,0.8707,0.2962,0.4631,0.0502
269740,-0.97,-0.0457,2.6016,4.814,0.3196,0.2033,-0.7611
269750,-0.76,-0.3814,-0.2213,-0.0482,-0.2788,0.1495,-0.3101
269760,-1.81,0.0011,0.6081,0.2961,0.0668,0.4556,-0.0909
269770,-4.26,0.3208,0.204,0.6831,1.1069,0.3662,-0.0248
269775,1.14,-0.3618,-1.0339,-0.0104,-1.5122,0.5224,-0.4539
269780,-1.28,-151.7199,-420.2841,-334.2459,-303.0507,0.5049,-0.9363
269800,0.04,196.9055,162.7882,186.5748,81.3589,1.3106,-0.9041
269830,-2.56,-4.0357,0.0782,0.0004,0.3495,0.1681,0.2527
269840,-4.73,0.1348,3.6497,3.3466,4.6175,0.5336,-0.2502
269850,0.8,-0.0,-0.0207,-0.0996,-0.2805,-0.9719,-0.3129
269860,1.06,-0.0345,-0.2396,-0.9025,-0.5697,-0.2076,-0.3884
269885,-1.72,0.4667,0.7675,0.1,-0.0464,0.1385,-1.6319
269900,0.53,-12.8868,-4.3537,-15.4439,-13.4403,0.4566,-0.162
269910,1.87,0.0015,0.2348,0.0259,0.0392,-0.3227,-0.4616
269920,0.52,5.0976,-0.2649,-25.1694,-0.0061,1.0066,-0.5256
269930,-0.14,0.0001,-1.1611,-0.1043,-0.1265,0.6624,-0.963
269940,-2.28,-2.8447,-0.1304,-0.9874,-0.1128,-0.1037,-0.5795
269950,0.44,-14.5156,-21.6636,-24.4415,-14.3906,1.3584,-2.1072
269960,-1.12,39.5054,4.1791,17.1567,12.7833,2.8626,0.0036
269970,-0.15,-6.6921,-1.8732,-2.4009,-2.9293,0.145,-0.6275
269980,-5.15,0.0108,-0.0637,0.2428,0.3737,0.3946,-0.0407
269990,-0.47,0.4085,-1.037,-2.9344,-1.2988,-0.7999,-1.0532
270000,-1.29,-23.0742,-31.5295,-3.6389,-19.9318,0.5495,0.0285
270010,-0.22,-23.2812,-17.3756,-18.1432,-31.2086,1.2303,-1.2361
270040,1.76,-0.0013,0.0317,0.7227,0.1011,-0.2384,-0.3892
270050,1.33,-0.0001,0.4709,0.0843,0.0969,0.7509,-1.0719
270060,1.07,-0.0177,0.037,0.3398,0.3836,0.7849,-0.136
270070,-5.01,-13.9529,-25.7864,-7.9834,-40.0482,0.599,-0.0508
270080,-0.21,-0.5893,0.1288,-0.0,-1.1137,-0.1027,0.2474
270090,-4.38,-2.9033,-59.0857,-90.8937,-93.5387,0.599,-0.0407
270100,-5.13,-10.1903,-4.8059,-0.2193,-1.1655,0.3237,-0.0508
270120,-1.61,0.508,-0.4235,-0.0001,-0.7827,0.7943,0.3329
270130,0.81,-0.001,0.0132,0.1454,-0.0172,0.2168,-0.4228
270140,-4.93,-28.332,-5.0832,-7.6665,-1.9905,0.4245,0.0463
270150,-4.23,-1.8401,-13.616,-19.233,-9.2171,0.5215,-0.1546
270160,0.3,-0.9632,-0.6094,-0.9127,-0.1783,-0.3135,-0.4824
270170,1.23,0.2759,0.0083,0.3376,0.1515,-0.2103,-1.1906
270190,-0.11,0.0198,-0.1785,-0.2592,-0.7637,-0.4378,-0.4893
270200,0.65,0.2028,0.0493,-0.2096,-0.6113,-0.8588,-0.0094
270210,1.63,0.0308,0.4328,0.2493,0.0653,-0.0784,-0.4163
270220,-3.05,-0.614,-10.2075,-0.4695,-1.5213,0.5941,-0.0407
270230,0.12,-0.2257,-0.2067,-0.0,-0.0509,0.0766,-0.1921
270240,1.25,-7.4471,-0.9561,-5.9118,-0.2031,0.2511,-1.2688
270250,-5.27,2.6072,1.7389,0.2071,0.6901,0.4953,0.2324
270260,2.93,0.0103,0.0525,0.0386,-0.0029,0.2035,-1.6357
270270,0.07,-12.3875,-7.3719,-0.7334,-22.5311,0.6035,-0.8003
270273,0.35,-0.0008,-0.2518,-0.5249,-0.4138,0.4322,-0.7648
270277,2.15,0.0116,0.0361,-0.0021,-0.1259,-0.0256,-1.0165
270280,1.37,0.0073,0.0741,-0.0185,0.0266,0.3607,-0.5619
270300,0.78,0.0015,0.3487,0.1202,0.0111,0.1706,-0.4198
270310,-1.27,166.3731,4.1221,22.0088,0.7246,0.5519,-0.01
270320,1.24,3.5352,5.2637,0.0428,2.805,-0.0033,-0.5054
270330,-3.19,-20.4217,-7.7731,-4.6909,-7.5439,0.669,-0.2413
270340,0.05,-0.0075,-0.0039,0.0002,-0.1419,0.2837,0.1647
270350,-2.39,-0.4664,-10.2794,-24.3711,-21.8957,0.6102,-0.0519
270360,0.32,-0.1879,0.3959,2.3851,1.291,0.221,-0.244
270370,-4.06,-29.7278,-38.8607,-22.5256,-52.4999,0.5981,-0.0407
270380,-4.6,-0.0448,0.016,-0.1917,0.0066,0.3829,0.164
270450,-1.96,-0.8508,-23.0426,-0.8449,-2.4058,-0.2004,-0.6595
270510,-3.93,-6.3412,2.1152,0.1046,0.553,0.4305,-0.0356
270520,-0.99,0.098,0.3547,0.7804,0.0459,0.3533,-0.8066
270530,-2.94,-8.1162,-3.6518,-0.5208,-4.3303,0.4884,-0.0567
270540,-4.71,0.0746,-0.4012,0.1588,0.2247,0.3858,-0.0407
270550,-0.69,0.0534,5.7328,7.3855,3.5069,0.5333,-0.4465
270560,-0.46,-32.1436,-4.4594,-13.0658,-9.1005,0.2583,-0.5
270570,-5.5,-0.1274,-20.7653,-6.3777,-5.1987,0.494,-0.0305
270580,-2.98,-0.0565,0.0339,0.8021,0.1393,0.2824,0.0436
270595,0.02,-0.2469,-2.0199,-0.0786,-1.4892,-0.2398,0.4906
270610,-4.49,0.0,-5.4374,-3.0008,-7.1198,0.5222,-0.0407
270620,-4.65,-1.224,-17.3617,-8.6359,-2.5428,0.0236,-0.1301
270630,-0.52,0.3575,-0.0,0.0205,0.0001,-0.3878,-1.0299
270640,0.74,-2.4497,-8.2766,-20.09,-8.6683,-0.3236,-1.0314
270650,1.91,0.0586,-0.0002,-0.1099,-0.0662,0.2553,-0.4735
270655,-0.26,0.4168,-0.6104,0.0673,0.1815,0.1958,-0.4047
270660,0.12,0.2681,0.0162,-0.1409,-0.1911,-0.2517,-1.3879
270670,0.27,-0.0007,-0.3558,0.7496,-0.0056,0.1275,0.2749
270680,1.62,0.0947,0.1564,1.1825,1.7217,-0.3385,0.0603
270690,-4.54,1.1069,-1.6064,-0.0276,-0.3523,0.5863,0.1418
270700,2.39,-0.4947,-0.0068,-0.0364,-0.2091,-0.2226,0.425
270710,-1.74,-0.4554,-55.8459,-12.2058,-48.9925,-0.4407,0.0316
270720,-4.84,0.0026,-12.0276,-2.2451,-0.6378,0.2505,-0.0407
270740,-4.77,-0.0096,-0.0372,-0.6559,-2.6477,0.5889,0.0615
270750,-2.01,-0.0448,1.3812,3.8939,1.7385,0.709,0.0158
270760,-2.49,-4.2826,-8.6568,-0.9475,-5.2942,0.7187,-0.1389
270770,-3.73,0.0845,-0.0766,-0.771,-1.9301,0.6241,0.0005
270780,-4.91,4.2212,-1.4851,0.0,-0.1268,0.6526,-0.4854
270790,-2.74,-0.2157,-4.8518,-4.652,-5.376,0.4596,-0.0283
270800,-0.29,6.898,-0.1337,0.1699,0.031,-0.277,0.2899
270805,0.82,0.439,-0.0663,0.0002,-0.1684,0.2927,-0.455
270810,-5.0,-2.6647,-20.0818,-10.1922,-9.9619,0.528,-0.3308
270820,0.93,0.2053,0.7806,3.4302,0.672,-0.418,0.0404
270830,-2.22,-0.8998,-5.2281,-0.5917,-2.0653,0.0247,-0.2344
270840,0.1,-2.2156,-13.5248,-0.8207,-0.9739,0.1108,-0.1063
270850,0.51,-0.0009,-1.1128,-0.7289,-3.1943,0.0879,-1.2183
270865,-1.12,-75.1666,-143.1737,-117.4068,-47.3778,-0.6444,-0.5492
270880,-5.73,-46.6798,-24.4033,-20.9645,-29.4984,0.4814,-0.0407
270890,-1.95,47.597,4.7161,13.7717,0.5882,0.9427,0.4618
270900,-5.23,-0.0064,-2.4092,-0.1478,-1.762,0.5889,-0.0407
270910,-2.13,-0.3937,-14.0848,-3.6102,-12.9675,0.5912,-0.0407
270920,0.39,-1.1965,0.0329,0.1562,-0.0036,-0.2094,-0.5925
270925,0.56,0.1006,-0.6867,1.2562,-0.0423,0.1288,0.1459
270930,-4.34,-43.577,-115.3895,-25.1957,-191.9437,0.599,-0.0305
270940,-2.67,-0.2785,-0.5686,-0.5267,-1.3134,0.8466,-1.5984
270950,-0.66,-0.1276,-0.1747,-0.2083,-0.1968,0.8383,-0.5528
270960,-4.69,0.3654,0.021,-0.0002,0.4566,0.3987,0.0712
270970,-0.8,0.4229,0.6506,6.1133,3.305,0.3956,-0.4931
270975,-0.81,-15.9708,-41.2939,-23.8184,-37.2835,0.6112,-0.611
270980,-1.27,2.4791,0.0197,0.547,0.0589,-0.3348,0.9871
271000,-2.72,0.9415,-0.0753,-0.0016,-0.8615,0.4436,-0.0305
271010,-0.96,-0.0194,-1.3477,0.1985,-0.512,0.6189,0.5392
271015,-0.1,-1.887,-5.1372,-4.7873,-5.7699,0.3202,0.0832
271025,0.33,-1.0267,-13.6669,-5.3641,-8.3708,0.2575,-0.5137
271030,0.06,-9.4604,-0.328,-0.0111,-0.6846,0.3279,0.7765
271037,2.22,0.1848,0.0028,0.7945,0.1226,0.031,-0.5936
271040,1.94,0.0279,0.0109,1.6835,0.5822,0.0545,-1.1165
271050,1.72,0.2584,-0.329,-2.665,-0.1432,-0.1333,-0.7784
271060,-5.04,-4.5701,-1.5092,-0.0096,-1.877,0.599,-0.0407
271070,-0.23,19.6675,2.1901,5.3333,3.129,0.6121,-0.9362
271080,0.5,-0.0532,-0.1006,-0.0002,-0.311,-0.5657,0.2442
271090,-3.08,-0.5618,-7.8598,-0.4798,-3.1299,0.31,0.2634
271100,-4.14,-0.6209,-0.0205,-3.2935,-4.2103,0.4378,-0.0624
271110,-4.39,0.7898,-1.3359,-19.1491,-8.2519,0.4496,-0.1165
271115,1.22,-0.0892,-0.0303,-0.0059,0.0001,-0.2124,-0.2484
271120,-1.43,-2.3233,-0.6784,-3.4859,-50.6863,0.996,-0.1909
271145,-0.69,-0.666,-9.0231,-0.6531,-3.8287,0.178,-1.0065
271170,-5.15,-16.8414,-18.1324,-10.1503,-9.9511,0.5823,0.0309
271174,0.56,-0.1103,-4.0601,-0.932,-3.5873,0.4207,-0.2629
271178,0.52,-0.8215,-14.5656,-14.7196,-22.5478,-0.6412,-1.1401
271190,0.79,0.0824,-0.3202,-0.7697,-0.5984,-0.4369,0.0447
271200,0.69,-1.5239,-2.9446,-3.6456,-2.1798,0.377,-0.9398
271210,0.27,-0.0883,0.0127,0.4196,0.0071,0.6398,-0.7698
271220,1.39,0.5093,0.0094,0.0359,0.1317,-0.2157,-0.2735
271240,-3.35,-9.4882,-37.2101,-5.4069,-53.0175,0.5485,0.0445
271250,0.03,0.1398,-0.0341,0.3609,0.0377,1.0773,-0.9409
271260,-0.88,-4.8574,-33.1747,-2.3552,-8.2649,-0.2786,-0.7297
271270,-0.55,-1.2791,-12.1252,-8.9174,-19.2855,0.1732,0.4217
271280,-5.04,-0.207,-0.011,3.3469,0.0193,0.5949,-0.2745
271285,0.46,-0.2375,-2.9807,-1.8143,-1.5252,0.1036,-0.489
271290,-2.02,-2.01,-8.518,-17.9846,-4.7618,0.4615,-0.0523
271300,-4.03,-0.0148,3.3395,1.1036,1.4977,0.9506,-0.4126
271310,0.84,0.3365,-1.3664,-0.7625,-0.4447,-0.011,-0.829
271315,1.47,0.1083,-0.0794,-0.0064,-0.4974,0.3909,-1.1641
271320,0.09,-0.0081,-1.5654,-0.2948,-0.0311,0.2146,-0.3521
271335,0.41,1.1664,0.1058,1.7884,0.5386,0.6315,-0.8723
271350,-5.14,0.0052,-4.5543,0.1019,-6.3532,0.448,-0.0407
271360,-2.92,0.1366,-29.7752,-16.124,-37.0109,0.2487,0.1338
271370,-4.75,0.711,-0.0039,-1.8139,-5.3843,0.5789,-0.0508
271375,0.59,-1.2586,-0.4651,-0.4278,-0.4108,-0.3884,0.1747
271380,0.05,-0.9419,-3.1746,-5.163,-3.3884,0.1768,-0.3595
271390,-5.42,-17.3701,-13.3189,-6.5204,-9.5887,0.5889,-0.0407
271400,-4.91,2.5021,3.3847,3.0783,3.987,0.4589,-0.3078
271410,-1.1,-0.8169,-10.5679,-3.3622,-7.4357,0.147,0.0743
271420,-3.93,-0.3658,-22.7296,-24.9668,-15.7014,0.4227,0.0575
271430,-3.88,-0.0002,-7.0083,-10.32,-3.2752,0.339,-0.3367
271440,-4.16,-60.2733,-45.45,-9.0218,-65.901,0.6008,-0.0841
271460,0.03,-0.8556,-5.0672,-3.1445,-0.4708,0.5385,-0.7915
271470,-5.01,0.1013,-0.1156,-1.0306,-4.5515,0.599,0.3306
271570,,,,,,0.2124,-0.0906
271580,,-0.4918,-0.1537,-0.587,-0.0925,,
271590,1.23,-0.0027,-0.0,0.0034,0.0,0.1467,-0.1668
271600,0.17,-18.8757,-2.1682,-0.8895,-2.2879,0.1846,0.0972
271610,0.85,0.3354,-0.0015,-0.0921,-0.53,0.3846,-0.9788
271625,-4.615,-2.1765,1.2488,-0.8725,-3.1715,0.4994,-0.0149
271740,0.36,32.7677,30.9621,57.5617,44.9299,1.0487,-0.1134
271750,1.2,0.0533,-0.8018,-1.5404,-1.2359,-0.317,-0.8188
271760,-2.84,17.1818,0.2538,9.3801,0.16,0.139,0.021
271770,-1.23,-2.7671,-8.0943,-2.1639,-2.9238,0.4681,-1.1475
271780,-2.75,-9.0729,-27.6226,-17.255,-31.8984,0.6214,-0.0141
271790,1.47,-0.2388,0.2109,0.1961,0.0497,0.6669,-0.5511
271800,-1.16,-152.8138,-103.8101,-52.8948,-63.1847,0.8409,-0.5631
271810,-3.59,-0.0,-4.099,-0.0006,-7.0632,0.6052,-0.0744
271820,-2.6,-11.4898,-0.4147,-2.7187,0.0299,0.5189,0.0163
271840,-4.76,-0.0631,-6.9512,-8.6912,-11.0367,0.5963,-0.0017
271850,0.87,0.1012,0.0009,0.0009,0.0644,-0.1779,-0.3082
271860,0.71,-0.0683,-0.0017,-0.2518,-0.6179,-0.1119,0.0375
271870,-1.36,0.0729,-0.3936,-1.6772,-6.4702,0.4738,-0.1057
271880,-0.3,0.2153,-0.7417,-0.2274,-1.7594,0.1328,0.1237
271888,-4.5,-9.8989,-43.0323,-21.8322,-31.9792,0.3797,0.0567
271892,1.33,-0.1399,-0.0526,-0.2973,-0.2746,0.1474,-0.4344
271910,-0.06,-76.4377,-44.0046,-97.8681,-42.4777,0.2942,0.2355
271920,-5.39,0.2174,0.2014,0.6648,1.0828,0.4556,-0.0407
271930,2.09,0.0003,-0.0004,-0.3371,-0.3355,0.2623,-0.686
271935,2.11,-0.0369,-0.191,-0.0077,0.0249,0.155,-0.5616
271950,-3.45,-15.6962,-23.1819,-5.9966,-6.9879,0.4881,-0.0407
271960,-0.89,15.6352,2.059,2.0914,0.0347,0.65,0.3508
271970,-2.6,-9.6768,0.0143,0.0035,0.685,0.8918,-0.1014
271980,0.22,-0.1335,-0.6706,-0.1202,-0.7385,0.2064,-0.2769
271985,0.55,-0.0057,0.0002,-0.0439,-0.0115,0.4687,-0.3772
271990,-0.3,-0.9082,-0.0652,-1.3682,-5.6578,0.1418,-0.4913
272000,-3.38,5.6549,-4.6203,-0.1138,-2.8555,1.0921,-0.418
272010,-1.51,-83.3813,-11.9528,-8.4181,-17.1473,0.9036,0.2286
272020,0.37,-0.9163,-4.974,-3.0586,-5.3687,0.3744,0.3438
272030,-0.92,-0.2795,-9.4274,-0.2671,-5.6416,-0.3537,-0.3277
272040,-3.8,-12.2445,-3.0376,-5.9826,-1.4224,0.5523,-0.1868
272155,-2.28,-1.4592,-13.7444,-3.2219,-11.3804,0.1413,0.1916
272180,-4.17,0.0245,-0.6008,-2.1536,-5.0568,1.0231,-0.1073
272190,-0.95,-14.5231,-9.0685,-13.9512,-17.6177,0.3636,-1.0511
272200,0.8,-0.3084,-0.4333,-0.4734,-0.4625,0.1814,-0.9533
272210,-2.7,0.2318,2.4806,2.8038,3.2849,0.2892,-0.0478
272230,-1.23,-0.5589,-6.8352,-0.1371,-0.0999,0.6703,-0.0937
272240,0.61,0.0177,-0.0089,-0.8369,-1.1984,0.5338,-0.7592
272260,0.18,0.2292,-0.0096,0.2205,0.0512,0.0753,0.3344
272265,-1.98,-0.015,-0.0369,0.0498,0.0511,0.2547,-0.3102
272270,0.41,-0.1462,-0.0309,0.1536,-0.1308,-0.0908,-0.3164
272280,-0.55,0.0437,-0.2162,-0.1003,-0.1654,0.1056,0.0982
272285,-0.47,-0.0866,0.2961,-0.0123,-0.037,0.525,-0.9217
272290,-0.18,0.1506,-1.0856,-0.8072,-7.1767,0.5187,0.3469
272300,2.19,-0.7211,-0.7541,-1.539,-1.967,-0.038,-0.5063
272320,-0.83,-0.4756,-0.1652,0.0003,-0.1219,-0.2868,-1.2072
272340,-3.36,-2.6547,-1.2104,-0.6472,-12.0068,0.6316,-1.125
272350,-3.4,-5.7568,-22.6581,-39.0108,-25.3098,0.5532,-0.0305
272360,0.39,-2.926,-0.2881,-1.967,-0.1262,0.349,-1.2091
272370,2.07,-0.1384,-0.1702,-0.2289,-0.1566,0.0415,-0.8701
272380,1.71,348.0179,130.4852,78.1605,47.9349,-0.5739,-2.7107
272383,0.64,-81.8471,-29.5864,-37.6629,-24.1156,0.0884,-0.7427
272390,-3.41,-4.1264,-15.2256,-6.8448,-27.3847,-0.1081,0.1293
272400,-2.86,0.457,0.6872,1.2981,7.1652,0.7363,0.2247
272410,1.05,-0.0382,-0.0034,-0.1369,-0.1234,0.0886,-0.2752
272415,0.28,-0.0001,-0.678,-1.1817,-0.3422,0.4199,-0.5857
272420,0.57,-10.5402,-10.9513,-9.2218,-8.8894,0.0783,-0.5928
272430,0.82,0.068,3.1273,2.1246,9.0192,0.1258,-0.2906
272440,0.39,-0.2034,-0.3823,-1.4758,-0.988,0.2297,-1.3705
272450,1.35,-0.0297,-0.2868,-0.0296,0.001,-0.3018,0.1305
272460,1.14,-798.8481,-135.3221,-281.8817,-58.7827,-1.1547,-0.8506
272475,-1.03,0.0079,-0.1949,-0.8577,-0.2585,0.026,-0.2778
272490,-3.87,-0.1583,-2.6364,-0.0421,-2.4567,0.6268,-0.222
272500,0.57,0.1914,-0.2539,-12.5992,-0.886,0.0915,-0.6034
272510,0.55,0.0571,-0.0146,0.0091,-0.4766,-0.0364,-1.019
272520,1.87,-0.0529,-0.0288,-0.0127,-0.0199,0.5912,-1.0519
272530,-2.23,12.6064,2.2779,7.802,2.8741,0.6272,0.0159
272540,0.39,-0.5851,-9.4484,-4.862,-4.1855,0.1797,-1.195
272550,-5.13,0.0012,-34.0803,-14.2028,-44.9246,0.15,-0.1678
272560,1.41,-0.0161,0.0553,0.0703,0.0044,-0.1224,-0.509
272570,0.55,-3.8984,-3.9743,-6.1359,-5.2408,0.165,-0.4819
272590,1.26,-0.2419,-2.999,-2.5312,-2.7909,0.7061,-1.1683
272593,0.5,-0.4052,-0.0217,-0.2895,-1.0907,0.8034,-0.1774
272595,-1.23,-0.158,-0.3915,-0.2229,-3.239,0.3201,-0.5457
272600,-4.55,-0.1745,-0.5933,-2.1885,-3.5506,0.5182,-0.0353
272620,1.13,-0.0994,-0.1708,-0.5616,-0.048,0.154,0.0334
272630,-2.12,-5.1297,-0.6862,-0.8673,-0.7818,0.3653,-1.0436
272640,0.23,0.0134,-0.0043,0.5527,-0.0596,-0.0668,-0.4532
272645,0.72,-0.0888,-0.0161,-0.394,-1.3375,-0.1186,-0.1406
272650,-0.37,-10.7044,-0.0112,-5.33,-2.635,-0.146,-0.5777
272660,-0.33,-0.471,-0.5686,-0.0706,-0.3782,-0.1273,-0.4118
272670,-4.57,0.2148,-14.3607,-0.8141,-1.647,0.599,-0.0407
272680,0.45,-0.0247,-0.1819,0.0406,0.0004,0.6249,-0.6433
272695,0.43,-0.0012,0.0326,1.6758,0.0253,-0.6686,0.1642
272710,-0.21,0.0165,0.0001,4.9259,0.3112,0.238,-0.6437
272720,-5.07,-17.689,-14.1058,-35.9226,-50.2069,0.6482,0.1426
272730,0.13,-0.6332,-0.1826,-0.031,-0.9707,0.5817,-0.278
272740,-3.38,-2.4639,-9.2195,-10.6105,-10.3107,0.4999,0.0983
272760,-2.83,-7.0794,-44.9764,-26.6251,-36.3695,0.5855,-0.0271
272770,-4.32,-0.0269,-0.1109,-2.0663,-0.7623,0.5887,-0.0897
272890,-1.02,-0.0057,-0.1278,-0.0744,-0.8654,0.3859,-0.9437
272900,-0.34,12.9087,-0.0,-0.5309,0.0003,1.5864,-1.8217
272905,0.9,-0.0282,-1.1356,-0.4107,-4.4276,-0.0505,-0.9662
272910,-4.41,0.1685,-0.0229,-0.2404,-0.0016,0.6027,0.0075
273030,0.7,0.0258,-0.6315,-0.1711,-2.1402,-0.7858,0.5089
273040,1.42,-0.0767,-0.1149,-0.2463,-0.7179,0.2201,0.2759
273050,2.08,-2.4235,-1.192,-1.2787,-1.1077,0.8013,-0.8164
273060,-4.29,11.2165,5.1536,4.1439,7.3332,0.33,-0.0666
273065,1.69,-0.1145,-0.0058,0.2002,0.0108,-0.1801,-0.3321
273070,-3.81,-1.1909,-0.1353,0.001,0.2697,-0.2496,0.3703
273075,0.75,-6.6531,-2.1399,-2.7204,-1.1806,0.0048,-1.4783
273080,-2.38,0.0019,-0.5389,0.0007,-1.2299,0.3665,0.5122
273090,-6.01,-19.767,-10.9599,-13.4684,-7.2997,0.3874,-0.0407
273100,-2.39,-0.5119,-1.6319,-1.1693,-3.3136,0.4569,0.2361
273110,1.72,-0.304,-0.4083,-0.3313,-1.3943,0.0855,-0.2403
273120,0.78,-0.3098,-0.2455,-0.2752,-0.0992,0.2789,-1.2711
273130,0.81,-0.0535,0.0846,0.707,1.1873,-0.053,0.0013
273140,-0.23,-4.3389,-1.0314,-1.405,-0.0405,1.0766,-0.7245
273150,-2.1,-15.8211,-39.0914,-11.2806,-12.018,0.3817,-0.4419
273200,-0.3,-1.159,-12.2411,-0.6568,-5.2683,-0.5616,-0.0349
273280,-0.59,-1.2372,-1.2888,-0.2653,-4.7909,0.2059,-0.5866
273290,-2.11,5.5687,0.0002,0.9026,-0.0113,0.4869,-1.7975
273300,-1.29,-0.4796,-1.0879,-0.8834,-0.5008,0.6942,-0.4923
273310,0.14,-0.0022,-0.1399,-0.0152,-1.6816,0.2039,-0.5982
273320,0.27,3.7243,1.6285,0.3832,0.2082,0.8787,-1.1372
273330,-3.72,19.0961,0.0443,2.2615,-0.0276,0.4817,0.1012
273340,0.53,0.0021,-0.0031,-0.0121,0.0099,0.5017,-0.2867
273350,0.38,0.059,0.3687,0.373,0.117,0.5692,-1.1124
273360,-0.17,-0.2134,-0.464,-0.8663,-0.9833,-0.0496,-0.2395
273370,-3.26,3.2502,6.4845,11.0619,6.5551,0.599,-0.0407
273380,-2.84,12.72,8.7369,17.0569,8.2936,1.3968,-0.785
273390,-0.13,-0.0669,-0.9652,0.0488,-0.1885,1.3559,-0.6766
273400,-3.77,-12.4017,-44.6134,-31.0023,-38.8394,0.2958,0.3408
273410,-3.17,0.0295,-6.2894,-4.4753,-4.3942,0.3449,-0.0508
273430,-2.81,19.6609,-0.0417,-0.0059,-0.5703,0.7969,-0.6435
273445,-5.29,-6.1764,-4.8402,-0.361,-12.2934,0.2133,-0.8931
273460,-2.27,-0.3463,-2.4518,-1.1423,-2.9783,0.8696,-0.3011
273468,0.06,-3.0637,-3.7114,-9.1024,-10.8928,0.0416,-1.2068
273472,-0.34,0.0153,0.0008,0.0109,-0.0123,0.5268,-0.2679
273478,-1.27,-0.223,-0.1246,-1.2774,-0.0335,0.3898,0.116
273490,-0.48,0.7399,0.0,-0.156,0.0002,-0.3292,0.5811
273500,-0.11,0.7024,-0.1158,-0.1167,-0.5228,1.7124,-1.304
273510,0.34,-0.0002,-0.0403,-0.0394,-0.3184,0.0839,-0.4638
273520,-3.26,-0.0363,-1.4574,-1.218,-0.4323,0.7143,-0.6753
273530,-0.02,-0.2721,-0.015,-1.2945,-0.0878,-0.1289,-0.9952
273540,-1.63,-6.2878,-0.0751,6.6572,-1.1082,0.3398,0.5106
273550,-0.34,-0.0226,-1.0744,-0.7386,-1.0432,0.3009,0.0262
273560,-0.94,4.5283,-1.8519,-0.1482,-0.0614,3.244,-0.4657
273580,-3.87,-0.0052,0.0074,0.0009,0.0215,0.3594,-0.0604
273595,-2.08,0.3062,0.0015,0.3115,0.3864,0.5933,-0.9944
273610,-1.91,-0.7879,-11.7211,-1.4276,-4.7573,0.8673,-0.2523
273620,-0.88,-0.0462,-0.3811,-0.0996,-1.2944,-0.23,0.3984
273630,-3.58,0.1585,-0.1358,-0.309,-0.2858,0.6247,-0.2713
273640,0.22,0.974,-0.0198,0.0677,-0.0411,0.279,-1.034
273650,2.21,0.9616,0.2947,1.1931,1.0036,-0.0469,-0.4165
273660,0.06,4.7283,0.8842,7.2815,0.136,0.5384,0.9003
273670,-1.38,-0.6546,-3.3393,0.0053,-0.0346,0.2917,-0.2798
273690,0.07,2.0331,-0.1625,0.0467,-0.0409,-0.6683,-0.5806
273705,0.19,0.0131,-2.673,-0.2753,-3.4644,0.2008,-0.0054
273720,1.0,0.0247,-1.3793,-0.4219,-0.1083,0.3734,-0.046
273730,-3.17,0.0007,1.8008,1.0389,1.2309,0.1887,0.117
273740,1.33,1.4197,0.0099,0.0552,-1.1752,-0.3776,-0.9841
273750,2.15,-0.0378,-0.2236,-0.0137,-0.1819,-0.1016,-0.0977
273760,-4.97,0.0026,0.0222,0.0137,0.0442,0.5834,-0.0407
273770,0.51,3.2674,0.0942,1.2673,1.0334,-0.3583,0.4069
273780,-0.76,2.9907,2.2068,0.5791,0.7309,0.7606,-0.624
273790,1.25,-0.0269,-1.1894,-0.1303,-1.1537,-0.0753,-0.2661
273800,-4.12,0.0225,-1.0043,-1.0772,-0.7985,0.1868,0.1479
273815,-3.37,-24.8753,-17.9911,-29.4701,-13.3144,0.5507,-0.1091
273830,-2.51,34.2644,13.5221,9.7377,4.3801,1.127,-0.859
273840,-3.18,-1.3965,0.0849,-0.0246,0.0849,0.599,-0.0407
273850,-4.2,-3.357,-31.1825,-27.1189,-21.1603,0.8047,-0.2586
273860,0.95,-7.6407,-0.0113,-0.4051,-0.3554,0.1507,-0.7742
273870,-6.34,-0.0009,-1.5947,-0.3148,-3.403,0.4423,-0.0407
273885,-3.11,3.2451,13.3559,2.9113,5.2869,0.5786,-0.0087
273905,-0.53,5.0609,-2.9826,0.0942,0.2132,1.0445,-1.0528
273915,0.81,0.0,0.0051,0.0598,0.0093,0.0398,-0.7061
273920,-1.59,-36.9914,-12.6779,-5.4415,-14.5186,0.0433,-0.9389
273930,0.36,-1.8568,-12.1937,-1.5567,-11.3988,-0.9633,0.6804
273940,-0.49,0.3631,-0.1355,-0.1297,-0.0988,-0.0944,-0.129
273950,-4.8,-109.4172,-93.9912,-105.9316,-119.2762,0.6657,0.1141
273960,-4.02,0.5888,-26.707,-2.1997,-27.4331,0.599,-0.0407
273970,-0.81,-0.0711,-0.0452,-0.0203,-1.6074,-0.2524,0.0679
273980,0.86,-0.6906,1.8395,1.3812,0.1485,0.3894,-0.9305
273985,0.42,0.065,0.0005,0.068,0.0551,0.2269,-1.6652
273990,-2.77,-0.0322,-0.001,-0.2995,-3.8816,0.06,0.0866
273995,-0.64,12.1155,0.0176,4.1513,0.0831,0.6531,-0.1106
274000,-3.62,-17.239,-11.8904,-3.7832,-18.0993,0.6336,0.1361
274010,-2.26,-4.3812,-7.3949,-1.6361,-1.2887,0.5758,-0.0095
274020,0.87,-0.0232,-0.1149,-1.4059,-0.3819,0.4354,-1.1231
274030,0.53,0.1284,0.0912,0.08,-0.003,0.3012,-1.0016
274040,0.94,-0.0746,-0.6426,-0.2991,-1.1317,0.043,-0.3786
274050,-0.42,0.9745,-0.0965,-0.3628,-1.5523,0.0449,0.6407
274060,0.58,9.2565,0.1004,1.1806,1.7433,1.4246,-0.7792
274070,-2.29,-7.4862,-2.3693,-1.1966,-0.4494,0.6811,-0.0714
274080,1.89,-0.0515,-5.0023,-0.4264,-0.4555,0.2177,-0.7297
274090,1.88,0.0234,-3.607,-0.0092,-0.5399,-0.0176,0.0684
274100,1.59,-0.0001,-0.7329,-0.1465,-1.0808,0.5016,-0.6768
274110,-4.43,-19.0489,-2.4703,-3.2585,-18.0271,0.4454,-0.0407
274120,0.64,-2.3644,-1.2196,-0.5133,-0.8243,-0.4424,0.4313
274130,-1.84,-0.0955,-11.6183,-5.3261,-0.7693,1.056,-0.079
274140,0.22,1.0201,0.6401,0.3401,0.3852,-0.0089,-0.4962
274150,-3.59,-0.9004,-16.4789,-10.5981,-0.7062,0.3218,-0.0407
274160,-2.8,-0.0354,-5.6827,-13.9279,-9.0327,0.2762,-0.2773
274170,0.23,-12.2523,-2.1649,-1.2767,-4.0637,-0.173,-0.0486
274180,-0.02,41.3435,31.6194,36.4298,20.8927,1.0549,-1.0311
274190,-5.07,0.0206,-0.0498,0.0597,-0.8219,0.4587,-0.0407
274280,,0.0029,-0.0453,0.0001,-0.6012,,
274290,0.9,0.1513,0.9362,0.7603,0.1761,0.6915,-1.6629
275310,-3.21,-2.629,-15.4902,0.0095,-6.5898,0.5478,0.026
275320,0.66,-7.2951,-5.5641,-7.6033,-4.922,0.0037,-0.5751
275330,-4.53,-2.234,-10.1587,-0.3614,-9.2417,0.3852,0.191
275350,-0.58,0.8973,3.0281,11.691,0.4244,0.2301,0.1362
275355,,,,,,-0.1198,0.0458
275360,2.09,-0.0031,0.0505,0.0364,0.0004,-0.9287,-0.1642
275370,1.77,-0.6944,-0.6986,-0.2492,-1.719,0.2834,-0.8968
275380,0.93,1.0474,0.2189,3.3447,1.0769,-0.2568,0.4457
275400,-3.49,-0.0024,-0.0964,-0.0014,-0.1448,0.6223,0.0793
275410,-2.56,-3.2154,-7.2416,-2.836,-5.4921,1.6104,-1.0818
275420,-2.47,-5.2872,-7.3697,-3.576,-11.0366,0.6712,-0.7658
275430,-4.02,-5.0937,-1.315,-13.5348,-21.5715,0.7746,-0.1054
275440,1.84,-8.7798,-3.4668,-0.2355,-2.4581,0.3028,-0.275
275450,0.37,18.8137,3.189,18.0374,16.2655,0.9638,-1.897
275460,2.32,1.1257,0.074,0.0107,0.4397,0.2997,-0.6431
275470,2.33,-0.011,-0.5998,-0.0467,-2.0776,-0.1036,-0.2579
275480,-4.24,-1.207,-0.0054,0.007,0.0057,0.3534,-0.0407
275490,-4.18,-7.3446,-0.0009,-0.2325,-0.0001,0.5957,-0.0115
275568,-3.23,-0.9267,-14.6005,-1.4748,-9.1992,0.5889,-0.0407
275590,0.57,0.0149,0.2052,0.865,0.163,0.3573,-0.8058
275600,0.33,0.0004,-0.4375,0.0,-0.0173,0.7574,-1.3649
275610,-4.25,0.0674,-0.5356,-0.5418,-0.7845,0.8588,-0.2207
275630,-1.97,62.2659,14.6764,13.2864,6.0046,0.8351,-0.0699
275640,1.45,-0.003,0.2818,0.4673,2.0751,0.667,-1.4849
275650,-1.38,263.3096,116.8474,242.6924,113.4193,0.7113,-0.4161
275660,0.3,0.5164,0.2927,2.5117,0.4598,0.2974,0.1513
275670,-0.92,3.6555,-0.0334,2.452,0.2961,0.3291,-1.1586
275680,-0.28,-0.2388,-6.4677,0.0521,-0.0,1.5193,-1.3963
275690,-4.75,0.2747,3.3677,3.0814,3.9743,0.4764,-0.126
275700,1.28,0.0041,0.0402,0.0142,0.7607,0.4848,-0.8141
275710,0.5,0.2505,0.0736,0.4273,0.1575,0.7292,-1.9655
275740,-4.63,-9.9339,-21.4554,-5.1674,-12.6887,0.5889,-0.0407
275750,-4.38,0.0012,1.8461,1.0169,1.2568,0.2785,-0.0575
275755,-0.04,0.0017,-0.9109,-0.96,-0.0245,0.2722,-0.3022
275760,0.15,0.1127,-0.5018,0.0667,-0.0102,0.4243,0.1418
275770,-0.95,0.0115,0.0059,2.3573,0.0304,0.1908,0.1928
275780,-1.4,2.4296,-0.0016,-0.0009,-0.0796,0.1205,-0.415
275790,0.57,-1.7977,-1.1495,-0.2533,-0.4773,0.0155,0.339
275795,0.5,0.0511,-0.8787,-0.125,-0.4038,-0.9185,-0.1655
275798,1.09,0.0007,0.6999,2.7816,0.0459,0.2626,-1.0112
275802,-4.17,-0.0775,-18.5966,-10.453,-19.0189,0.502,-0.0407
275810,-5.12,-0.2328,2.5567,0.6862,1.0452,0.8324,-0.1179
275830,-5.45,-0.0427,-0.4488,0.0015,-1.8076,0.417,-0.0407
275840,-0.14,-8.4987,-41.8292,-21.6257,-19.6968,0.3461,-0.9769
275850,1.31,0.0145,-0.0005,-0.119,-0.1902,-0.2511,-0.6309
275860,2.13,-0.0026,-0.0019,-0.0313,0.001,-0.0282,-0.0858
275870,2.03,-0.0343,-0.0207,-0.0315,-0.4531,-0.5153,-0.1887
275970,1.26,-0.7388,-0.0635,0.0005,0.046,0.3913,-0.6313
275980,-5.08,-1.335,-2.594,-1.9348,-22.9838,0.8545,-0.088
275990,-3.75,0.6291,6.4005,-0.3875,0.1758,0.4454,-0.0407
276100,-0.97,0.0327,-0.6362,-0.0098,-0.2704,0.6169,0.1116
276110,-3.01,-11.093,-3.2596,-17.3165,-1.469,0.4584,-0.0407
276120,-0.38,-1.0659,-4.4605,-0.775,-4.009,-0.6494,0.0716
276130,-1.18,-1.6713,-0.088,-0.3181,-0.0015,0.6299,-0.708
276140,-1.44,-13.7796,-6.179,-4.6902,-6.8368,0.9095,0.237
276155,0.92,-0.0738,-0.2609,-0.068,-0.2327,0.0138,-0.1222
276170,-3.91,11.3646,5.1196,4.2467,6.4985,0.6716,0.0085
276180,-4.26,-1.9645,-2.6785,-0.3536,-5.1929,0.8166,-0.3598
276190,-3.94,5.0133,1.9674,0.2153,2.3362,0.1943,-0.1175
276200,-1.73,-0.7457,-5.6504,-1.8638,-3.8037,0.518,-1.3373
276210,-2.94,0.9902,1.6432,0.2627,-0.0043,0.42,-0.2567
276220,0.83,-0.0006,-0.4264,-1.4521,-1.4159,0.1302,0.1877
276230,2.38,0.046,0.1289,0.4766,0.2788,-0.0886,0.3572
276810,0.0,0.0248,0.1336,0.6012,0.0004,-0.1598,0.7167
276820,0.5,-0.062,-0.0773,-0.157,-0.9003,-0.3843,0.1013
276830,-0.23,-0.3121,-1.9203,-4.0876,-4.9565,0.1065,-2.3775
276840,0.24,-0.4723,-1.22,0.0109,-0.0416,-0.121,-0.3381
276850,0.26,0.1463,1.0693,-0.0006,-0.0013,-0.1608,-0.0585
276860,-0.95,-0.657,-0.6024,-3.2547,-0.3941,0.2379,-0.1478
276870,0.59,0.0131,0.0015,-0.0339,-0.1961,-0.7204,-0.3962
276880,0.61,0.0214,0.1453,0.4185,0.1907,-0.6598,0.0602
276890,-0.58,-18.5888,-4.194,-4.2784,-8.6279,0.7106,-0.4664
276900,-4.16,-17.1964,-8.7048,-15.2427,-9.4924,0.7336,-0.0305
276910,0.49,-0.391,-0.8812,-0.0017,-0.4529,0.1425,-0.4378
276920,0.75,0.5757,1.2339,1.8182,0.294,-0.0711,-0.1388
276930,0.66,-0.1412,-1.1048,-0.3772,-0.0014,0.2866,-1.5483
276940,0.36,-0.3256,-0.0699,-0.0767,-0.0493,-0.4107,-2.443
276960,-0.21,-0.0335,0.1699,0.5641,0.2167,0.0542,0.2829
276970,-2.92,-5.148,-65.8664,-19.0771,-65.6296,0.5213,0.0823
276980,0.27,0.0759,-0.0617,-0.0014,-0.0009,0.522,-0.3565
276990,0.47,-0.0,0.005,0.2439,0.1124,-0.6894,1.0651
277000,-4.58,0.7375,-2.0667,-12.0899,-1.3912,0.4166,-0.0407
277010,-3.31,-5.0301,-14.2292,-1.015,-22.0337,0.5504,-0.1117
277020,-0.03,-5.5603,-4.1771,-8.0196,-2.7087,-0.4063,0.6836
277030,-4.62,-3.4959,-1.6639,-3.0897,-1.0967,0.599,0.2299
277050,-1.54,28.0167,7.3132,15.5113,6.8637,0.9753,0.1032
277055,0.16,2.3313,0.6831,1.6446,2.2548,0.0444,0.3882
277060,-2.32,-0.9919,-1.8778,-1.1562,-0.1109,0.1935,-0.7487
277070,-2.33,-0.5529,-1.7616,-1.481,-2.2032,0.2497,-0.1913
277080,2.56,0.141,1.1661,6.9174,2.2537,0.2033,0.378
277090,-3.05,0.3783,-8.4849,-3.781,-5.3513,0.097,0.2612
277150,-2.42,5.5438,0.0002,14.9961,1.5904,-0.0845,-0.074
277220,-3.71,0.0292,-0.0548,-0.1103,-2.7082,0.4493,0.1467
277230,1.67,-0.493,1.2805,2.5823,0.0628,0.5385,-0.0281
277240,,,,,,-0.4455,0.0095
277260,-4.52,-15.5988,-33.2199,-0.4266,-20.8246,0.3981,-0.0407
277270,,-1.0017,-0.6493,-1.4146,-0.2902,,
277490,-3.18,-2.7354,-7.4085,-15.1456,-13.6751,0.5876,-0.0407
277500,-3.35,-11.1024,-7.8529,-30.496,-22.6008,0.599,-0.0407
277510,-1.8,0.0015,-4.9708,-0.0571,-3.3235,0.2739,0.1521
277530,-2.24,-0.0043,-0.6924,0.1267,-0.0543,-0.0504,0.0584
277540,-1.96,-0.002,-0.0499,1.8104,0.1179,0.7105,-0.256
277550,-2.11,0.0,0.0051,-0.031,-0.3192,1.2874,-0.5811
277560,-2.66,-7.4356,-15.8965,-25.9738,-23.6029,-0.0969,-0.3455
277572,-0.62,0.1301,0.3362,-0.0591,-0.0784,0.4029,-0.7547
277680,-3.96,-5.7265,-3.4484,-9.5108,-4.4096,0.4179,-0.2552
277685,1.96,-0.0183,-0.15,-0.0023,-0.0502,-0.0852,-0.3294
277690,-2.66,-9.8478,-14.8254,-3.6636,-13.5639,-0.1278,-0.3378
277700,-4.37,-28.6758,-47.6843,-17.8583,-51.5263,0.5533,-0.4738
277705,0.0,0.018,0.0785,0.1537,-0.0209,0.3603,-0.8444
277710,-0.05,-5.9315,-14.1363,-48.7601,-12.5722,-0.0117,-0.5129
277720,0.28,-0.5633,-0.3741,-0.1513,-0.9102,0.2205,-0.1619
277730,0.84,-0.0,-0.2918,-0.1081,-0.0717,0.1753,-0.052
277740,-2.11,0.008,-0.6949,-0.1547,0.1556,0.4649,-0.1267
277760,-0.63,72.9667,5.3253,6.7184,4.8431,0.7317,-0.9448
277770,-0.82,-0.0608,0.0028,0.1166,-0.005,-0.7489,0.8709
277790,-2.65,4.5831,0.0401,0.3318,0.6599,0.6979,-0.2987
277800,0.06,-0.299,-0.0126,-0.001,0.3114,0.2802,0.0727
277810,0.7,-4.9445,-0.5957,-11.8091,-3.1741,-0.0063,-1.2374
277820,-0.04,0.0007,0.0988,-0.0936,-0.0346,0.932,-0.5975
277830,1.01,-0.8556,-0.4619,-0.2898,0.0004,-0.2986,0.0837
277840,-1.35,-20.2161,-62.6243,-44.9428,-58.7669,1.0732,-1.4296
277850,-0.63,-0.1034,-0.0553,-0.0176,-0.822,0.9017,-1.2246
277860,-1.65,30.499,6.318,24.8193,5.8032,-0.1771,0.165
277870,-0.5,-59.5595,-34.0508,-39.7933,-135.5974,1.5992,-0.7885
277880,-0.93,-8.9226,-62.6903,-61.6836,-49.0223,-0.4306,0.7597
277895,-4.79,0.1395,-31.0217,-2.6833,-8.8952,0.5831,-0.0508
277910,-2.95,-6.0648,-31.587,-7.0832,-39.4815,0.5769,0.2438
277920,-1.9,-0.177,-14.1671,-1.1199,-4.7623,0.6213,-0.588
277930,1.06,1.5715,0.3578,0.7472,2.133,-0.0948,-0.6301
277940,-6.24,0.9955,-2.7779,-10.0899,-11.2099,0.2064,0.7071
277950,-2.09,-0.2256,-2.732,-2.214,-5.143,0.602,-0.6447
277970,-4.37,-6.2913,2.4167,0.0246,0.5906,0.2999,0.122
277980,0.72,-0.5702,-4.2799,-0.6001,-1.9897,0.3923,-1.0062
277990,-0.13,11.0215,6.1946,5.6974,5.1753,0.4981,-0.3698
278020,-1.1,-14.3216,-11.4752,-1.7511,-7.1798,0.6179,-0.4824
278030,0.45,-1.2734,-0.5977,-11.4145,-4.1817,-0.4821,0.0391
278040,-3.4,-8.2994,-38.1051,-0.3281,-4.3713,-0.049,0.8782
278050,-4.82,1.4666,0.3235,0.8053,0.6026,0.599,-0.0407
278060,-0.92,0.3687,-1.5991,-0.8761,-3.1622,-0.1984,0.061
278070,0.83,0.037,-1.0531,0.0229,-0.0031,-0.3248,-0.2876
278080,1.43,-0.043,-0.297,-0.1431,-0.7248,-0.2135,-1.041
278090,1.23,0.0823,0.4693,0.1042,1.2345,0.1931,-1.0264
278110,0.86,0.0386,0.0025,0.0064,0.0082,0.1626,-1.0383
278120,-0.21,-0.0262,-0.2083,-0.1486,-0.3471,0.4949,-0.4139
278130,-0.1,-0.5988,-8.4614,-5.4451,-5.7137,0.5548,-1.5368
278145,0.0,-0.2333,-0.9461,-0.3614,-6.9122,-0.359,-0.1209
278160,-1.09,0.0049,-0.7996,0.0305,0.0487,0.9989,-1.2333
278170,-1.77,-0.0051,-4.7447,-0.0051,-4.194,0.798,-0.6062
278180,1.0,-0.0223,-0.0028,0.0369,-0.0089,0.4003,-1.2707
278205,-0.15,-0.7157,0.1248,1.8937,0.3798,0.4449,-0.2205
278220,-3.89,-0.3011,-15.6245,-11.1209,-8.4801,0.5279,-0.0407
278230,-4.7,0.1387,-2.6929,-3.1425,-43.6486,0.2878,-0.1824
278240,-1.17,-2.9922,-4.9002,-2.2354,-3.5453,0.5065,-0.5931
278245,0.32,0.2682,-0.9387,0.2742,0.07,0.0466,-0.8349
278250,-4.08,0.1883,-0.0286,7.1465,0.7868,0.4905,-0.0407
278260,-1.46,-10.9891,-16.561,-5.1554,-6.9731,0.1234,-0.2438
278270,-2.87,0.5936,0.149,-0.2456,0.1832,0.8145,-0.3629
278280,-4.62,-0.1607,-8.8799,-1.1762,-5.9311,0.3905,-0.0831
278290,0.64,0.022,0.0,0.0168,-0.6824,0.2619,-0.7085
278300,1.2,-0.0264,-0.7985,-1.3666,-1.363,-0.9169,0.1054
278320,0.38,-0.0274,-0.1064,-0.0166,0.0002,0.425,-0.8782
278330,1.37,0.004,-0.2975,-0.206,-0.2655,-0.7047,-1.2136
278340,-0.29,-0.0,-0.0295,-0.0335,-0.4531,0.4638,-0.3477
278350,-1.07,0.0301,0.0075,0.0203,-0.1398,-0.5825,-0.7199
278360,-1.48,-0.0147,-0.7391,-1.1217,-3.8835,-0.2672,-0.2845
278365,-0.08,-0.3007,-0.1532,-1.3903,-0.9377,0.0192,0.2182
278370,1.18,-0.0044,0.0032,-0.2585,-0.4678,0.0802,-0.12
278380,0.67,0.1428,0.2099,0.1387,0.5126,0.4315,0.0991
278390,1.15,0.0045,-0.0596,-0.0887,-0.0432,-0.524,-0.0751
278400,1.56,0.0524,-0.1941,-0.1425,-0.0,0.524,-0.4924
278410,1.05,-0.0011,-0.6537,-2.1592,-0.8548,0.257,-0.3184
278420,-1.97,-0.0717,-0.5446,-0.7152,-0.0316,0.3937,-1.0637
278430,-0.17,-0.0612,-0.348,-0.247,0.0,0.1151,-0.1498
278440,-5.11,-59.9152,-159.1461,-56.2074,-106.9173,0.4832,-0.0407
278450,1.31,-0.9557,-0.6149,-0.1496,-1.1253,-0.5142,0.6774
278460,-0.49,-0.1554,0.0005,0.2247,0.1152,-0.2089,-0.74
278470,-0.32,-0.4482,-0.6971,-0.0051,-0.0539,0.674,-0.9483
278490,-0.01,0.8717,1.9774,2.9743,3.3282,0.0501,-0.6179
278500,-6.38,0.2288,2.3268,0.4671,-0.8865,0.814,-0.2556
278510,1.01,0.0025,-0.1975,-0.2084,-0.088,0.7503,-0.6461
278518,-1.14,0.35,6.3433,4.4162,0.3432,0.5868,-0.3692
278522,-0.26,-0.0013,-0.0969,-0.3883,-0.1596,0.1981,-0.3238
278530,1.07,-0.102,-3.2231,-1.7551,-2.91,-0.4656,0.4904
278540,-0.29,0.0134,-1.5085,0.0807,0.0893,-0.165,0.4161
278550,-4.62,-3.4327,-67.7971,-7.1428,-50.5789,0.5105,-0.0407
278565,0.57,4.4187,4.7802,2.7606,3.9638,-0.3777,-0.547
278580,0.81,0.4553,2.4675,5.9834,3.9324,0.5096,-0.4515
278600,1.5,-1.2409,-5.033,-8.2555,-8.7922,-0.109,-0.4121
278620,-1.58,-6.8713,-5.157,-7.9585,-4.7273,0.2324,-0.3927
278630,-2.69,-9.2783,-0.934,-0.2205,-3.0129,0.4454,-0.0407
278640,-0.71,-19.4906,-25.0661,-21.3979,-34.3074,0.6549,-0.7048
278660,-4.77,-0.507,-9.7258,-11.2054,-20.0895,0.597,0.0375
278670,0.19,1.2408,-0.0877,-0.0024,-0.1131,0.8674,-0.7945
278680,-1.58,0.4847,-0.082,0.0378,0.0023,-0.1734,-0.1241
278690,0.7,0.1965,0.038,-0.0894,-0.3778,0.1965,-0.6361
278700,1.21,-4.9672,-13.4998,-4.9289,-6.0219,0.1308,-0.9365
278710,0.52,-0.0302,-0.1027,0.0952,-0.0999,0.1801,-0.0963
278720,0.06,-0.085,-0.0043,-0.004,-0.0075,-0.2743,-0.9852
278730,-0.46,-6.8516,-9.7459,-13.3454,-8.6844,2.0827,-2.6912
278740,0.43,-0.0795,-1.2353,-0.0917,-0.6016,1.181,-1.3759
278753,0.92,-0.1496,-0.0209,-0.1028,-0.7853,0.0128,-0.8085
278760,-0.86,0.1193,0.0521,-0.012,-0.0014,0.2402,-0.3091
278770,1.33,0.0854,1.0203,6.5277,3.6716,-0.0885,0.1075
278780,-2.77,0.4078,-1.3202,0.3314,-2.4097,-0.3488,0.2643
278790,-0.54,0.1112,0.6045,0.0333,1.0653,0.0997,-0.4336
278800,-3.35,-0.9211,-0.0934,-0.0219,-0.2211,0.4929,0.2608
278815,-1.59,-16.5384,-14.4198,-4.9821,-4.361,0.5524,0.1368
278830,0.69,24.5041,0.383,0.034,-0.1925,-0.16,-1.3654
278840,1.39,-0.7536,-15.6366,-1.8316,-3.7132,-0.8561,-0.5884
278850,-4.36,0.055,-2.6296,-29.7829,-2.3857,0.4624,-0.1841
278860,1.08,0.0197,0.0165,-0.0001,-0.002,-0.155,-0.2823
278870,-3.55,-0.104,3.3425,0.9226,0.238,0.6324,-0.5014
278878,0.6,-0.1652,0.8735,0.0427,-0.0652,0.2423,-0.1954
278882,0.71,0.01,1.0994,1.4284,1.4654,0.2728,-0.7547
278890,-1.41,-0.5737,-2.846,-3.3608,-4.9522,0.7872,-0.3342
278900,-3.2,-0.0985,-3.5681,-0.038,-2.8983,-0.0269,0.3883
278910,-0.51,-6.2092,-2.0826,-0.6891,-6.5633,-0.5586,0.9215
278920,-1.63,-1.2728,-2.9904,-2.1546,-3.1564,1.2582,-0.7782
278930,0.5,0.0241,-0.7712,-0.9918,-0.3955,-0.0606,-0.2265
278940,-0.32,-0.1419,-3.9598,-0.0166,-1.1198,0.5129,-0.6978
278950,-3.56,-1.6395,-0.6496,-0.0624,-0.0317,0.3431,-0.9057
278960,-2.1,-0.0184,0.5385,7.2504,7.9237,0.8699,-0.6046
278965,0.49,-1.8541,-1.1268,-0.2779,-0.1894,0.2347,-0.0717
278975,-3.93,-3.2894,-4.9725,-1.171,-26.9723,0.6447,0.2129
278990,-2.72,0.0679,-12.6459,-0.0059,-0.0013,0.2416,0.3487
279000,0.35,-0.1476,-2.7122,-1.8171,-1.3182,-0.7141,0.1348
279100,,4.812,1.36,1.9305,0.0084,,
279310,1.5,-0.0008,-0.0918,-1.6397,-0.5538,-0.265,-0.1331
279315,0.5,-24.4229,-19.6182,-52.8663,-27.8292,0.1588,-0.6771
279320,-2.18,-52.0383,-164.4869,-136.8596,-96.0434,1.1855,-1.0563
279330,-4.95,12.2057,5.06,4.8926,2.9034,0.3764,0.2377
279340,-4.76,-21.8441,-33.7358,-46.0463,-35.0149,0.2384,-0.0975
279345,2.09,-0.0228,-0.3084,-1.2611,-0.109,-0.6022,0.5909
279350,1.73,1.1559,1.8286,0.5128,0.4665,-0.5927,-1.0752
279355,1.87,0.056,0.3577,0.3303,0.0128,-0.2188,-0.7383
279360,-5.12,-0.2516,-10.211,-0.9784,-4.9396,0.3695,-0.1175
279370,-2.36,35.2582,12.8861,33.7179,7.9023,0.359,0.3174
279380,1.96,-0.01,0.3432,-0.113,-0.1318,1.0636,-1.4883
279390,-0.88,-27.7657,-185.2747,-59.6323,-80.3499,0.6645,-0.38
279400,1.0,-0.6258,-0.0164,-1.623,-1.6919,0.7051,-1.5859
279405,1.48,-1.8542,-2.3055,-1.8576,-0.8434,0.0621,-0.3945
279410,1.4,0.0143,0.059,0.0661,0.0828,-0.7145,0.3808
279420,-1.96,0.1229,-0.0511,-1.3589,-0.2698,0.1526,0.2888
279430,-2.6,-0.152,-20.6997,-11.5673,-23.1529,0.3956,-0.3528
279440,1.37,-0.7582,-1.97,-1.024,-1.6229,-0.017,-0.2387
279450,2.15,0.5741,-0.0068,-0.9025,-0.755,-0.9602,-1.2295
279460,0.43,-0.0666,-0.5111,-2.5216,-0.4359,0.1414,-0.6056
279540,1.56,-5.0279,-5.2527,-7.5828,-4.5742,0.0493,-0.1622
279550,1.7,7.1585,0.1415,0.1008,0.0012,-0.2953,-1.0917
279560,,,,,,-0.0094,-0.2359
280370,-2.14,-72.5434,-50.0834,-71.0249,-109.1456,0.592,-0.3089
280375,1.02,-30.4469,-12.8987,-8.6801,-5.0545,1.5293,-2.0566
280380,2.1,-0.0,-7.2252,-10.4886,-11.9212,0.1876,-0.3391
280390,-0.96,-3.761,-14.7862,-4.2956,-2.0647,0.7925,-0.3942
280400,-2.37,-32.1947,-7.4569,-7.1589,-13.3407,0.599,0.2433
280410,0.6,-17.3846,-34.2709,-23.5498,-17.6982,0.7893,-2.2702
280420,-0.42,-0.069,-0.3226,-0.0553,-0.0594,0.0843,0.0661
280430,0.54,-0.0085,0.2427,0.1765,0.2187,-0.5273,-0.5122
280435,1.33,0.0022,-0.2867,-0.117,-1.1122,-0.0311,-1.0973
280440,-4.05,0.5983,-5.9724,-0.0039,-6.6604,0.353,0.0387
280450,-0.26,-0.0541,-0.1762,0.2021,0.1679,-0.2624,0.4301
280460,1.16,0.3819,-0.0034,0.1815,0.0044,0.0979,0.1318
280465,1.86,-2.3529,-1.1771,-2.0521,-0.4037,0.3472,-0.2333
280470,0.07,-0.2999,-1.6837,-0.7263,-1.2769,-0.0923,-1.462
280480,-0.75,-5.7685,-13.2836,-5.5349,-5.6478,0.1884,-0.397
280490,-2.72,-8.0383,-0.4107,-0.0065,-1.4295,0.4487,-0.0407
280500,0.05,0.0188,0.0,0.0297,-0.0189,0.1518,-0.6037
280510,0.33,0.0214,-0.002,0.0069,0.1082,-0.1318,-0.5524
280518,0.98,43.4954,0.5495,13.8079,12.2726,-0.0836,-0.5461
280522,-2.87,19.9944,0.1695,-0.6036,0.9364,1.1583,-1.7194
280530,-0.67,-0.0081,-3.9548,-1.5829,-3.447,-0.9299,0.7715
280540,-4.12,-0.0147,-1.5902,-1.2243,-2.153,0.8902,-0.1471
280550,-3.27,0.1935,-1.9506,-0.2412,-0.396,0.6948,0.0273
280560,0.07,108.1943,19.9485,2.653,1.3624,0.2676,-0.6919
280570,-0.48,0.1151,0.1111,1.3123,0.1164,-0.2983,0.2038
280580,0.35,-0.0233,-0.0154,0.0041,-0.0044,0.0266,0.591
280590,-1.25,-35.6183,-38.9224,-3.9417,-34.0144,1.429,-0.9256
280600,-4.23,-0.1084,-1.1162,-0.034,0.0018,0.3071,-0.4154
280605,0.29,0.0,-0.3793,-0.1178,-0.3728,0.5961,-1.8462
280610,-6.1,0.1704,0.1578,0.5156,0.8262,0.4715,-0.1046
280660,-1.29,-0.9208,0.0228,0.0966,0.183,0.3498,0.0297
280670,-0.79,0.1887,0.0043,-0.0028,-0.0037,0.5715,-0.2273
280680,-1.06,0.1556,-1.2407,0.5573,0.0776,-0.0896,-0.108
280690,-5.12,-0.1842,-1.263,-0.7011,-0.5584,0.5854,-0.0407
280700,-1.36,6.8277,16.4758,8.5311,8.4524,0.5064,-0.7057
280710,-4.46,-1.397,-9.3523,-11.6055,-15.3802,0.2002,0.1267
280720,-2.51,0.0809,-12.1616,-11.2745,-41.5673,0.3797,-0.03
280725,0.5,-0.0275,-0.4504,-0.0778,-0.5892,0.1736,-0.3181
280730,-4.81,-4.8435,-1.2256,-0.8248,-0.0014,0.4443,-0.0104
280740,-3.54,-0.2296,-0.0004,-0.0696,0.9461,0.3093,-0.0068
280750,-0.26,-0.0044,-3.8731,-4.8643,-15.6514,0.4357,-0.2306
280760,-4.48,-4.083,-16.5954,-4.6169,-10.0017,0.599,-0.0407
280770,-4.59,-11.4879,-21.2714,-20.9181,-41.034,0.5121,-0.0407
280780,-0.43,0.7815,0.3762,0.1554,0.1834,-0.9703,0.6628
280790,-4.58,-25.1166,-40.2227,-44.7063,-20.8487,0.778,-0.0226
280800,-4.32,-34.8395,-23.1685,-65.3573,-7.4971,0.4207,0.0361
280810,0.04,0.9296,1.6299,3.2924,1.4736,-0.0085,-0.3693
281030,0.74,0.0775,0.0043,0.1499,0.0015,0.211,-0.568
281360,0.18,0.401,0.2701,1.0848,1.116,0.562,-0.6499
281370,-5.44,-34.0627,-23.8004,-6.5984,-36.1459,0.3637,0.2358
281380,-0.1,-2.037,-0.4629,-0.0412,-0.2824,0.5918,0.3196
281400,-2.6,-5.0105,-0.0269,-0.6054,-0.9676,-0.1094,0.0088
281420,-3.29,-16.1947,-41.6722,-52.6371,-25.7434,0.9304,-0.2627
281430,-1.32,-1.296,0.933,13.8388,-0.0585,0.7111,-0.3918
281440,-4.82,-2.017,-2.5082,-4.7135,-5.6937,0.599,-0.0407
281450,-1.46,-31.4991,-29.9464,-68.5047,-28.9647,-0.397,-0.096
281460,0.71,-0.1915,-2.9377,-0.6668,-3.1573,-0.193,-0.4302
281470,-0.24,-0.2879,-0.8065,-0.0019,-0.5027,-0.065,-0.6128
281480,0.53,0.018,0.3266,0.2526,0.0291,-0.1292,0.0765
281490,0.08,-41.354,-242.8742,-105.8553,-116.7759,-0.0241,-0.941
281500,-3.05,-0.2167,-0.5587,-0.0092,-0.542,0.4097,-0.3657
281510,-1.48,-7.5038,-28.1592,-16.0817,-23.8655,-0.1162,-0.4913
281520,-0.02,-3.5223,-6.4255,-10.4616,-28.5875,-0.6069,-0.7429
281530,1.28,-0.0014,-1.3063,-0.4854,-1.7801,-0.3012,-0.4592
281545,-5.01,-3.915,-0.1099,-0.0025,-0.0135,0.3771,-0.5409
281555,1.28,2.1687,0.0622,0.697,0.8617,-0.1874,-0.5126
281560,0.93,1.0109,1.9175,1.5819,2.1503,-0.4022,-0.6245
281570,-0.19,-0.3241,-0.2832,-0.0,-0.4322,-0.2691,-0.8872
281575,-0.37,-0.2135,-1.4983,-0.2609,-0.4204,0.1803,-0.3197
281580,-1.06,-7.4028,-0.7648,-0.0013,-0.2199,0.1261,-1.5987
281590,0.85,-0.0651,-0.0026,0.1744,0.0097,0.0051,-0.2289
281600,-0.27,-0.2957,-1.3505,-0.5797,0.0027,-0.1354,-0.2508
281610,-0.15,2.9056,-0.1154,3.1629,-0.0,-0.0843,-0.7065
281620,-3.03,-0.026,-0.1576,0.0123,-0.4663,0.6347,-0.1213
281630,-0.18,-7.2654,0.0338,0.1146,-0.0246,-0.1395,0.1272
281640,-2.02,-27.8887,-25.1125,-6.7498,-33.8717,0.5039,0.1312
281650,-0.85,-0.2487,-0.0019,0.1474,-0.0619,0.5158,0.0624
281660,0.78,-3.6156,-0.0009,0.0219,0.0006,-0.0303,-0.9118
281675,-1.95,-5.2677,-0.1455,-0.0042,-0.2448,-0.7226,-0.43
281900,0.55,0.1686,1.4795,16.4262,2.8081,0.2977,-1.1131
281910,0.4,127.8859,28.4103,19.7021,11.6201,-0.2812,-1.5566
281920,-4.69,7.5358,30.9,12.1253,16.9871,0.5889,-0.0407
281930,0.09,-0.0074,-0.0482,-0.0129,-0.05,-0.2863,-0.3068
281950,-4.49,-11.6637,-1.2382,-1.7216,-0.5437,0.3496,0.0757
281955,-2.75,0.0973,-0.3516,-0.661,-0.1688,0.0464,-0.0325
281960,-0.89,-0.0006,-67.5809,-16.8216,-2.3134,1.053,-0.7763
281970,0.24,2.3764,0.1809,0.1459,0.0115,-0.5019,0.5956
281980,-4.06,0.3311,-0.0,-1.6234,-0.8495,0.6424,-0.3894
281990,1.36,5.9445,2.7794,0.9791,0.8602,0.0796,-0.4786
282000,-0.56,-0.4466,-0.0741,-0.0788,-0.6914,0.0696,-0.5218
282020,-0.09,-0.0023,-0.0046,-0.0088,-0.6215,-0.3005,-0.4826
282030,-0.03,-0.1364,-0.0011,0.0003,-0.3917,0.2402,-0.3075
282040,-3.2,-1.827,-26.0959,-16.5189,-7.2373,0.382,-0.3472
282055,0.9,0.0064,-0.1794,-1.2089,-1.4008,-0.2219,-0.2175
282070,-2.7,-0.1571,-5.3686,-1.2886,-2.8799,0.6949,-0.7037
282090,-0.47,-14.0328,-42.4479,-5.4896,-28.595,-0.0868,-0.6254
282130,0.45,-0.0003,0.0155,0.1211,-0.0032,-0.0294,0.0358
282140,-3.44,-4.0831,-5.3506,-13.9937,-2.1351,0.6117,-0.4058
282150,-2.84,-1.3828,-3.9478,-5.8653,-8.8822,0.5785,-0.0508
282160,1.18,-0.4373,-9.2254,-0.285,-2.7419,0.0765,0.0865
282170,-5.0,-2.6946,-7.5408,-0.4504,-7.1261,0.1717,0.5806
282180,-2.46,0.0454,0.0004,-0.0212,-7.0254,0.1222,0.1839
282190,-0.63,-23.9268,-51.4992,-54.448,-49.9534,-1.2459,-2.6154
282200,0.74,-0.0684,-0.0906,-0.7876,-0.2914,0.5893,-0.7169
282210,-0.05,0.9084,-0.0247,-0.1805,0.0017,0.4294,-0.6618
282220,-0.67,-6.9794,-8.0725,-21.9614,-23.079,1.4812,-0.8518
282230,0.94,1.4446,0.9657,1.8246,0.6187,0.1534,-0.9156
283450,1.72,0.0001,0.0001,-0.1577,0.0296,0.2752,-0.8505
283460,-0.47,-0.2597,-0.0112,-1.2188,-0.7936,-0.5112,0.1203
283470,0.87,-0.0251,-0.0501,-0.1905,-0.1179,0.8263,0.3444
283480,-0.3,0.8362,0.3098,1.9736,0.6396,0.2581,-0.7649
283490,1.57,0.0923,-0.0001,0.0844,0.0339,0.1084,-0.1389
283495,0.54,-0.5667,-3.9406,-0.6063,-0.8801,0.8393,-0.2773
283500,-0.75,0.1651,0.0171,0.1726,0.1379,-0.0674,-0.3653
283510,1.51,-0.1505,-12.3592,-5.8919,-12.2735,0.0389,-0.1766
283520,0.36,38.4228,1.0966,23.7425,6.4307,0.3808,0.7074
283530,1.21,-0.094,-1.5812,-0.0039,-0.0865,0.6879,-0.7916
283540,1.74,0.0032,0.0286,0.0542,0.4681,-0.3923,0.1999
283550,-5.01,-51.6518,-27.9106,-53.8108,-38.3932,0.4597,-0.0407
283570,0.51,-0.0355,-1.5211,-1.5401,-1.7576,0.6227,-0.4982
283580,-0.04,0.6447,-0.5601,-0.0583,-1.8415,-0.0582,-2.1795
283585,-0.56,-0.0125,-0.7505,-0.761,-1.6082,-0.2222,-0.4299
283590,-3.825,-35.6129,-33.6095,-19.1658,-52.1886,0.367,-0.5555
283698,0.54,0.0526,0.0,0.2183,-0.242,-0.3997,-0.3068
283702,-2.68,0.1019,-0.0096,0.0499,0.0496,0.2457,-1.0011
283710,-1.09,0.0409,0.5553,4.1608,1.2599,1.3742,-0.5302
283720,-4.71,-9.0695,-2.6714,-2.7375,-1.0004,0.2544,0.2003
283730,-0.78,0.0052,-0.0129,0.0028,-1.0231,0.359,-0.1751
283740,-3.03,-0.0052,0.1796,-0.0154,0.1664,0.7807,-0.4741
283760,-1.5,0.8269,0.2022,0.262,0.3277,0.1519,-1.0023
283765,0.05,-0.1302,-0.1034,-0.3645,-1.8643,-0.8787,0.1986
283770,1.48,-0.8084,-1.382,-0.3041,-1.4462,-0.3001,-0.1679
283780,-2.52,-2.8615,-0.3308,-1.0328,-3.5475,0.2329,-0.1129
283790,-4.23,-13.3406,-2.1321,-3.9996,-2.975,0.3545,-0.0295
283800,0.91,-0.4472,-0.277,-0.0001,-0.852,-0.3634,-0.8079
283810,0.06,0.0099,-3.3351,-0.4645,-1.5076,0.8384,-0.1502
283820,-4.69,-3.9311,-31.8521,-6.8912,-10.2794,0.599,-0.0407
283830,-4.64,0.9917,-3.709,-22.3816,-10.344,0.3532,-0.0407
283840,-4.72,-3.7562,-4.9065,-1.6764,-2.9446,0.4142,-0.1644
283850,-1.59,0.8757,0.1222,2.2827,-0.0123,0.5272,-0.1662
283855,-0.17,-0.0091,-0.5362,-0.161,-0.6992,0.5511,0.1545
283860,0.56,-1.6021,-9.9936,-1.7634,-3.2241,0.306,-0.2898
283870,0.77,-3.0319,-11.4752,-0.6685,-3.2571,-1.1646,0.8971
283878,-3.9,0.2113,0.0112,-3.2686,-1.9273,0.5207,0.3614
283882,-0.28,-0.1064,-0.2119,0.0077,-1.0469,0.1082,-0.4097
283890,-3.04,-1.894,-0.5041,-0.7787,-0.7167,0.2014,0.8578
283900,-2.39,-1.528,-0.2845,-0.8127,-2.267,-0.0511,0.228
284010,-3.78,-7.2507,-0.1,-0.0009,-0.4182,0.3597,-0.0407
284040,-4.62,-5.6959,-9.4978,-6.1272,-3.7734,0.6445,0.5778
284050,-1.02,-4.2599,-45.9962,-1.79,-25.1587,0.5948,-0.9848
284160,-1.23,-0.0003,-2.6649,-6.4284,-5.8839,-0.3404,-0.1299
284170,-1.02,0.0041,0.001,0.0278,-0.3599,0.7721,-0.9397
284180,-2.68,-0.6793,0.0003,0.6393,1.1758,0.4411,0.1615
284190,-0.61,-3.0708,-11.3444,-5.6605,-6.7703,0.6547,-0.3908
284310,,-0.0287,-0.0282,0.0802,0.001,,
284420,1.07,0.0488,0.4956,1.736,2.2024,-0.1211,0.3517
284530,0.74,-0.0,-0.5318,-0.005,-1.4174,0.3593,-0.4457
284540,-3.94,0.0637,-13.3066,-22.5766,-41.8788,0.5498,-0.0095
284550,0.31,0.029,-1.6737,0.0288,-0.0001,-0.4474,-0.0985
284560,-5.37,-7.5669,-0.0041,-6.2246,-0.3248,0.2262,-0.0407
284570,-5.68,-3.4442,-59.5703,-12.7566,-13.5621,0.599,-0.0407
284580,-0.72,0.0782,0.0095,-0.0122,-0.1432,0.5298,-0.6986
284590,-4.73,-8.0555,-19.8677,-0.674,-2.7734,0.36,-0.0508
284598,-0.26,0.0009,-0.0351,-0.0199,-0.0,-0.0351,-1.0776
284602,0.62,-0.4252,-0.5834,-0.5924,-1.7925,-0.1152,-0.5892
284610,0.82,-1.6756,-16.1016,-2.3943,-12.4264,0.7604,-0.2615
284615,0.66,0.0382,0.3127,0.3363,0.121,0.5018,-1.0316
284620,-1.02,-1.6708,-0.6082,-1.4363,-0.6085,0.3533,-1.3535
284630,0.48,1.5377,0.0097,0.6201,0.1114,-0.3384,-0.1785
284645,0.13,-4.3885,-3.6772,-1.8997,-5.2117,-0.3708,-0.0166
284660,-2.47,-2.5567,0.1496,-0.0327,0.0305,0.4923,-0.4465
284670,0.98,-0.0734,-1.5578,-1.869,-0.6331,-0.0475,-0.5463
284680,1.71,0.001,0.2233,0.0513,0.8579,-0.5539,-0.3373
284780,0.73,-0.0225,-2.3599,-6.9598,-4.5316,0.3725,-0.7815
285140,,,,,,0.5923,-0.0783
285150,-2.19,-5.4096,-22.4525,-33.6196,-42.2874,0.1506,-0.6005
285160,0.24,0.0083,-1.0795,-0.0845,-1.3705,0.5834,0.1808
285170,-0.49,3.268,0.5791,0.7346,-0.0018,0.9586,-0.3598
285180,-1.0,4.687,1.116,2.2174,2.0067,-0.345,-0.4374
285190,1.09,6.1512,7.4657,11.1336,3.9593,0.0538,-0.4836
285200,-3.6,0.5502,-2.0801,-1.1286,-0.5345,0.0286,0.2233
285210,-0.87,8.6105,0.8587,9.3793,3.6561,-0.9673,0.2518
285220,-5.39,-0.2434,-3.6612,-3.8998,-3.0014,0.5276,0.0395
285230,-2.95,-0.9147,-7.7346,-4.9295,-6.2417,0.1358,-0.4628
285240,-3.49,-1.2673,-8.5525,-27.135,-3.9945,0.5664,-0.3875
285250,-3.32,0.8368,-0.8421,-6.0973,-1.5023,0.5601,-0.1541
285260,-1.01,-0.0578,-1.1688,-2.8467,-3.4153,1.2655,-1.0719
285268,-4.17,-0.2847,-3.632,0.0001,-6.1116,0.5583,-0.0407
285272,-2.49,2.7591,-7.7552,-0.018,-0.4986,0.5363,0.2541
285290,0.3,-0.3398,-0.7804,-3.9717,-1.5106,0.0697,-0.7018
285300,-0.32,-1.584,-2.1597,-2.2921,-4.1467,0.0455,-0.444
285350,0.71,0.0016,-0.2068,-0.0835,-0.1922,0.7343,-0.2737
285400,-0.32,0.0596,-0.0766,0.0564,0.2956,0.9207,-0.5731
285410,-1.5,0.3518,0.5494,1.3544,0.0952,0.5647,-0.1006
285425,-0.38,3.9063,1.7142,3.9126,1.0526,0.1133,0.1004
285445,-0.86,-0.0302,-0.9938,-0.0774,0.0905,-0.5623,0.2511
285470,0.66,-0.0009,0.0799,-0.144,-0.0219,0.6559,-0.4224
285480,-2.82,-0.1125,-3.4289,0.016,-1.7866,0.1259,-0.6425
285490,-0.25,-0.5688,-2.9359,-2.5553,-5.335,-0.0736,0.255
285500,-3.01,-38.9319,-34.3199,-5.7131,-28.2096,0.2943,0.1494
285510,-1.87,-0.0263,-2.4575,-1.586,-0.3508,-0.1444,-0.09
285520,-1.57,-4.8941,-4.6138,-5.3825,-4.3653,0.8458,-0.3151
285530,-4.66,-0.232,-4.001,-2.5647,-14.2076,0.6211,0.1625
285540,-4.23,-34.1413,-0.4869,-5.1541,-5.2067,0.6968,-0.6869
285650,-1.78,9.8162,-3.6685,-4.2091,-12.0902,1.2171,-0.2334
285660,-0.98,108.4097,23.606,54.5522,23.8893,0.6455,-0.9339
285665,1.39,-0.0235,-0.0034,-0.5413,-1.5862,-0.2616,0.2919
285670,-0.06,-0.0429,-0.1314,-0.0775,-0.3669,0.4085,-0.8103
285680,0.58,-24.7539,-3.5248,-34.7303,-16.8763,0.5065,-0.5006
285690,0.55,0.0017,0.1554,0.4862,0.001,0.7303,-1.2436
285700,-4.99,-17.9802,-30.5501,-7.9065,-16.1501,0.4454,-0.0407
285710,0.55,0.1997,1.5224,1.1185,0.2529,0.2861,-1.5327
285720,-4.14,-7.4771,-0.0085,-4.0909,-0.0152,0.5889,-0.0407
285730,-0.36,-60.2021,-64.7793,-181.3877,-137.523,1.8043,-1.8838
285750,-0.46,-0.1285,-0.5166,-0.122,-3.987,0.2502,-0.0124
285760,-3.93,0.6283,0.3207,0.1162,0.2977,0.083,-0.011
285770,-2.58,0.5878,0.9865,6.187,6.505,0.2362,0.2572
285780,-5.41,-8.3564,-12.0514,-32.9004,-4.6381,0.5407,-0.0407
285790,0.0,0.0441,-0.001,0.8523,0.1241,0.1618,-0.1654
285800,-0.46,1.4177,-0.426,0.0747,-0.3569,1.2751,-0.4123
285810,-0.17,-0.1518,-0.0017,0.1512,0.1902,-0.2066,-0.7368
285820,1.45,-11.1267,-0.3987,-9.4019,-14.5326,0.0367,-1.9514
285825,0.74,-0.3469,0.0104,-0.2077,-0.129,0.6658,-0.0668
285830,-5.08,0.3501,-0.7065,0.5733,1.251,0.4781,-0.0407
285840,-3.3,-0.8159,-15.0316,-15.4124,-26.5974,-0.0008,-0.3526
285850,-0.01,2.4023,0.0082,0.0428,0.1134,0.8011,-0.0785
285860,1.72,0.5923,0.7697,4.0639,0.0117,0.7823,-1.2746
285865,2.09,-1.5276,-0.075,-0.0973,-0.332,0.0542,-0.2587
285870,1.74,0.0387,0.0933,0.2348,0.2307,-0.0918,0.4983
285880,1.52,-0.32,-0.7147,0.2454,-0.0076,-0.9364,0.1517
285895,-3.66,-0.2579,-0.0029,-1.2344,-1.3106,0.5051,-0.7254
285920,1.21,-1.039,-0.8595,-2.0624,-3.9354,0.2739,-0.0777
285930,1.11,0.6367,0.0437,0.5824,1.1286,0.0278,-0.9038
285940,-0.2,0.3776,-0.2246,0.4389,0.0915,-1.2129,-0.1769
285950,-0.44,-1.307,-6.1574,-6.16,-4.0244,0.1523,0.4511
285970,-4.01,-32.5134,-62.0337,-21.8894,-24.6257,0.1906,0.1418
285980,1.34,-0.6172,-0.0863,-0.8524,-0.6141,-0.2301,-0.3335
285990,-2.97,-3.2465,-17.8187,-16.1769,-24.8621,0.6676,-1.0262
286000,0.75,-0.2403,-0.0248,-0.2734,-0.54,-0.154,-0.4623
286010,1.11,-4.4822,-11.8584,-6.238,-2.4586,-0.0165,-0.6006
286020,-0.78,1.084,-2.9536,-0.459,-0.3853,-0.2306,0.6709
286030,-1.9,8.3389,0.5741,0.0001,-0.0052,0.7219,-0.0214
286040,0.7,0.2112,1.2808,2.2722,1.9626,0.3678,-0.6001
286050,-5.15,-3.9559,-3.2574,-15.6625,-7.9579,0.6503,-0.0517
286060,0.46,-1.7122,-5.8114,-8.2725,-6.2798,0.4013,-0.8425
286070,-3.36,1.5647,-0.6256,2.5589,-0.1452,0.53,0.0704
286080,-4.92,-7.8663,-45.3552,-38.5389,-31.5777,0.5491,-0.0407
286090,-1.55,-38.1917,-9.4836,-12.4917,-5.6532,1.9236,-1.0972
286100,1.94,-0.3838,-0.216,-0.4854,-0.0405,0.1571,-0.7597
286110,0.32,-0.2187,-1.3254,-0.5056,-1.718,0.2109,-0.2344
286120,1.15,-0.01,-1.1278,-3.6739,-2.307,0.3726,-0.5696
286130,1.1,-0.2384,-8.1641,-2.5489,-7.575,0.7366,-2.221
286140,-5.4,-1.0653,-0.0062,-0.0115,0.0119,0.5486,0.0236
286150,0.11,0.0044,0.089,0.3277,0.353,0.1647,-0.4394
286160,-1.725,0.1247,-0.0072,0.0285,-1.058,-0.1513,0.0727
286170,-2.82,0.0017,-0.6719,-2.1135,-2.2457,0.1337,-0.0897
286180,-4.9,-3.8417,-9.7527,-7.1377,-6.7445,0.5222,-0.0407
286190,-3.74,0.0807,-3.1609,-3.549,-2.1799,0.9551,-0.2326
286200,-0.34,-0.0595,-0.0036,-0.0,-0.9638,0.1612,-0.6821
286210,-4.79,0.1287,0.1463,0.5353,0.9376,0.4948,0.0267
286220,0.53,-0.0123,0.3363,0.2014,-3.4607,0.7734,0.0508
286230,-1.94,11.8069,10.7803,21.7717,3.8442,0.5627,-0.3965
286240,0.28,-10.0789,-1.1628,-0.8951,-1.0011,-0.9386,-0.1745
286250,1.38,-0.0247,-0.1591,-0.0664,-0.0314,0.3219,-0.9574
286260,-1.38,-0.4623,-2.082,-0.0005,-1.8727,0.3549,-0.3038
286270,-1.83,-0.0002,-0.5812,0.021,0.0606,0.7909,-1.0322
286410,-4.06,-7.8111,-2.3309,-2.6489,-1.7396,0.5393,-0.1467
286420,-1.78,22.9775,2.4043,1.3881,0.4873,0.6574,-0.0692
286430,-0.41,0.0,-3.2307,-0.7394,-3.5992,-0.5108,0.5859
286440,-4.01,0.0411,0.0217,0.0277,-0.0185,0.6596,-0.2852
286450,2.58,1.0521,3.2466,0.3887,0.7128,0.2047,-0.3355
286460,2.13,-0.0336,-1.0838,-0.3247,-0.3746,-0.1479,0.0906
286465,2.04,-0.0096,-0.9845,-1.0906,-2.4157,-0.2942,-0.2659
286470,-1.74,1.0127,-6.0504,1.8813,-1.0009,0.5084,0.3682
286485,2.33,0.0299,-0.0416,-0.0567,-0.0248,-0.0928,-0.3188
286490,0.69,3.4235,-0.0233,0.3966,-0.8324,0.8928,-2.4927
286500,-1.52,24.1703,32.3739,56.7244,14.5553,1.2243,-0.1974
286510,-2.04,-0.3217,-0.3781,-0.8096,-0.0224,0.8144,-0.3856
286520,-1.08,-0.2212,0.0355,-0.178,-1.058,0.599,-0.0407
286525,1.96,-11.0429,-5.9331,-12.3381,-13.8913,-0.1919,-0.2298
286530,-2.82,-0.0716,-1.0964,1.7939,-0.055,0.8297,-0.3049
286540,1.45,-0.0016,0.0493,-0.4347,0.0173,-0.1971,-0.3144
286550,-3.44,-1.8345,-0.5361,-0.8919,-0.0775,0.4313,0.5219
286560,-5.04,-3.2903,0.1137,0.0022,0.1444,0.8206,-0.1908
286570,1.01,-0.5052,0.0022,-0.7395,-0.4476,-0.002,-0.6283
286580,1.38,0.0352,0.0104,-0.0136,-1.1442,0.6147,0.1581
286590,1.34,0.0002,0.17,0.0113,0.0319,-0.0619,-0.4465
286595,1.51,8.4316,0.394,1.104,0.5432,0.9074,-0.884
286600,0.43,31.7638,2.8057,10.644,3.2191,2.4396,-1.0764
286610,-4.23,-1.2398,-4.7939,0.0284,-28.4092,0.3252,-0.0407
286620,-4.31,-11.501,-10.3614,-20.5861,-18.9768,0.4994,-0.0596
286630,1.57,0.0131,-2.8258,-1.9536,-1.631,0.7931,-1.3596
286640,-3.25,-0.307,0.9535,6.1528,-2.4026,0.4401,-0.0407
286650,1.41,-1.0225,-22.3586,-19.5407,-8.9244,1.3394,-2.0045
286660,1.08,-0.3771,-0.7771,-0.8666,-0.4509,0.3882,-0.5169
286670,0.42,-0.006,0.0882,0.1371,0.0645,0.1954,-0.038
286680,0.95,0.666,-0.096,0.0018,-0.0144,0.3164,-0.6935
286690,-4.14,-0.0516,0.6979,0.5935,-0.0165,0.4516,0.0494
286710,-1.94,0.1243,0.0205,0.0116,0.0407,0.727,-0.2684
286720,1.1,-1.0514,-1.5503,-2.3774,-2.8526,-0.0351,-0.7837
286730,-3.47,-5.1896,-3.0136,-18.6001,-37.7951,0.784,-0.2889
286735,0.89,0.036,-0.0846,-0.1183,-0.0007,-0.2062,-0.0998
286740,-1.49,0.0344,0.0071,0.3788,0.0033,-0.7621,0.3067
286750,0.51,0.3772,0.4652,1.9323,0.7045,0.2935,-0.2503
286760,0.41,1.7782,0.0385,0.1025,0.0,0.4901,-1.2768
286770,1.41,0.2816,0.1833,0.7966,1.5103,-0.2954,0.2909
286778,0.16,0.6663,1.61,0.0667,0.0736,-0.3374,-0.3349
286782,-1.44,0.0037,0.01,-0.7016,-0.0766,-0.0302,-0.3218
286790,-3.2,-32.1871,-53.3799,-63.886,-14.587,0.9508,-1.2355
286800,-0.59,-0.0584,-0.0356,0.1877,0.001,1.1648,-0.5115
286810,-0.12,-7.2261,-4.6716,-4.3512,-11.6484,0.7792,-0.1439
286910,-0.71,-4.4046,-6.0439,-5.2301,-1.7822,-0.3415,-0.0251
286920,-5.1,-0.0634,-1.7404,0.0004,-4.3365,0.5889,-0.0407
286928,0.54,-3.3159,-5.3668,-1.7511,-3.2352,0.5021,0.1834
286932,-0.65,0.2831,-0.0012,-0.3079,-2.1222,0.6702,-0.4482
287040,-1.1,-0.0043,-0.0536,0.0012,-0.1928,0.9314,-0.8745
287160,-2.08,-14.2506,-43.2195,-31.2798,-39.1402,0.0856,-0.636
287170,-1.21,-5.6148,-3.8722,-4.1719,-4.5717,-0.4927,-0.4169
287180,-4.54,-0.5463,-0.1302,-0.2044,-0.0529,0.2068,-0.8407
287200,-0.99,-1.0275,-3.2154,-3.1963,-3.722,-0.202,0.1382
287210,-5.77,0.0484,-0.1435,-0.2283,0.0844,0.5117,-0.0017
287220,0.51,-0.8197,-7.6151,-3.5376,-5.4035,-0.3228,-0.1896
287230,1.23,0.0046,-17.5561,-0.6701,-4.9168,0.5112,-0.3438
287235,-0.2,-5.7609,-0.2332,-3.9362,-0.9297,0.3654,-0.76
287240,0.13,0.2062,0.5673,0.3313,0.0017,-0.0175,-0.3995
287250,-0.63,-0.0018,-0.0192,-0.0067,-0.0004,-0.0228,-0.2677
287260,-0.47,-1.1341,-6.2679,-4.8253,-1.3367,0.6991,-0.5814
287270,-3.7,0.368,0.0264,0.0192,0.0526,0.6902,-0.1146
287430,,0.0002,-0.4055,-0.1816,-0.1923,,
287460,,0.0739,0.0317,0.0028,0.5976,0.0983,0.0008
287480,-3.03,-18.5387,-41.5327,-15.0802,-27.2868,0.7021,-0.2349
287490,1.15,-0.192,-2.1118,-2.3142,-2.6008,0.2306,-0.7998
287500,-4.89,-1.4899,-3.8702,-5.6426,-33.7705,0.5869,-0.1602
287960,1.97,-0.2828,-1.0294,0.0006,-0.6182,-0.0609,-0.2771
287970,-4.59,0.3232,3.5526,3.939,4.6883,0.3546,0.1558
287980,-3.15,-1.8427,-18.6504,-2.6286,-6.1162,0.6854,-0.4608
287990,-0.58,0.1513,0.1889,1.3332,-0.0897,-0.1093,-1.4755
288000,1.73,-9.7064,-4.2763,-6.2537,-2.6843,0.5678,-0.1768
288010,1.79,-8.1116,-5.5948,-3.1237,-1.3209,-0.2474,-0.3999
288020,1.16,-0.4868,-0.5164,-1.3744,-0.1479,0.0266,-0.1976
288030,1.43,0.6563,-0.0498,0.2236,0.8067,0.9551,-1.4972
288040,-4.31,-0.2409,-56.9922,-84.3649,-33.99,0.4612,-0.0407
288045,-0.73,-0.2476,-1.152,-0.9412,-0.6075,0.1854,-0.1622
288050,0.42,0.3157,-0.0296,0.0076,-0.316,-0.0161,-0.7531
288060,-3.31,-0.3898,-1.1567,-5.4444,-15.7576,0.8037,-0.3243
288190,-3.12,-0.4268,1.1705,0.8954,0.5351,0.464,-0.0407
288210,-2.14,-14.1473,-5.4114,-6.8681,-2.1194,1.9532,-1.9195
288220,0.5,-0.0002,-0.0558,0.0012,-0.2623,0.0697,-0.5632
288230,-1.28,-0.0001,-0.1662,-0.0002,-0.0602,0.3949,-0.634
288240,-1.33,-0.2039,-5.3829,-2.2665,-0.4175,1.1031,-0.2239
288245,0.68,-0.6645,0.004,0.5168,0.0124,-0.4073,0.6311
288250,-0.98,0.2143,-7.0369,2.3911,-0.198,0.5304,-0.1351
288260,-2.49,-0.093,0.0424,-0.2906,-2.0142,-0.1157,0.8338
288265,0.89,0.0026,-0.0259,-0.3053,-0.2946,-0.2155,0.1838
288270,-3.14,-8.4744,-47.9391,-43.8715,-22.6436,1.0145,-0.3664
288280,-2.7,-0.0004,-1.2926,-5.0639,-1.4828,0.7177,-0.8617
288290,-4.28,-0.134,-4.0118,-0.746,-7.3767,0.3507,0.076
288300,1.78,0.1222,0.0008,-0.0719,-0.0207,-0.0381,-0.6416
288310,0.88,-1.1369,-2.8506,-1.4786,-1.7784,-0.114,-0.1294
288320,1.49,-0.1809,-0.3772,-1.2219,-10.9792,-0.2303,-0.497
288330,-1.83,5.2362,1.2671,0.5754,1.2221,0.6204,-0.6549
288340,-0.46,0.595,0.6379,9.6136,1.3904,0.6577,0.7739
288350,-5.41,-0.4649,-2.3046,-0.6915,-15.3751,0.4534,-0.0407
288360,-4.56,-6.1603,3.4004,0.0529,0.693,0.5384,-0.0407
288370,-2.17,-1.7186,-3.0442,-0.214,-0.3803,0.4028,0.271
288380,-4.32,3.7656,2.8218,0.1403,0.1677,0.5025,-0.0407
288390,-1.93,2.7592,2.8602,10.9899,12.2643,-0.1241,-0.1509
288400,-5.15,0.1224,0.0159,0.0102,0.0245,0.6734,-0.3654
288420,-1.03,-10.3283,-6.5339,-10.8647,-4.1562,0.5534,-0.0305
288440,-0.37,0.7282,1.4546,1.3707,1.2695,0.6328,-0.2908
288450,1.36,1.5798,0.0512,0.0393,-0.0308,-0.2567,-0.4514
288455,0.62,-0.0377,-0.0335,-0.1167,-0.0109,-0.1555,-0.8656
288460,-0.85,46.8862,27.3707,62.199,44.8058,0.2887,-0.2714
288465,1.75,-0.0493,-0.0439,0.0066,-0.008,-0.1941,-0.2807
288475,1.27,0.0138,-0.2382,-0.0025,-0.0207,0.0684,-0.226
288500,-0.79,40.8041,0.0294,3.2659,0.1034,0.6127,-0.2141
288510,0.48,0.0226,-0.1087,-0.0849,-5.0648,-0.5193,-0.9042
288520,0.65,-1.0643,-2.2868,-3.5182,-2.7703,0.6116,-0.49
288530,-4.38,-2.4729,0.3993,0.0455,0.3784,0.7065,0.1218
288540,-3.68,-0.2464,-16.8789,-0.3122,-4.376,0.2627,-0.0529
288550,-0.05,-1.2438,-7.9992,-1.6011,-11.0558,0.4031,-0.1209
288560,-0.29,11.0554,1.6712,12.3065,0.8472,1.6052,0.3105
288570,-4.6,-3.9584,-3.4367,-5.0993,-5.4598,0.6612,-0.3961
288580,1.76,-6.4861,-2.7834,-1.0987,-1.2688,0.5466,-0.9929
288590,1.09,0.0019,-0.0058,-0.1079,-0.3494,-0.0772,-0.7192
288600,2.23,0.0359,0.465,1.917,4.0622,0.175,-0.447
288610,-3.89,-1.9928,-1.6868,-23.2141,-23.2604,0.2822,-0.0407
288620,-3.94,-3.9377,-1.3683,-5.8361,-3.3721,0.5265,-0.1118
288630,1.92,0.1915,0.1409,1.5441,0.0489,0.1799,-0.5568
288640,2.29,0.8527,8.9356,6.313,0.8272,-0.042,0.1023
288650,1.75,-144.6928,-73.3311,-26.8629,-41.5593,0.1573,-2.3762
288670,-0.62,-0.1579,-0.0007,0.038,-0.2277,0.4456,-0.1972
288680,0.26,0.0157,-0.059,0.8369,-0.0763,0.1363,-0.4637
288685,-2.92,0.0055,-3.4523,-0.0682,-2.0344,0.6012,-0.0508
288700,-4.66,-0.0314,0.0278,0.1266,0.0013,0.4164,-0.0283
288710,-2.59,-11.0032,-4.1959,-6.5648,-12.4333,0.4756,-0.0407
288720,-5.3,2.388,0.888,0.0179,0.4507,0.492,-0.0407
288730,-0.09,-0.0375,-0.0118,0.014,-0.8782,-0.1194,-0.4264
288740,0.26,-7.4275,-0.3592,-0.7177,-2.0362,0.9005,-1.1078
288750,-4.04,11.3239,1.1058,0.9535,0.7627,0.38,0.0955
288800,0.51,18.2989,-0.8215,-0.4432,-0.578,-0.1246,-1.333
288820,0.5,-0.0149,0.0075,-0.0104,-0.012,0.231,-1.4438
288830,-0.88,-0.1514,-14.1697,1.1017,-12.4304,1.0737,-0.6038
288840,1.66,0.1551,0.0136,-0.0445,-0.0154,-0.1128,0.0511
288845,1.13,3.3865,4.4339,3.2534,0.4384,0.1274,-1.3143
288850,-0.61,-64.4676,-3.5376,-0.2716,-9.0268,0.355,-0.689
288860,-4.09,-0.0006,0.02,0.0094,0.0438,0.3731,-0.0407
288880,-4.6,-0.9551,-34.3265,-11.8464,-9.5546,0.6511,-0.346
288890,-3.13,-1.6864,-0.3722,-0.2665,-0.1093,0.4505,0.1811
288900,-3.66,-2.1338,-0.4477,-0.1458,-0.2282,0.5256,-0.0407
288910,0.02,-0.1001,-1.7034,-0.9273,-0.9806,0.3709,-0.627
288920,-0.92,-23.9767,-16.6416,-29.298,-12.7655,0.961,-1.5188
288930,-6.23,-7.449,-5.2769,-3.7251,-4.9328,0.5165,-0.1764
288940,-4.82,0.0024,2.6048,1.4431,1.7618,0.4712,-0.0407
288945,1.02,-0.012,0.0283,-0.0089,0.0005,0.3827,-0.9746
288950,1.92,-3.069,-3.5458,-1.1069,-0.406,-0.449,0.0633
288960,1.39,-0.017,-0.0013,-0.5438,-0.8253,0.3787,-1.1384
288970,0.44,-0.2236,-3.9398,-4.1037,-4.8773,0.9331,-0.2065
288990,-2.59,0.0152,-0.329,-1.0755,-2.7256,0.167,-0.1587
289000,-3.93,-0.3424,-1.2609,-0.1309,0.5796,0.4705,0.2895
289010,-4.52,-7.8848,-6.5461,-0.5679,-4.0276,0.673,0.0562
289020,0.07,-0.2575,-1.062,-0.0962,-1.657,0.5297,-0.3153
289023,0.55,0.0006,1.0568,0.0347,0.154,0.1291,-0.1802
289027,0.31,-0.7523,-0.6653,-1.5126,-1.4395,0.107,0.3563
289030,1.03,-0.0093,0.0106,-1.207,-0.9749,0.0736,-0.2685
289040,-0.3,-0.4159,-1.2562,-0.6767,-0.5775,0.231,-0.4042
289050,1.42,-0.0614,-0.1181,0.0102,0.2089,0.1829,-0.2718
289060,1.04,-0.4085,-0.4113,-1.428,-0.3963,-0.1574,-0.1904
289070,-3.25,-5.476,-7.6698,-8.8266,-18.558,0.3556,-0.0407
289080,-4.36,0.1722,0.1588,0.5222,0.8348,0.4832,-0.0407
289090,0.55,-5.0408,-18.1832,-4.6819,-5.2969,-0.7389,-1.2133
289100,-3.25,-45.3448,-16.4924,-20.0852,-26.7361,0.1838,-0.1377
289110,-0.27,-0.1837,0.0978,0.4612,1.3876,0.6617,-0.0656
289120,-3.8,-8.6248,-11.1969,-11.2136,-15.5622,0.1104,-0.4148
289130,-0.73,0.4271,0.1815,0.0419,0.0134,0.1037,0.0986
289140,-1.9,0.5813,-0.1337,-0.0058,0.0006,-0.232,-0.074
289150,-1.54,-0.0284,-2.8644,-3.4612,-3.9976,0.3872,-0.4422
289160,1.46,-0.0086,-0.2719,-0.8153,-0.3277,0.2735,-0.1007
289170,1.07,-0.8649,-0.1323,-0.6321,-0.1103,0.5559,-0.4455
289180,1.28,0.1532,0.069,0.3072,-0.0074,-0.048,0.1361
289190,-3.82,0.0994,-0.0132,-0.1525,0.0841,0.5603,-0.0407
289200,-3.43,-2.8464,-2.4258,-0.5143,-9.0846,0.925,-0.313
289210,0.03,-0.0655,0.0006,0.1899,-0.1549,0.6947,0.2112
289216,0.3,-0.3858,-4.9626,-4.1947,-5.4778,0.7845,-0.8867
289218,0.44,0.0539,0.006,-0.543,-1.3213,-0.1689,-0.0714
289222,-0.11,-1.5731,-8.7233,-0.1245,-1.9429,-0.0308,-0.0697
289230,-4.67,-4.2668,-5.2353,-8.3139,-7.1524,0.599,-0.0407
289240,1.33,0.276,-0.0398,0.4582,-0.017,-0.1096,-0.4266
289250,-2.62,0.0806,-0.0779,-0.2935,-0.0029,0.2287,-0.0665
289260,-0.81,-0.0679,0.387,0.7525,-0.045,0.1646,0.4239
289270,-0.34,-0.0025,-1.3264,-2.843,-2.504,-0.0578,-0.7973
289273,-0.03,-0.4719,-12.6529,-2.4991,-3.2464,0.0237,-0.1409
289280,-0.82,0.1523,-1.4729,-1.3286,-2.5248,0.2388,-0.4199
289290,-2.01,-21.0094,-26.1692,-15.3036,-12.1497,1.7706,-0.6161
289300,-5.07,-4.4396,2.5585,0.0495,0.5356,0.505,-0.0407
289310,-4.44,0.2059,-25.2516,-0.1342,-1.2308,0.4946,-0.1565
289320,-0.97,14.3234,7.2287,5.6998,4.2108,2.259,-1.2851
289330,-4.51,0.021,-0.9197,-1.8084,-0.0182,0.3222,-0.0405
289340,-0.11,0.1826,0.4844,3.4802,6.2629,0.7623,-0.2239
289350,0.35,1.3183,0.0472,-0.0069,0.1167,0.2656,-0.502
289360,1.09,9.5396,8.5311,4.7416,5.1995,0.3152,-0.8199
289370,2.7,0.004,1.2751,1.9129,2.5435,0.0798,0.0325
289380,-4.8,-0.5423,6.7169,0.1206,0.6734,0.5695,0.1311
289490,-2.46,-112.238,-26.7664,-15.7963,-36.1585,0.4769,0.6084
289510,-3.97,23.5921,0.756,1.5278,0.2814,0.2774,-0.0407
289520,-4.87,-23.9168,-0.765,-1.0064,-0.2378,0.4125,-0.1134
289530,-4.38,1.4772,2.4953,0.6686,1.0655,0.4519,-0.0407
289540,0.19,-42.629,-0.0033,-0.6044,-3.0192,-0.2217,1.0549
289550,-4.35,-0.8947,-0.8936,-2.7338,-1.5697,0.5062,-0.2508
289560,-3.47,-10.6574,-64.0631,-39.2175,-26.3123,0.1524,-0.2921
289570,-1.7,-1.1461,-2.2479,-2.4386,-3.0933,0.4068,-0.4252
289580,1.18,-1.7639,-3.2833,-4.6737,-13.2501,0.6285,-0.5132
289590,1.7,0.1189,0.1132,-0.0664,-0.0681,-0.0874,0.0589
289600,2.28,0.8582,1.4716,1.3673,0.606,-0.1846,0.1307
289610,2.07,-0.163,-4.8741,-4.1897,-3.8606,-0.5734,-0.1168
289615,1.59,0.089,-0.2961,-0.0164,-0.3632,0.0854,-1.2406
289620,0.95,-0.057,0.165,0.3001,0.0028,1.9215,-1.1123
289630,1.98,0.0123,0.0025,-0.0025,0.0626,-0.0186,-0.3577
289640,-3.38,-2.6447,-0.1928,0.0763,-0.4823,0.2966,0.0323
289650,1.9,8.4129,-0.0739,0.0543,-0.343,0.1422,-0.1029
289660,1.85,0.2414,-1.3038,-0.0763,-0.6408,0.0334,-0.3593
289670,0.72,0.3111,-0.2679,0.0326,0.0013,0.0794,-0.2829
289680,-3.58,0.4516,0.0274,0.3255,0.055,1.1919,-0.2119
289690,1.38,0.1681,0.3349,0.2552,-0.0312,-0.0179,-0.1697
289700,-3.99,-43.295,-34.072,-60.8623,-60.8155,0.1183,0.1769
289710,-5.29,8.1076,0.0791,0.0773,2.3277,0.5944,-0.1525
289720,1.21,-0.25,-0.7723,-0.8367,-1.1418,0.4499,-0.8035
289730,-3.24,-1.5245,-7.3622,-14.7782,-21.1743,0.7606,-0.4934
289740,1.21,-0.2635,-0.0336,-1.266,-1.1623,-0.1606,-1.4384
289745,1.93,0.0037,-0.4921,-0.0733,-0.0199,-0.0418,-0.284
289750,-4.59,-12.8916,-4.9583,-17.7324,-6.6047,0.4447,0.2312
289760,-1.81,31.9834,0.2182,12.3352,0.0335,0.5233,0.0645
289770,-5.03,-0.1449,-37.1432,-30.3632,-16.8332,0.5889,0.3324
289780,-1.14,-3.566,-4.3236,-2.4102,-1.7636,-0.0855,-0.0623
289790,-5.13,-2.7381,-14.2429,-11.7102,-5.0218,0.2672,0.0357
289800,-3.23,-26.5549,-26.6561,-27.851,-5.9865,0.4489,-0.0064
289820,-1.14,-1.6873,-1.1455,-5.3899,-1.8672,-0.1171,-0.3383
289830,-4.89,13.7795,7.2266,5.8986,7.0475,0.4478,-0.0508
289840,-2.53,0.0541,-0.1608,-0.5446,-0.0253,-0.0744,-0.2461
289850,0.96,-0.0932,-1.3706,-2.5284,-1.9356,-0.0693,-0.8718
289860,1.42,0.0033,0.0333,0.7634,0.0178,0.1026,0.8765
289870,1.64,-0.0823,-0.2228,-0.0782,-0.4606,-0.132,-0.4679
289880,1.8,-1.8104,-2.3387,-1.8936,-1.0998,0.658,-1.5396
289890,-4.52,-5.2614,-18.9952,-7.7069,-4.9318,0.2109,-0.469
289900,-2.61,1.899,1.2803,0.6022,0.4987,-0.0403,-0.1439
289910,-1.94,4.5115,-2.298,-3.0282,-0.7738,-0.2027,0.1892
289920,1.39,-7.2528,-0.0087,-0.3822,-2.8798,0.4281,-1.0219
289930,0.79,0.0204,0.0574,-0.0777,-0.28,0.1589,-0.0307
289940,-4.6,-0.0006,0.2213,-0.3804,-0.0235,0.4896,0.0121
289950,-4.01,-0.9174,-0.4544,0.0482,-0.4749,0.6758,-0.1276
289960,0.03,-0.7733,-31.568,0.0227,-10.7786,-0.4044,0.3131
289970,2.08,-5.8966,-0.8969,-0.2614,-0.1156,-0.0984,-0.0177
289980,-0.13,93.1293,85.9887,210.1304,46.16,-0.0144,0.1426
289990,-0.65,18.2139,0.4413,0.1445,0.5673,1.3573,-1.071
290000,0.74,0.0006,-0.1313,-0.0041,-0.0656,0.567,-0.7756
290005,-3.7,-2.9897,-7.76,-1.9221,-0.4358,0.6259,0.6779
290010,1.18,-0.0709,0.0498,0.1339,-0.081,-0.3883,-0.4911
290020,-2.5,2.7347,-0.1225,0.2812,-2.6692,0.1946,0.1642
290030,-3.88,-10.2168,-18.031,-10.6927,-36.5082,0.5695,-0.0498
290040,1.34,-6.0606,0.0034,-0.0326,-0.0024,-0.2142,0.0109
290150,-0.07,2.019,1.3786,2.4725,1.5699,0.3795,-0.326
290160,-3.67,23.0555,-0.3086,-2.8391,1.6687,0.4218,-0.0407
290170,-5.02,-0.5365,-0.703,-0.2498,-0.0429,0.5087,-0.0305
290180,-3.53,-56.6914,-41.0174,-20.0799,-15.8146,0.5213,-0.0407
290190,-1.06,-1.2341,-0.3049,-5.8413,-5.4669,0.7609,-0.5124
290200,-0.87,0.1695,0.1573,17.239,0.8216,0.5885,-0.1437
290210,1.68,0.0178,0.284,-0.1103,-0.4584,0.0993,-0.1321
290225,-1.69,-0.0269,-0.0663,0.4002,0.5851,0.1766,0.3186
290240,-0.4,-0.0002,0.0385,0.0234,0.0185,-0.0178,-0.2687
290250,1.53,-0.0237,-0.0509,0.0597,0.2974,0.1019,-1.1554
290260,0.42,-7.6297,-8.7523,-8.6668,-3.9796,-0.3182,-0.8837
290270,0.75,-0.0071,-0.0476,-0.2183,-0.6721,1.0022,-0.3599
290280,1.08,0.926,0.023,0.7399,0.5639,-0.0305,0.1093
290290,-4.25,0.0175,-0.1313,0.395,-0.4845,0.5415,-0.2045
290300,1.6,-0.1488,-0.0736,-0.3933,-0.8009,0.6342,-0.1184
290310,-3.75,-56.7379,-22.5159,-41.1012,-21.1134,0.4549,-0.0407
290330,0.3,3.7202,0.3193,-0.0018,-0.0074,-0.1871,-0.2506
290340,-0.93,-14.5885,-21.183,-23.9544,-11.4914,-0.0015,0.7281
290460,-4.72,0.0026,-0.2772,-1.009,-0.3626,0.6296,-0.1673
290570,-3.87,-1.3294,-0.0558,-2.6646,-0.0018,0.3883,-0.2569
290580,-0.75,0.1141,-0.0644,-0.7869,-0.7687,-0.1582,0.5575
290585,1.23,-0.0021,0.0315,0.3832,0.0428,-0.2638,-0.4334
290590,1.23,-3.9958,-0.8404,-4.2212,-7.5281,0.0271,-0.6038
290600,-2.03,-3.7848,2.1288,0.0328,0.4867,0.5037,0.0365
290605,-3.8,0.2286,0.303,0.0165,0.1601,0.5983,-0.0882
290610,1.91,0.321,0.5377,1.3452,3.8123,-0.4001,-0.4201
290620,-5.44,-10.5393,-24.584,-13.5462,-46.3368,0.7324,-0.0192
290630,-4.22,0.0027,-0.4868,0.001,-0.0,1.4321,-0.1777
290640,-0.29,-0.93,-1.7351,-0.3414,-2.4004,0.618,-0.4213
290645,-1.09,-26.0307,-29.9199,-23.4237,-39.3663,0.6559,-0.2114
290650,-4.07,3.1003,-4.3184,0.0003,-2.4599,-0.0346,-0.5978
290660,-3.91,-9.4382,-4.4974,-2.3613,-0.6636,0.7361,-0.3271
290670,-1.33,-1.1185,1.2168,0.0284,-0.0665,0.3628,-0.0856
290678,-0.6,9.1351,1.4919,0.5018,0.2417,-0.5878,-0.6821
290700,1.31,-44.2159,-36.8208,-3.6872,-16.8802,-1.0327,0.8368
290710,0.67,0.0021,-2.7422,-0.4998,-1.0625,-0.3209,-0.4137
290720,-3.3,5.2621,9.7675,10.5047,10.6474,0.4762,0.1721
290730,0.5,0.0142,-0.6624,0.1695,-0.3715,0.172,0.289
290740,-0.24,0.301,-2.1527,-0.0003,-5.2044,0.4409,-0.9543
290840,-1.87,-6.6364,-10.3083,-3.0946,-8.9302,0.8501,-0.6964
290850,-4.51,-28.8151,-3.1032,-4.0342,-6.9429,0.3354,-0.0305
290860,1.0,41.6987,17.9066,9.0596,10.58,-1.4989,0.4913
290870,1.83,1.914,-0.9111,-0.0319,-13.0467,0.1697,0.3719
290880,-2.11,-27.4205,-42.793,-13.1419,-36.8361,0.095,-0.11
290890,-0.01,-0.1349,0.3659,0.2786,-0.0432,1.0219,-0.5919
290900,-0.06,0.0657,0.057,0.0457,0.0609,0.9635,-0.0341
290910,-1.39,0.13,1.7279,1.373,0.5447,0.4813,-1.2032
290920,0.56,-29.6407,-1.0627,-0.9121,-7.5992,0.623,0.5041
290923,0.82,0.6217,1.7642,9.5909,7.1088,-0.0356,-0.1976
290925,0.8,-4.6862,-5.801,-8.2686,-10.5034,0.5847,-0.4301
290930,0.75,-1.2131,-2.2056,-0.1293,-4.413,-0.2769,-0.6997
290940,-0.5,-27.3062,-36.2465,-24.9532,-19.517,0.6813,-1.3124
290950,-4.77,0.1506,0.0102,0.02,0.052,0.4832,-0.0407
290960,-0.91,0.2285,-0.2846,-0.0992,-0.0016,0.5041,-0.7887
290970,-0.05,0.0963,-0.0172,-0.1556,-0.1698,0.118,-0.2088
290980,-0.62,30.4039,2.4925,12.0481,0.4293,0.8388,-0.5907
290990,-4.82,-22.463,-66.6025,-91.496,-83.3608,0.764,-0.2056
291000,-1.34,-50.8499,-2.9413,-2.6,-1.4948,0.4433,-0.0407
291005,0.42,-0.1888,-3.5822,-0.0003,-1.0179,0.0317,-0.9474
291010,-2.69,-56.3934,-33.1749,-21.7621,-53.7581,0.6344,-0.3199
291020,-1.83,0.0213,-6.8129,-0.5248,-0.7122,0.3451,-0.5219
291030,0.03,-0.0079,-0.3858,-1.4039,-1.0799,0.7867,-0.1521
291040,0.49,0.6672,3.2202,0.3139,0.0698,0.1783,0.8803
291050,0.04,-2.4222,-0.1334,-0.5465,-0.7191,-0.0452,-1.5127
291070,0.35,5.5155,4.4407,15.659,2.5692,-0.2029,-1.0147
291075,0.95,-0.0247,-0.3371,-0.7219,-0.2479,0.726,-0.246
291080,-4.81,0.0564,-15.4016,-1.3097,-3.7593,0.4098,-0.0407
291090,-0.81,-0.0097,0.1618,0.2935,0.9352,0.0597,-0.4455
291120,-4.42,-8.363,-27.8123,-8.9067,-5.2431,0.1761,-0.0841
291130,1.15,-0.234,-1.8429,-0.5796,-1.1711,0.2404,-0.0561
291140,-4.57,-3.1432,-1.9335,-6.3543,-2.1954,0.5914,0.2001
291150,0.0,-20.8657,-3.1677,-4.1858,-7.5867,0.5645,-0.3333
291160,0.06,0.0558,0.5119,0.029,-0.5777,-0.2147,0.3386
291170,0.22,-2.5288,-23.2309,-4.3852,-2.3924,-0.1656,0.0547
291180,-4.69,1.5051,0.2021,2.2281,1.5621,0.4161,0.0365
291300,-5.12,-0.006,2.2731,1.118,1.45,0.5242,-0.0407
291310,-5.45,-16.5175,-3.0779,-1.0121,-6.7455,0.5213,-0.2222
291320,-2.15,0.0118,0.0681,-0.3421,-0.0292,0.9861,-0.0284
291330,1.3,-0.3794,-1.5729,-0.1307,-0.1808,0.0813,-0.1552
291340,-1.67,-0.3155,-0.8644,-2.042,-1.9361,-0.4705,-0.6559
291350,-3.31,-3.0085,-22.3959,-11.7655,-23.2654,0.6615,-0.135
291590,-0.13,-0.0287,0.0092,-0.0003,-0.0357,0.0703,0.5447
291600,0.6,-0.001,0.5589,0.28,0.6085,-0.2214,-0.1207
291620,-3.8,-30.5427,-101.336,-44.3084,-28.5277,0.684,-0.1817
291630,1.35,0.3808,0.0517,0.0331,-0.0094,-0.5786,0.1124
291640,-1.47,190.6957,9.5618,99.2858,71.7186,0.5589,-0.1006
291650,1.42,0.0265,-0.1934,1.5846,-0.3163,0.7403,-0.8869
291660,1.62,-0.2732,-0.2727,-0.0172,-0.1812,-0.0988,-0.5697
291670,-2.52,0.0066,-0.3346,0.963,0.3762,0.4939,-0.1129
291680,-5.46,2.9477,-2.3833,-0.6437,-1.4848,0.5788,-0.0407
291690,-4.88,20.1372,-6.494,-0.0269,-29.1758,0.4832,-0.0407
291800,0.2,-0.0951,-13.084,0.0841,-0.1223,1.095,-0.2612
291810,-0.76,-2.2145,-12.5385,-0.3828,-4.4775,-0.0011,-0.5155
291820,-1.02,-5.2866,-5.3912,-1.9022,-13.5435,0.9689,0.7116
291830,1.33,-0.0052,-0.3319,-0.0234,-2.0462,0.7835,-0.3233
291840,1.48,-3.8419,-0.0138,0.0457,0.0631,-0.9556,0.5045
291850,-3.26,-0.1676,0.1897,4.1014,-0.1545,0.1822,0.0366
291860,1.95,-0.0001,-0.003,-0.2265,-1.1445,0.086,-0.4713
291880,1.77,-37.4837,-35.5095,-16.0092,-43.2524,-0.1415,-1.9379
291890,-0.76,65.8035,111.4544,169.2563,52.4251,1.755,0.1319
291900,0.39,-25.9987,-6.9853,-11.126,-8.5426,-0.2031,-0.3753
291910,1.75,-5.0563,-0.9438,-0.022,-0.1604,-0.1816,0.2672
291920,2.16,-0.3549,-0.952,-0.2079,-0.8074,-0.2144,0.3442
291930,-4.82,-0.0248,0.1069,0.0005,-0.0105,0.3724,-0.4413
291940,0.18,-0.0386,0.0184,0.0329,0.0016,-0.1337,0.2941
291950,-3.85,-0.7407,-2.2632,-1.3843,-0.5188,0.85,0.0588
291960,1.13,-0.3358,0.0104,0.0026,0.8126,0.2268,-0.8045
291970,0.95,-0.1423,-0.0174,-0.009,-0.2245,-0.6621,0.2181
291980,-1.94,-12.294,-11.3608,-9.7845,-13.3719,0.7061,-1.0657
292000,-4.88,-20.0165,-120.8436,-83.4367,-29.0921,0.5896,-0.1869
292010,-4.82,0.0176,-7.294,-4.2985,-5.5763,0.3788,0.1243
292020,-3.64,-3.3014,-4.2801,-5.4381,-1.6627,0.5459,0.0546
292035,-4.67,-0.0089,0.0007,-0.001,-0.0637,0.2357,-0.1534
292055,-0.68,0.5526,-0.0756,-0.0003,-0.394,-0.0506,-0.8385
292070,1.81,-0.0058,-0.0388,1.8802,0.0131,0.1231,-0.4821
292080,-3.73,-6.2344,3.7188,0.0356,0.6346,0.3036,0.1616
292100,1.72,-0.0194,-0.5025,0.3689,-1.4914,-0.4706,0.2275
292110,1.31,-0.0353,1.5213,0.6664,0.1961,-0.4609,-0.0949
292120,-0.04,-0.0051,-16.4135,-7.6412,-7.9778,-0.449,-0.0543
292130,-2.39,-0.0218,-0.0124,0.0027,0.693,0.193,-1.0399
292140,-2.99,0.3408,3.906,3.9887,4.971,0.767,-0.8659
292150,1.22,-1.5415,-1.6821,-1.1988,-1.3279,0.0166,-0.1239
292160,-4.06,-17.7348,-4.0452,-6.5897,-3.1794,0.2975,0.2587
292170,-4.83,0.1642,0.1543,0.492,0.7953,0.4792,-0.0407
292190,-5.68,0.0568,-0.5789,-1.6072,-4.541,0.5621,-0.1879
292200,-3.38,-13.2404,-18.9737,-11.2605,-28.5695,-0.3944,-0.4567
292220,-4.39,0.1622,-5.2874,-1.5221,-1.7118,0.4766,-0.6062
292235,-1.79,0.0023,-10.8626,0.0132,-0.8151,0.3986,-0.5739
292245,-4.54,2.8164,0.1596,0.4137,-0.0917,0.5696,-0.0059
292250,1.28,0.0029,-0.0013,0.0377,0.4308,0.0375,0.0304
292260,0.48,-0.0175,-0.4741,-0.7711,-2.9584,0.1687,-0.1613
292270,0.66,0.0794,-0.3646,-0.0531,-0.0011,-0.0149,-0.3384
292275,,-1.0255,-0.712,-0.0724,-0.0144,0.599,-0.0407
292280,,0.2884,1.0485,0.4321,0.3731,,
292290,-2.12,0.0296,-0.0557,0.2105,-0.0082,1.1181,-1.021
292300,-1.53,-0.1181,-17.6395,-3.3039,-9.0252,-0.0507,-0.6733
292310,-5.16,-1.1369,-0.0325,-1.5117,-0.5173,0.3788,-0.0407
292320,-1.16,0.1688,-0.1897,0.5127,-0.0768,-0.2116,-1.0384
292325,0.64,-0.0056,0.0788,0.102,0.0039,0.4983,-1.0886
292330,-4.01,-60.1694,-7.7328,-15.0593,-19.0369,1.183,-0.0891
292335,0.13,0.1724,-0.4138,-0.0026,0.0002,-0.1873,-0.2273
292340,0.75,-1.4131,-3.8992,-0.068,-0.3954,0.1785,-0.7227
292350,0.92,-1.325,-2.3207,-1.6071,-2.7909,0.7593,-0.6083
292360,-3.55,-7.5137,-9.3352,-5.472,-27.4597,0.4755,-0.0543
292375,0.08,0.0017,0.0001,-0.0029,0.0061,-0.8678,-0.0851
292390,,-0.0319,-0.1003,0.0001,-0.4114,,
292600,,-2.7645,-0.0346,-0.0123,-0.0232,,
292920,-2.89,0.0574,-2.241,0.026,-9.3908,0.2864,0.2943
292935,-0.91,6.9481,8.3098,11.5231,6.124,-0.2212,0.045
292950,-2.58,-0.9036,-1.9913,-0.3768,-14.7006,0.932,-1.0883
292960,0.51,0.2228,0.214,0.4064,0.2553,-0.2462,0.415
292975,-5.0,-0.2808,-3.2083,-1.8742,-6.5951,0.7384,-0.3139
293000,-2.53,-3.1041,-3.1165,0.0383,-1.8883,0.3607,-0.6652
293010,-0.07,-0.0701,-0.0343,-0.1636,-0.491,0.2669,-0.6995
293020,-1.8,-0.2375,-2.4065,-2.5935,-6.652,0.233,0.0847
293030,-2.32,0.1242,-0.2521,0.0653,-0.0673,0.3873,-0.839
293040,0.31,-0.119,-14.7664,-2.0069,-3.1101,0.6982,-0.0418
293050,-3.88,-27.2149,-4.335,-4.292,-6.1271,0.338,-0.238
293060,-0.12,-1.8483,-0.052,-1.0144,-1.7761,0.7536,-0.8977
293170,-2.61,7.8277,0.0045,-0.2748,-1.3679,0.9968,-0.9277
293180,1.34,-2.2738,-2.9833,-6.2545,-3.7996,0.7729,-0.6614
293190,1.18,-0.0002,-0.13,-0.0356,0.0205,-0.2181,-1.129
293200,-2.68,10.4875,0.5319,0.5982,-0.1015,0.5111,0.0845
293210,-1.06,0.0004,0.004,-0.0007,0.0009,0.5086,-0.5266
293220,-2.06,3.3283,0.0006,0.0427,0.0525,0.5557,-0.4121
293230,0.43,2.3806,0.1013,4.8778,0.0025,0.0624,-0.4168
293240,-0.83,2.1023,0.1957,0.0877,0.0716,-0.7019,-0.6763
293250,-0.23,0.5592,-0.2941,1.8605,0.2074,0.4734,-1.4693
293252,-0.61,-0.0392,-0.0122,0.0062,-0.0058,0.0488,-0.2516
293254,0.27,-0.1598,-1.5143,-0.1191,-0.271,0.3519,-0.4278
293256,0.33,0.0047,-0.036,-0.0707,-0.4333,-0.4015,-0.2777
293258,1.39,-0.2759,-0.634,-0.9337,-1.8723,-0.4322,0.2039
293260,0.02,-0.8851,-1.5474,-1.3675,-2.5564,0.2353,-0.4397
293270,0.44,-0.0031,0.5804,1.9966,0.6133,-0.369,0.2169
293280,-1.84,0.0342,0.8499,0.3661,-0.0103,-0.1403,-0.0347
293290,0.85,-2.4394,-1.243,0.0727,-2.9669,-0.8664,0.5213
293300,-3.16,4.1871,0.0,5.5974,0.2743,0.6105,-0.0159
293310,-4.56,-10.2465,-0.1066,-1.9964,-0.638,0.4651,0.069
293320,-3.76,-7.2962,-8.0931,-3.256,-2.167,0.7695,-0.3371
293330,-2.24,-0.0236,-0.2591,-1.0976,-1.4528,-0.2069,0.5667
293340,-4.84,0.3103,3.2997,3.9017,4.4809,0.5604,-0.0407
293350,-0.2,-0.0167,1.0112,2.2082,0.9071,-0.232,-0.8624
293360,0.11,-2.399,-3.9371,-1.0418,-3.9678,0.0225,0.384
293368,,,,,,0.9669,-1.1245
293370,-5.07,-3.2685,-2.5838,-0.9744,-7.9454,0.3053,-0.0407
293372,-0.06,0.2409,0.0013,0.5767,-0.0654,,
293380,-2.39,-4.5926,-5.8906,0.0001,-13.0407,1.1343,0.034
293390,-2.99,2.0637,-25.3261,-3.2434,-4.3844,0.346,-0.1503
293400,-2.27,0.0065,-96.2319,-74.7524,-33.6195,0.11,0.0031
293410,-1.43,-2.4185,-9.5545,-2.0094,-17.5971,0.718,0.0735
293420,1.45,-1.3021,-3.1109,-1.6545,-4.1492,0.1333,-0.5138
293430,1.48,-0.2607,-0.0931,-0.5296,-0.6953,0.3926,0.244
293440,1.69,0.007,-0.0068,0.0907,0.3349,-0.2545,0.0458
293450,1.75,0.1239,-0.0048,0.4059,0.0604,-0.2003,-0.1086
293460,-0.11,-0.0713,-0.5824,-0.1776,-2.585,-0.5692,-0.5736
293470,1.52,0.0079,0.0227,0.2152,1.1376,-0.9918,-0.2635
293480,-1.55,-0.5833,-0.017,-0.2304,-0.315,0.6432,-0.1967
293490,1.14,-0.9495,-1.2554,-0.0992,-2.2834,0.0183,-0.3759
293500,-0.44,0.1955,-1.1352,0.0207,-4.5138,0.8501,-1.1996
293510,1.42,0.0,-7.3859,-2.8354,-10.5624,-0.3463,0.0191
293520,1.7,-0.83,-1.4532,-2.0704,-2.637,-0.173,-0.2143
293540,-0.02,-1.25,-0.2571,-0.1838,-0.4268,-0.4761,0.173
293550,0.1,-93.0532,-67.0242,-16.3757,-99.5336,0.4849,-1.0211
293560,0.54,-0.0478,-0.1087,0.0198,-0.1742,1.1977,-0.9085
293570,-4.25,1.1583,-0.4206,0.2913,0.0298,0.2606,-0.0407
293580,-4.84,-23.277,-2.3447,-4.75,-1.7975,0.4613,-0.0683
293590,-1.21,2.7309,-16.5001,-7.3612,-2.2861,0.9723,-0.6041
293600,-4.89,-14.2998,-8.9724,-7.9226,-10.4672,0.5572,-0.0407
293610,-3.76,73.4371,6.9213,1.4684,3.8462,0.599,-0.0407
293620,1.09,0.1234,1.9842,3.7942,4.3315,-0.2841,-0.3477
293630,-6.17,-1.5604,-5.85,-3.6686,-7.9,0.5794,-0.0407
293650,0.15,-0.5626,-0.9109,-1.6979,-2.2966,0.1636,0.0415
293660,-4.16,-0.3061,-29.9691,-3.586,-6.343,0.5966,-0.0484
293670,-5.68,14.2146,0.1249,3.0116,-0.038,0.2724,-0.0407
293680,-2.27,0.9071,-0.0314,-0.0529,0.0168,0.4012,-0.1647
293690,-4.58,-2.4942,-3.0824,-1.3156,-0.7788,0.5788,-0.0407
293700,-4.45,-6.5118,0.0054,-0.1404,-0.0115,0.4731,0.0931
293710,0.06,-42.8724,-52.9249,-45.2416,-77.4177,-0.1483,-0.357
293720,0.15,-1.1758,-0.846,-0.0429,-0.2115,0.5313,-0.8908
293730,-3.21,-2.3415,-1.4093,-2.7369,-0.9945,0.6051,-0.1068
293740,1.77,-3.8999,-2.2232,-6.2344,-3.7249,-0.586,-0.0671
293760,0.7,-4.4537,-4.5456,-3.2371,-7.3126,0.5983,-0.2339
293770,0.7,0.1084,-0.046,0.0054,-0.1996,0.0899,-1.132
293780,1.58,0.119,-0.156,-0.0039,-0.2208,-0.3336,-0.2093
293790,-0.73,-0.1425,-0.1298,-0.3056,-1.8339,-0.2309,-0.7184
293800,1.37,0.0966,0.1097,-0.0042,0.0104,-0.3121,-0.9868
293810,-0.6,-0.0596,-0.201,-1.6215,-0.8081,-0.1151,-0.9672
293820,-2.35,-74.8616,-58.8831,-19.7267,-23.7623,0.557,0.1179
293830,-0.38,0.5015,0.1642,2.6472,0.001,-0.5801,0.669
293840,-3.62,0.0018,0.0145,0.7945,0.0997,0.8054,-0.1415
293850,0.72,0.0003,-0.0059,0.0275,0.0031,-0.0244,-0.4267
293860,0.39,1.0434,6.3462,10.7694,9.6758,-0.354,-0.4335
293870,-4.53,-10.3621,-4.5989,-3.4903,-2.6512,0.7602,0.481
293890,1.73,0.0048,0.0289,-0.0238,-0.1743,0.2148,-0.3525
293900,0.1,-89.699,-182.6637,-117.97,-53.6616,0.7105,-2.2897
294010,-4.28,-9.396,-0.2626,-0.8479,-0.0453,0.5733,-0.1175
294020,-2.09,-0.1093,-0.434,-0.7134,-0.2048,0.4174,-0.3376
294025,-0.6,0.1005,0.6597,1.245,1.9301,0.4465,-0.5232
294030,0.28,2.9434,0.6613,0.6627,0.53,-0.207,0.5563
294040,-2.72,-0.3149,-92.2745,-116.1406,-88.9461,0.2723,-0.2737
294050,-3.14,-7.4795,-4.3565,-2.3376,-4.2299,0.4661,0.205
294060,-5.7,-8.1758,-1.1927,-3.1874,-19.3637,0.4454,-0.0407
294180,-0.71,0.0682,0.1349,0.0778,0.2538,0.15,-0.3667
294190,-3.75,-0.2531,-18.5297,-5.1739,-22.4157,0.5553,-0.1463
294200,1.49,2.6592,0.3232,0.2881,0.5944,-0.1212,-0.3467
294210,0.93,-0.9243,0.0198,-0.0002,0.8109,-0.1169,-0.731
294220,0.25,0.4222,0.7172,1.8213,1.215,-0.4882,-0.7825
294225,2.46,-0.1115,-0.1448,-0.4107,-1.3505,0.2917,-1.4862
294230,-3.27,-0.0224,0.4822,0.069,0.3563,-0.0767,-0.2508
294240,-1.1,0.4376,0.0059,0.077,-0.0037,0.0264,0.4695
294250,-5.29,-0.0326,0.0018,0.0133,0.0145,0.6571,-0.0517
294260,0.49,0.0118,-0.0772,-0.1668,-0.6226,0.2825,-0.9156
294270,0.52,12.2726,0.0657,2.5097,-0.0009,-0.7106,-0.5122
294280,1.0,0.0001,0.4693,1.2113,0.4011,1.1512,-1.0056
294285,1.29,-1.9909,-3.2326,-2.4404,-2.0164,0.1767,-0.3378
294290,-1.28,-1.0023,-1.636,-0.0771,-0.053,0.4166,-0.0407
294300,1.81,0.0288,0.2378,3.1387,1.5687,0.2492,-0.0475
294310,-3.88,-0.0187,-21.4496,-2.3905,-3.6737,0.1332,0.2217
294320,0.88,0.038,-2.5628,-0.3996,-3.0204,0.1735,-0.1445
294330,0.49,-0.8696,-0.5911,-1.6341,-1.1519,-0.188,-0.5027
294340,0.7,-0.0378,-0.0534,-0.4583,-1.4095,0.1504,-0.2615
294350,-4.32,-1.0262,-3.5125,-0.0054,-0.7232,0.4582,-0.426
294360,-4.82,3.0441,0.0145,-0.0277,0.0094,0.7966,-0.5226
294370,-0.31,-20.9179,-6.7149,-10.3757,-14.1202,0.8558,-1.2945
294380,-1.11,0.2273,0.0066,0.0295,0.007,0.7046,-1.3155
294390,0.38,-11.2716,-3.6232,-6.9515,-21.1694,-0.2456,-0.9402
294400,0.08,-0.0151,-0.0,-0.9662,-0.0476,0.5272,-0.7982
294410,-0.86,0.0023,-0.1834,-0.1621,-0.9771,0.6007,-0.4982
294420,-4.2,0.2136,0.1994,0.6503,1.0637,0.5324,-0.0508
294430,-3.87,-4.3412,-7.5378,-4.0648,-1.0526,0.6568,-0.2357
294440,0.41,0.4134,0.0106,0.0789,-0.0246,0.4274,-0.8568
294550,-3.3,-9.7123,-14.437,-9.244,-8.4397,0.5189,-0.0407
294560,-1.55,0.0519,0.0932,-0.0466,-0.2338,0.0219,-0.3684
294570,-0.36,-0.3892,-0.1098,-0.7879,-0.4231,0.5421,-0.659
294585,1.8,0.0913,-1.9609,0.0099,-0.6606,-0.1669,0.1151
294595,0.55,0.299,0.7272,4.4243,1.5622,-0.1996,-0.5378
294600,0.84,-0.0109,-1.3772,-0.8141,-0.1481,-0.1595,0.4377
294610,-0.98,-0.1853,0.0122,0.0247,-0.1016,1.3039,-0.5567
294620,-4.89,-0.2915,-2.9408,-5.3028,-28.9892,0.4818,0.0798
294630,1.55,-20.4825,-3.3134,-1.4257,-2.841,-0.3352,-0.2898
294640,-4.79,-33.5187,-42.0372,-34.8202,-9.6385,0.5222,-0.0508
294650,-0.38,-0.0933,-4.6477,-3.4021,-1.243,-0.0827,0.18
294651,-3.06,19.6724,25.8999,21.7641,11.231,0.3062,0.0475
294660,-0.97,-1.877,-2.4066,-3.3648,-3.8434,0.4392,0.0764
294670,-3.91,-0.0177,-1.04,-0.2377,-0.4758,0.7237,-0.4591
294680,0.58,-0.0023,0.6257,0.7012,0.4364,0.6002,-0.3858
294690,0.32,0.5411,0.0001,0.0883,0.0338,-0.0901,-1.1155
294700,-4.07,-0.4726,-31.7267,-17.4906,-9.8501,0.72,-0.1617
294705,0.12,-0.4528,-0.5155,-0.0749,-0.0227,0.1384,0.5832
294710,-4.81,-0.9733,-11.7494,-7.842,-11.3165,1.0141,-0.3956
294720,-0.93,-14.7297,-4.6441,-3.1112,-6.1456,0.0761,0.5579
294730,-2.21,0.0016,-0.0012,0.0018,0.5821,0.0914,-1.2975
294740,-3.61,-0.1343,-20.1355,-9.2072,-7.3087,0.8017,-0.9636
294750,-3.85,-6.3701,-17.249,-8.3264,-2.8977,0.5889,-0.0407
294760,-1.63,0.0073,-0.0113,0.1396,0.001,0.5054,-0.9627
294770,-3.54,0.014,0.5668,14.4969,4.3329,0.3654,-0.0407
294780,-2.6,-0.0262,-2.5651,-0.1848,-2.4512,0.2087,0.0865
294785,0.86,-2.6054,-3.9243,-3.4051,-4.1261,0.0319,-0.1581
294790,-0.59,-23.4654,-0.2816,0.0019,-0.2591,2.3281,-0.6406
294800,1.61,45.36,2.1982,2.6108,5.4096,0.0158,-0.3323
294805,2.39,0.193,-0.0567,-0.1715,-0.0614,-0.2283,0.1596
294808,1.3,-0.0034,0.0076,0.0149,-0.3462,0.7032,-0.5391
294812,-0.47,33.6017,0.7391,23.095,0.7604,0.7782,-0.3822
294820,0.49,0.0239,-0.1406,-0.5739,-0.5408,0.8456,-1.1105
294830,2.16,-0.5822,-1.1728,-2.159,-2.3334,-0.1578,0.1089
294840,0.69,3.9133,-0.9534,1.1318,0.6652,0.6173,-0.2835
294850,0.59,-0.5291,-0.3533,-0.0713,-0.1743,0.902,-0.4575
294860,-4.1,-9.8155,-24.4396,-30.9493,-19.2646,0.3813,-0.337
294870,-1.69,4.5774,-0.0007,0.6285,-0.1002,1.2919,0.1342
294880,-1.3,-0.0483,-0.0104,0.2646,-0.1226,0.0669,0.1416
294890,-3.32,0.0964,0.3985,-0.0007,-0.0001,0.7135,-0.215
294898,-0.32,0.7222,0.0039,0.1051,0.0178,-0.4438,0.6096
294902,-2.34,1.6505,-1.9391,6.5817,-0.3297,0.0031,-0.4395
294920,-4.43,-14.8712,-29.2613,-19.8889,-7.6461,0.5545,-0.0407
294930,-3.54,-1.0568,-2.7108,-1.6041,-1.8859,0.3405,0.257
294940,-2.92,-5.2388,-7.8573,-2.5003,-5.332,0.8645,-0.2016
294960,0.37,-2.4103,-0.4232,-0.4168,-0.1918,0.6984,-0.3946
294970,1.68,-16.0407,-0.0919,-0.2615,-0.0374,0.009,-0.2949
294980,2.06,-14.9951,-3.874,-1.7933,-4.1269,0.3736,-0.5356
294990,1.71,-0.1755,-0.0192,1.0777,0.0007,-0.0631,0.5238
295000,-4.78,15.0792,7.1222,6.0224,6.827,0.3741,0.0331
295010,-5.1,-0.0055,-2.4076,-0.0132,-0.6267,0.5788,0.0224
295015,1.26,2.3768,2.354,1.0804,2.1747,-0.4227,-0.601
295020,1.99,0.0018,-0.2218,-0.0545,-1.2951,-0.2233,-1.0945
295030,1.3,-0.0042,-0.0096,-0.2548,-0.0131,-0.1868,-0.1515
295035,-1.04,0.1373,0.0004,-0.2381,-6.5714,-0.7405,0.4893
295040,-5.63,0.3623,0.1466,-0.862,-0.0271,0.5043,-0.0407
295050,-2.96,-23.1595,-9.8572,-17.1703,-37.0964,0.8273,-0.1604
295060,0.7,-0.7171,-6.8669,-1.3951,-0.5493,0.0384,-0.2781
295070,-2.44,-0.0048,1.9665,1.2558,-1.3219,0.6576,0.1257
295080,-0.68,0.7513,-0.339,0.9204,-0.0604,-0.8272,0.7136
295090,-3.43,0.0962,1.9351,1.0092,0.1579,0.2973,0.0708
295100,0.65,0.132,0.2624,4.1105,4.911,0.1515,-0.4861
295105,-2.12,0.0811,-0.2594,0.0109,-1.4089,0.1907,-0.2953
295110,,-7.6729,-7.0495,-7.896,-5.9334,,
295125,1.68,0.0267,-0.2187,-0.0113,-0.0316,0.0686,0.0571
295130,0.35,-0.7427,-0.8317,-0.5729,-4.636,-0.2434,-0.2321
295140,0.3,-0.017,0.3147,-0.049,0.0105,-0.3061,0.2441
295300,0.42,-2.9196,-19.0857,-4.8415,-13.5348,0.3287,-0.6984
295310,,,,,,0.5662,-0.2508
295320,-5.23,-2.2111,-14.7742,-7.0724,-4.5905,0.5258,-0.0032
295330,-1.83,-207.611,-141.4848,-84.2893,-115.9909,0.7786,-0.3745
295340,-0.37,-80.5115,-74.973,-77.7515,-53.4978,1.4422,-3.5429
295350,2.45,9.0636,7.5074,4.3168,4.687,-0.3346,0.2911
295360,1.13,4.2113,3.2355,4.4369,1.82,0.7003,-0.3877
295370,0.74,0.0927,0.1594,2.7337,2.0361,-0.3111,0.2267
295380,-2.82,-2.8029,-50.3197,-67.0267,-42.8828,0.0851,-0.0407
295390,-0.62,-0.4896,-1.3075,0.0035,-0.7193,0.207,-1.231
295400,-2.21,-0.4643,-0.0428,-0.4825,-1.2505,0.9322,-0.2944
295410,-5.64,-0.316,-3.4484,-14.128,-11.1456,0.5889,-0.0407
295420,-1.57,-98.3969,-20.9967,-36.0024,-50.7516,1.1791,-0.8071
295430,0.62,0.1112,0.2421,1.7698,1.5472,0.2641,-0.8419
295440,1.68,-0.9873,-0.5771,-0.2265,-0.2341,-0.0679,-0.9416
295450,0.67,0.0389,0.0058,0.0254,0.5151,-0.0236,-0.1173
295460,0.65,-5.108,-0.271,-1.5837,-3.0304,0.11,-0.3165
295468,0.83,0.0372,-0.0128,0.2952,0.0782,-0.2397,-0.2734
295472,0.77,1.0844,1.4085,1.3216,0.1198,0.9537,0.1514
295590,-4.94,-3.3776,-0.0283,-8.5833,-10.356,0.7136,-0.0516
295600,1.01,-0.0395,0.0402,0.3869,1.0525,0.4116,-0.8199
295610,-2.36,-0.3621,-0.0431,-0.0392,-0.3558,-0.3613,0.0539
295620,-2.26,-12.0704,-9.4223,-15.2791,-18.4305,1.0765,-0.519
295630,1.88,0.0614,0.3615,1.9473,0.1983,0.3048,-1.6183
295640,0.33,0.0489,-0.3763,0.0082,-0.197,0.2034,-0.6826
295650,0.09,-0.0477,0.0016,0.0564,0.0076,0.5231,-0.8197
295658,-1.25,-49.2426,-8.5533,-25.3827,-15.0828,0.312,0.2684
295662,1.31,-0.4566,-3.9689,-1.9539,-5.1595,-0.0585,-0.1679
295680,-5.3,1.4289,0.025,0.2086,-0.0021,0.4994,-0.1423
295685,1.76,-0.1291,0.0358,0.3533,0.0396,-0.3101,0.2398
295690,-3.62,-2.0609,-0.5736,-6.4632,-19.7218,0.4523,-0.7477
295710,-5.34,3.0649,-5.0893,-0.4728,-1.0822,0.6072,-0.1742
295720,-1.46,-2.4947,-2.241,-0.6895,-0.4265,-0.5705,0.2667
295730,-3.99,-2.7185,-25.7018,-12.1845,-12.0681,0.3916,0.0398
295740,-0.74,-2.3966,-0.6519,-1.4989,-1.2843,0.0552,-0.3896
295750,-1.23,1.6573,1.9543,3.3718,3.8566,0.4973,-0.1251
295760,0.06,-1.0114,-4.3614,-3.0077,-0.2125,0.2609,-0.1311
295770,-3.13,0.503,-0.6898,-0.8327,-1.085,0.9115,-0.6145
295850,-1.58,13.1345,9.9535,13.82,6.2145,0.0194,-0.6457
295910,-2.13,-4.4087,-0.5833,-0.0443,-0.7068,0.7519,-0.1939
295920,1.8,0.5029,0.8504,0.6902,-1.356,-0.1541,-0.6612
295935,2.19,0.0181,0.1191,0.339,0.3154,0.1588,0.0279
295945,1.61,-0.0167,-0.0032,-0.0347,-0.0152,-0.068,0.3855
295950,1.02,0.0224,0.0381,0.0789,0.056,0.2435,-0.5323
295960,0.55,-0.0132,-0.0006,0.1234,0.0779,0.5425,-0.3437
295970,0.18,-0.4876,-2.8889,-1.263,-0.3804,0.1588,-2.0399
295980,-2.32,-0.375,-0.0311,0.3383,0.1099,0.1767,-0.7633
295990,-3.11,-11.3336,-2.7684,-0.2378,-0.8698,0.2955,-0.3001
295995,1.41,0.0978,-0.1954,-0.3815,-0.3203,0.1639,-0.2724
296000,1.65,1.629,0.1402,-0.0376,-0.001,-0.1269,0.0436
296010,-3.6,-0.2917,-5.2691,-0.8568,-9.1462,0.6792,0.1775
296015,2.34,0.0312,0.0042,-0.0076,-0.1165,-0.1209,-0.0364
296020,0.51,0.3864,0.03,0.2513,0.1257,-0.544,0.5172
296231,,-5.9912,-6.3811,-1.3758,-0.5609,,
296640,,-0.6022,-0.969,-0.9436,-1.0687,,
296950,-0.07,0.0894,0.2747,6.1742,0.5395,0.728,-0.218
297060,-4.54,0.0231,-0.1843,-1.4741,-0.4583,0.2584,0.148
297065,1.17,0.0011,-0.3648,-0.3226,-0.2465,0.2372,-0.6503
297070,0.31,14.2863,17.6269,8.2131,3.4146,0.195,-1.3267
297080,-0.41,3.8619,11.7883,0.5731,7.9818,1.243,-0.5198
297090,-1.43,-0.0085,-0.5863,-0.3486,-2.3913,-0.5656,-1.226
297100,-1.1,0.0623,-0.0334,0.072,-0.1911,0.3372,0.2794
297110,-0.22,0.0385,-0.2123,0.5957,-0.0183,-0.528,-0.8621
297120,-0.78,0.043,0.6389,0.1439,1.4065,0.7714,-1.1684
297130,-2.8,-7.6267,0.2341,-3.6597,-0.0501,0.5136,-0.414
297140,-2.4,-4.2571,-53.5729,-22.3093,-32.8395,0.309,-0.5521
297150,-0.22,-0.5242,-1.4227,-0.7249,-3.3881,0.3159,-0.2707
297160,0.1,-16.7938,-2.7475,-3.1883,-4.8692,0.1298,-0.4341
297170,-4.67,-3.0248,-1.2295,-1.2421,-12.9959,0.5788,-0.0407
297180,-1.52,-0.1866,-0.1659,0.0104,-1.5358,0.7539,-1.8246
297210,-3.33,-5.6021,-0.5274,-0.6322,-1.7378,0.2721,-0.1459
297220,-1.88,2.0595,16.3029,13.6918,6.8053,-0.123,-0.1903
297230,-3.61,-12.0351,-33.7771,-22.0343,-18.1541,0.7956,-0.2372
297245,-5.71,6.114,3.7293,3.775,18.8428,0.599,-0.0407
297270,-3.19,2.0105,0.0002,0.0,-0.3202,0.4439,0.0416
297280,-0.87,0.0291,0.3296,0.884,0.7508,1.0123,-1.5766
297290,-0.38,-0.0011,0.2825,0.2016,0.0004,0.5052,-0.0104
297300,-1.26,-2.243,-0.7019,-2.5874,-1.7663,0.9057,-0.5828
297310,-3.32,-0.0405,-0.0134,-0.3862,-2.5932,0.7052,0.2634
297320,-3.67,6.5346,-6.6401,-0.0372,0.0,0.599,-0.0322
297330,-0.22,-7.0042,-7.0666,-7.5217,-11.2956,0.2777,-0.7393
297340,1.63,-0.001,-3.8078,0.2346,-0.3114,1.5297,-1.8277
297350,1.94,-0.3039,-0.1738,-0.0354,-0.0,-0.4249,-0.7493
297360,-0.18,-0.0084,-0.2417,-0.5224,-1.1974,0.4886,-1.3211
297380,0.04,0.0357,-0.0228,-0.0242,-0.6807,0.4217,-0.4907
297390,0.6,-0.751,-1.5163,-2.3997,-2.4672,0.2147,0.0698
297395,0.82,0.2836,0.7938,1.0565,0.4623,0.3784,-0.6981
297400,-1.91,0.005,-1.7491,-0.008,-9.6973,0.4468,-0.1053
297410,-0.39,-0.0175,-0.0169,-0.0104,-0.531,0.2947,0.4559
297420,-4.45,-0.0543,-4.8277,-0.5949,-0.1524,0.7606,-0.3143
297430,-4.0,-8.2751,-59.8214,-13.892,-12.001,0.5776,-0.7413
297440,0.43,-0.034,-0.0021,-0.1372,-0.143,-0.6327,-0.1067
297450,0.68,0.2057,0.5821,5.5029,0.1526,0.3771,-0.5261
297460,-1.27,-0.0429,-0.0993,-0.6759,-0.0061,0.5121,-1.0026
297465,0.66,0.0018,0.004,0.0104,-0.032,-0.6312,0.1032
297470,0.78,-0.0334,-0.8864,-1.2458,-1.6954,-0.0034,-0.1046
297480,-3.81,-1.4928,-4.6279,-2.0821,-1.7249,0.0034,0.0924
297488,-0.69,-7.2896,-0.1811,-0.8421,0.0162,0.4728,0.0838
297492,0.45,0.1554,0.5524,0.1838,0.4896,-0.7237,-0.6527
297495,0.3,-0.2115,-0.1976,-0.484,-2.0503,-0.5045,-0.2719
297500,-5.99,-0.029,-39.6994,-1.5337,-8.142,0.6589,-0.4348
297505,-0.12,-1.8031,-0.1778,-0.622,-0.8898,-0.3758,-0.3214
297510,-0.13,-234.3729,-186.0861,-162.6768,-171.1932,-0.0165,-1.9718
297520,-1.62,1.9508,0.0893,0.2748,-0.0476,0.6997,-0.2277
297530,-4.85,-0.1711,-0.0204,-0.0949,-0.5696,0.3573,-0.0407
297640,0.02,-0.7307,0.1062,0.0054,0.0006,0.2783,-1.0491
297643,0.39,-8.5555,-3.5309,-2.4468,-1.1966,-0.475,-0.8051
297647,-0.71,0.1618,-0.0072,0.0085,-0.0236,0.9985,-0.5357
297650,1.52,0.98,0.0726,1.0807,1.3013,-0.4959,0.0254
297660,1.55,0.0786,-3.1958,-0.8944,-1.6659,-0.3949,-0.6514
297670,0.73,0.0027,6.3584,2.6614,2.5176,-0.0202,0.8689
297680,0.0,-0.1503,-0.3403,-0.7931,-0.5791,-0.3271,0.3785
297690,-1.27,-31.8377,-82.4105,-20.0344,-61.5064,1.0172,-0.6132
297700,-1.09,-12.6927,-3.2099,-6.4709,-3.6745,-0.0034,0.3739
297710,-0.17,-0.146,-0.0114,-0.0048,-0.0819,-0.4482,-0.4147
297720,-2.89,-0.4414,15.4517,6.0296,1.7633,0.4885,-0.0228
297725,0.38,-0.0489,-0.3764,0.5269,-0.207,-0.1092,-0.8234
297730,-0.49,-1.631,0.0062,0.082,0.0009,0.2317,-0.6809
297745,-5.34,-15.2374,-6.8621,-3.5986,-6.4146,0.6104,-0.1162
297760,-0.7,-2.3179,-4.6988,-4.9412,-5.2039,0.1148,0.3188
297770,-0.56,-65.5221,-42.0629,-24.3606,-18.7598,0.5554,-0.7105
297780,-2.93,-6.4039,-32.6382,-59.9017,-31.9754,0.7437,-0.259
297790,-0.14,7.037,-0.1008,0.0003,-0.3156,0.3137,-1.7179
297800,-4.76,12.0939,6.4169,4.8903,6.8656,0.4918,-0.0407
297810,-3.64,-0.0586,-0.9425,-1.3398,-1.0748,0.6222,-0.1701
297820,0.49,-0.6165,-0.0756,-0.1248,-0.0282,0.1864,-0.5685
297830,-4.73,-0.0118,-74.1543,-27.6695,-21.6525,0.3518,0.013
297840,-4.86,-27.6477,-26.4249,-0.7039,-10.828,0.4105,-0.0407
297845,1.38,-1.667,-0.0855,-0.4438,-1.6495,-0.1964,-0.1248
297850,1.04,-0.0016,-0.077,-0.0342,-1.2676,1.0141,-0.5335
297870,1.52,-28.9564,-48.208,-42.1367,-58.2303,0.347,-0.9536
297880,1.88,-133.1044,-19.6784,-1.2773,-18.736,-1.0933,0.326
297890,-2.13,-28.8765,-8.4901,-3.895,-6.9903,0.5751,0.0331
297900,0.94,-0.2754,-0.7478,-1.6936,-0.9722,0.3069,-0.4974
297910,1.43,0.1098,0.071,0.0938,0.476,0.3811,0.2155
297920,0.28,-0.2247,-2.0041,-0.07,-5.4714,0.5756,-0.4043
297925,-4.01,1.132,0.949,0.3196,0.0387,0.7398,0.026
297940,-0.61,0.1865,-0.0253,-0.4797,-0.0638,0.243,-0.8465
297960,-1.74,-0.9047,-3.5229,-1.7259,-6.6548,1.1319,-1.2347
297970,-2.06,3.4332,-5.2683,0.0,-2.2204,-0.2672,-0.1805
297980,-0.18,9.1386,-0.0725,4.1082,-0.0529,1.1747,-1.0307
298010,-2.55,-2.4051,-3.1077,-3.8589,-6.5201,-0.6505,0.2426
298020,-4.44,-26.6644,-26.7527,-14.7743,-34.2187,0.5925,-0.1095
298030,-4.04,-0.1015,-0.5333,-0.0153,-0.386,0.482,-0.0407
298040,-2.5,-7.0013,-19.158,-3.0522,-0.658,0.5319,-0.0407
298050,-1.02,1.444,-0.153,2.1165,0.1649,0.4314,-0.5812
298060,1.22,-0.3293,-0.0517,-0.322,-0.7288,-0.2041,-0.0381
298070,1.42,0.0381,0.0156,-0.0021,-0.0265,-0.9559,0.6768
298080,0.75,-0.0021,-0.0052,-0.454,-0.5255,-0.513,-0.3156
298090,-0.24,0.112,0.0076,-0.0078,-0.0217,0.4176,-1.4802
298590,,-0.2911,-0.7565,-0.7679,-1.7894,,
298600,0.57,-0.7599,-3.6293,-1.0258,-0.4146,0.1797,-0.9623
298610,-2.16,-72.9645,-84.4407,-18.2377,-40.2289,1.7231,-1.9061
298620,-1.21,0.0053,-0.1011,-0.1407,-0.0035,-0.3791,-0.4309
298630,-3.3,51.4032,0.2279,0.0009,0.2774,0.6349,-0.0716
298820,-0.2,0.0379,0.0006,0.0,-0.3356,-0.3822,-0.2097
298840,0.25,1.0015,0.4576,0.5494,0.4296,-0.2915,0.2196
298960,0.06,-0.0002,-0.0846,-0.3277,-0.082,-0.4732,-0.7976
298970,-4.87,-0.7014,-8.5283,-30.2807,-8.1319,0.6448,0.1427
298980,-0.23,-2.1657,-1.0882,-0.9111,-5.6676,-0.3352,-0.4297
298990,-3.03,-2.6579,-0.8546,-3.1561,-10.4787,0.2424,0.1752
299000,1.6,-0.0312,-0.2749,-0.4709,-1.8768,-0.2604,-0.2455
299010,1.24,0.1261,-0.0103,0.0359,-0.8732,0.0027,-0.5831
299015,0.7,-0.001,0.1222,1.6054,-0.0012,0.2377,-1.2989
299020,-0.59,-0.0329,-0.1844,-0.7381,-2.0054,0.1957,-0.428
299030,0.81,0.0394,-0.0131,-3.0034,-1.0173,0.6715,-1.084
299040,-4.12,-0.0012,-3.1461,-0.0,-0.2543,0.5201,-0.0407
299050,-5.22,0.9472,0.1197,0.497,0.05,0.3889,0.1934
299060,-1.07,0.1226,-1.4407,-0.1115,-1.2561,0.5621,-0.0931
299070,-2.76,-0.2055,-2.004,-1.849,-3.3947,0.0165,-0.4285
299080,-3.21,-0.6984,-1.8143,-0.4429,-1.8745,0.5787,-0.2291
299100,-3.89,1.2675,0.8499,5.6037,0.4374,0.2767,-0.0053
299110,-1.99,69.2627,1.6392,11.1711,2.5722,-0.0245,0.7639
299120,-0.13,-0.1052,-4.5871,-1.4917,-1.0861,-0.3753,-0.1198
299130,-4.65,-8.3104,-10.9882,-8.6854,-2.3096,0.9809,-0.5072
299150,-0.64,1.7017,2.541,0.293,0.1879,0.0599,-0.392
299160,-1.43,-0.0162,-0.3595,-0.7007,-0.8465,0.2644,-0.4169
299168,-1.55,-0.0197,-0.0674,0.1126,-0.0208,0.1674,0.1678
299172,-1.88,-1.9099,-9.0954,-1.9018,-2.0867,0.1803,-0.0424
299180,-1.62,-0.7368,-0.6207,-6.2963,-7.4376,0.8614,-0.3875
299190,-2.58,7.7459,1.5598,25.3357,12.6632,0.9144,-0.1573
299200,-3.94,-0.3841,-1.8292,-3.9955,-1.2747,0.5776,-0.1841
299210,-5.67,-79.3581,-97.4475,-37.2161,-42.0725,0.6431,-0.0905
299220,-0.6,-0.3695,-0.8784,-0.0958,0.0289,0.1661,-0.2659
299230,-0.47,-2.2429,-6.8815,-9.5162,-11.5804,0.2783,0.1316
299240,0.07,-0.0112,-0.0233,-0.1766,0.0003,0.1538,-0.7222
299250,-2.72,-8.0544,-75.6516,-66.3292,-12.4866,1.8439,-0.8892
299260,0.37,0.1437,-0.29,0.3832,0.0864,-0.0096,-0.4623
299270,-0.51,0.0007,-0.044,-0.9856,-1.1795,0.0818,0.7426
299570,-1.12,-0.004,-0.035,0.0577,-0.0672,0.0046,-0.2625
299670,0.35,1.6929,4.2256,8.5144,4.0749,0.2311,-1.1969
299780,1.13,0.386,-7.5986,-4.3734,-5.1325,1.0065,-1.1401
299790,2.16,0.2832,0.0021,0.5011,0.0076,0.2185,-0.3086
299800,0.24,0.9858,0.9674,0.2207,0.2078,0.1627,-0.9866
299810,-3.87,-1.802,-15.4006,-0.6228,-7.46,0.5078,0.3317
299820,-0.76,-0.0635,-0.2205,-0.0014,-0.2178,0.5269,-0.4248
299900,-3.96,-0.6987,0.0034,-0.2132,0.0059,0.2317,0.2966
299970,0.67,-8.7755,-2.1263,-0.1618,-5.4694,0.2716,-0.9107
299980,-0.15,-0.8856,-9.3285,-0.0212,-0.498,0.6565,0.0885
299990,0.07,0.0019,0.2101,-0.1805,-0.0603,0.3995,-0.516
299995,0.84,-1.3214,-1.2853,-0.5988,-0.2442,0.1095,-1.0808
300000,-5.59,-1.07,-1.4157,-1.0618,-1.676,-0.0757,0.3202
300010,0.51,-0.0066,-0.1882,0.1486,-0.7202,-0.1535,-0.2364
300020,0.01,0.3179,-1.2593,5.6011,-0.0317,0.2577,-0.3894
300030,-5.27,-0.3586,-0.1902,-1.7985,-0.2967,0.4946,-0.0508
300040,1.55,-13.9932,-10.3529,-25.0098,-19.6654,0.114,-0.8685
300048,1.48,0.2169,0.0389,0.3142,0.0134,-0.0275,-1.0427
300052,2.68,-0.047,0.0083,-0.0177,0.0163,-0.1812,-0.3442
300055,1.9,0.056,0.0085,-0.0539,-0.0022,-0.3408,-0.4644
300060,-5.0,0.003,1.0433,0.3884,0.0588,0.3636,-0.0407
300070,1.15,0.0037,-0.0,0.0418,-0.0004,-0.0494,-1.1831
300080,1.25,0.0918,0.037,1.3274,1.3238,0.8984,-1.1606
300090,1.03,-0.7702,0.0076,0.252,0.0886,0.4063,0.0295
300100,-4.63,-47.7778,-30.2277,-15.7743,-17.3231,0.4047,-0.0666
300110,-0.42,-2.8356,-1.4905,-0.253,-1.0512,0.1596,0.2359
300120,1.03,23.9188,0.4654,0.0001,0.0009,0.6592,-0.8801
300130,0.41,0.0008,0.0226,0.0385,0.0009,-0.1654,-0.5965
300140,-3.02,-1.6256,-0.7814,-0.2603,-1.0215,0.5121,-0.0508
300150,-1.1,-0.3167,-0.0825,-1.5195,-1.506,-0.3115,-1.1595
300160,-3.7,-0.0146,-0.4637,-0.0176,0.0113,-0.0419,0.3801
300180,-1.58,-0.0085,0.1977,-0.2861,-0.9015,0.2043,-0.4814
300190,-4.82,0.003,0.0232,0.0149,0.0461,0.5222,-0.0407
300200,-5.08,0.0399,-1.7949,2.0072,-1.8426,0.7945,-0.0347
300220,-0.15,-455.6244,-397.3609,-366.5257,-277.1251,0.8964,-0.8865
300230,-1.9,0.0,0.0125,-0.0178,-0.0148,-0.2026,0.1848
300240,-4.38,0.4324,-0.4022,0.0317,0.1963,0.7177,-0.4354
300250,0.08,167.1401,3.4494,85.8765,38.5436,-0.1938,-0.2229
300260,-4.32,-0.1146,7.9995,0.0807,0.316,0.5771,0.0179
300270,-0.33,0.2123,0.1827,0.4981,0.0013,-0.0706,-0.2948
300280,-5.79,0.0896,0.3625,0.6481,-0.0448,0.4528,-0.0407
300285,-1.3,20.8116,3.4621,33.7337,14.3362,0.1741,-0.1449
300290,-1.71,-3.0693,-3.0861,-4.362,-3.087,0.2776,0.3819
300300,0.78,-0.0743,0.1516,1.5172,0.357,-0.4784,-0.074
300310,-4.65,-0.1192,5.3233,1.4392,2.1251,0.5177,-0.0407
300320,-2.79,-20.3841,-63.4928,-15.4094,-62.8437,0.7504,-0.1914
300330,-4.61,0.0871,-0.7885,0.2909,0.1287,0.6934,-0.247
300340,-3.99,-0.005,-0.0509,-0.3278,-0.083,0.0698,0.4762
300350,0.45,-1.3575,-1.7899,-1.5129,-0.5404,-0.0089,0.1545
300360,1.11,0.02,-2.7206,-0.2782,-0.162,0.6921,-1.0694
300370,,-1.3196,-3.8592,-6.091,-9.8517,-0.8469,-0.6077
300380,0.82,-0.1573,-1.4431,-0.7724,-0.1258,-0.6972,-0.2795
300980,0.59,-0.3385,-0.0495,-0.2296,-1.2022,-0.3227,1.2329
300990,0.04,-0.3116,-0.3647,-0.1652,-0.2171,-0.0264,-0.5599
301000,-0.39,0.2607,0.0854,0.8277,0.373,0.0862,-0.0631
301010,-4.05,-2.2055,-6.1134,-9.5652,-9.3602,0.3812,-0.2207
301120,-3.63,-110.4591,-18.8635,-34.1276,-8.7703,0.599,0.0927
301130,-1.44,14.6405,1.0181,7.6551,0.165,0.265,-0.0295
301140,1.06,0.0757,0.1777,0.826,0.2164,-0.0603,-0.5823
301150,1.82,-0.0036,0.0044,0.0003,0.2745,0.1935,0.3533
301160,0.6,0.0027,-0.012,-0.0627,-0.274,-0.054,-1.0906
301170,0.41,-0.1053,-1.2787,-0.2927,-0.778,-0.5663,-0.4124
301180,1.62,-0.0015,0.0318,0.009,0.0698,-0.5025,0.3012
301190,0.27,-0.3255,-2.0253,-3.147,-1.5947,-0.3029,-0.648
301200,0.84,-0.0761,-5.0065,-0.9108,-0.2672,0.4069,0.1226
301210,-1.91,0.3474,0.267,0.7003,0.1582,0.2533,-0.9503
301216,-0.28,1.6417,0.4591,0.5754,-0.0,-1.1649,-0.2049
301218,0.1,0.1298,0.0935,2.1161,1.0497,-0.0074,-1.024
301222,-2.77,4.8558,-0.0019,-0.0114,-0.1842,-0.1239,-0.0977
301240,1.0,-0.0344,-0.0295,0.081,-0.0984,-0.6959,-0.1013
301250,-2.04,-7.2551,-42.5692,-13.6453,-11.5893,-0.2833,0.6701
301260,-0.63,-0.0064,-0.4189,-0.0913,0.0017,0.9103,-1.2451
301270,-5.18,0.0103,-3.3699,-0.2609,-2.8895,0.3981,-0.193
301280,0.06,-0.5899,-5.2527,0.0043,-1.9746,-0.0556,0.0032
301290,-1.63,-0.0273,-0.0032,-0.0129,-0.4971,0.2111,-0.5226
301300,-2.76,-0.4254,-3.1642,-7.2624,-0.0004,1.8808,-1.0616
301310,-2.81,-0.0192,-0.4012,-0.7258,-0.2714,0.2203,-0.141
301330,1.42,-11.3239,-3.3537,-3.1025,-7.8498,-0.1376,-0.8065
301340,-2.96,7.4877,0.1459,8.9637,2.9225,0.8332,-1.0681
301350,-0.31,-3.3695,-2.3821,-7.7174,-4.1673,0.2899,0.1495
301355,0.84,1.2386,2.1394,0.2987,0.7152,-0.5941,-0.492
301360,-0.88,0.6771,0.0192,0.1664,0.019,0.3703,0.3274
301370,0.69,0.0077,0.0129,-0.0073,-0.1636,0.0464,-0.2274
301380,-4.84,-0.1268,3.3646,0.9199,1.3683,0.225,-0.3551
301390,-3.65,-0.0598,-28.3934,0.0062,-18.0909,0.2198,-0.0407
301400,1.24,1.8017,5.4748,6.7902,5.7118,-0.1813,0.1458
301410,-4.16,-19.8728,-30.4857,-38.2314,-12.3654,0.33,0.1909
301415,-0.1,0.9167,0.7182,0.3806,0.1666,0.0254,-0.0769
301420,-1.62,-116.352,-70.2876,-63.4123,-19.9994,0.169,-0.2882
301430,1.52,-0.0,-0.0309,-0.0387,-0.5268,0.3404,-0.6498
301440,-3.3,0.002,0.0204,0.0115,0.0406,0.4022,-0.049
301450,-4.83,0.2601,6.0284,2.5637,0.8456,0.599,-0.0407
301460,-1.4,0.0206,-0.3761,-0.3822,-0.0039,0.2858,-0.3924
301470,-0.08,-1.3253,-1.6502,-1.2614,-0.5871,0.2952,-1.0352
301480,,-1.0172,0.0087,0.0212,-0.1978,,
301690,,-0.1006,0.0168,0.0209,0.0,,
301890,,0.0194,1.2271,0.0222,-1.2018,,
302050,,-0.0934,-0.0363,-0.1009,-1.4571,,
304450,0.8,0.0803,0.0706,0.4266,0.0058,0.5296,-0.6581
304460,-4.44,-20.6793,-12.2669,-14.1955,-29.0668,0.6295,0.0878
304470,-0.93,116.533,167.3982,93.7482,13.5447,1.0708,-0.5068
304480,1.64,-0.0098,-0.1762,-0.3512,-1.0989,0.0884,0.0106
304490,1.49,-1.2977,-0.0405,0.0128,0.0249,0.3504,-0.4504
304500,2.03,0.0001,-0.1589,0.0021,-0.0007,0.816,-0.5013
304520,-0.97,-2.0178,-0.8464,-0.2657,-1.2324,0.4665,-0.052
304630,-0.44,0.0009,-0.204,-0.1143,-0.0084,-0.2717,-0.6387
304640,-2.79,0.0478,-1.7206,-0.1055,-0.1632,0.7744,-0.8852
304650,-1.18,-16.0725,-0.0011,-5.202,-0.667,0.2849,-0.9747
304660,0.74,-0.0683,0.0086,0.0023,-0.3268,0.2122,-0.333
304670,2.39,0.8546,0.0006,0.0,-0.0012,-0.1787,-0.0137
304680,-0.95,-450.8439,-427.7372,-275.4982,-327.4135,-1.1763,-1.4792
304690,0.62,-19.1544,-7.5564,-12.4735,-18.329,-0.4515,-0.3527
304700,-1.66,-13.8697,-6.0079,-6.9503,-10.56,0.2563,-0.9061
304710,-3.05,-0.5422,-37.1185,-21.3748,-17.7216,0.0418,-0.0854
304720,-4.99,-0.2495,-24.0115,-8.5567,-11.5699,0.5707,-0.183
304730,1.52,-0.057,-0.1593,-0.2139,-0.5733,-0.1692,0.2544
304740,1.1,-0.0018,-0.0376,-0.002,-2.2889,-0.0006,-0.5285
304750,0.33,-6.0257,-9.8184,-6.2002,-9.1929,-0.5324,-0.6489
304755,1.6,0.1505,-1.0553,-0.9548,-0.5493,-0.6507,0.4044
304760,-0.76,49.5736,2.3831,14.9122,8.456,0.5989,0.2724
304770,-2.47,0.1233,0.4249,0.4194,0.7785,0.599,-0.0407
304880,-1.6,12.0511,0.533,5.0839,2.5024,0.263,-0.0305
304890,-3.66,-29.4404,-79.1324,-82.4083,-59.461,0.5889,-0.0407
304900,0.8,-5.6073,-1.0035,-1.5872,-1.2741,0.7486,-0.5005
304910,-4.64,-1.0642,-15.6104,-13.8089,-1.5067,0.7805,-0.3965
304920,1.13,-0.4607,-10.6992,-0.9909,-8.8623,0.339,-0.1853
304930,0.58,0.5783,1.4795,1.2199,1.446,0.1241,-0.5726
304955,-1.17,-25.0804,0.7635,0.066,-0.0097,-0.4245,-0.4897
304970,-4.39,-27.1305,-47.1609,-13.4999,-6.5024,0.7231,0.0352
304980,-2.65,0.6114,0.5923,0.5982,0.1787,0.2078,-0.0388
304990,-5.5,0.2162,0.2008,0.6603,1.0768,0.4569,-0.0305
305000,-0.84,0.0154,1.2612,0.2001,0.3261,0.387,-0.2906
305010,0.41,-75.3144,-38.1285,-41.4128,-25.0762,1.2433,-3.6054
305020,-4.44,-0.9838,0.1629,0.0045,0.7803,0.6248,-0.0765
305030,0.22,-0.0226,1.5128,0.2812,1.9765,-0.0102,0.1036
305040,-0.07,-3.8883,-2.7296,-2.5451,-1.17,-0.2386,-0.6758
305050,1.57,-0.0079,-10.9986,-1.2995,-7.1014,0.3336,-1.2576
305060,-4.91,-6.3983,-28.8403,-4.3192,-10.2263,0.4157,-0.0407
305070,-0.84,-4.1547,-3.2318,-0.7076,-1.2496,-0.1021,0.5291
305080,-1.94,-21.6229,-21.8777,-15.6647,-14.4132,0.3528,-0.1528
305090,-3.8,-2.3548,-15.1871,-3.5441,-11.7321,0.677,-0.2501
305100,0.77,0.0695,-0.0936,0.0062,-0.65,-0.4529,0.3652
305110,0.46,-0.0747,-0.3458,0.0316,-0.2815,0.7502,-1.601
305120,0.99,-8.1534,-6.1549,-3.6908,-4.3109,-0.2702,-0.1841
305130,1.11,-16.4868,-2.136,-0.201,-0.552,0.416,-0.9021
305140,-3.48,-18.0662,-31.1685,-7.2936,-33.3203,0.5973,-0.0407
305150,-1.57,-0.0,-1.7898,-0.1031,-0.1117,-0.2817,0.3333
305160,-4.96,-0.0034,-0.0822,-0.2047,-2.7392,0.2581,-0.0407
305180,-2.81,-141.231,-39.1491,-65.2967,-33.8683,0.4719,0.0432
305190,-3.16,0.0023,-2.6121,-6.1504,-2.531,-0.0227,0.4896
305200,-4.64,-50.5356,-30.143,-65.3706,-14.057,0.7689,-0.2094
305220,1.44,-0.0209,-0.1984,0.1098,-0.1516,0.5428,-1.1798
305230,-2.74,-1.4681,-19.8795,-17.9184,-25.2555,0.3505,-0.7096
305240,-2.5,-1.4186,-1.3653,-0.008,-0.6643,0.5961,-0.3296
305250,-0.51,-0.0288,-0.2238,-0.2125,-1.603,0.5426,-0.2912
305260,-0.52,0.0065,0.0007,-0.1388,-0.3391,0.7689,-0.7885
305270,-1.08,-1.9543,-0.0105,-0.9374,-1.2891,0.5491,0.1302
305280,1.47,-0.0042,-0.7407,-0.1857,-0.3993,-0.3187,-0.0582
305290,-1.4,0.0861,-0.3085,0.0121,-0.3817,0.4088,-0.1655
305310,-1.58,-0.0504,-4.5995,-0.5974,-4.1347,0.4738,0.3116
305320,-3.97,0.0004,0.0176,0.0059,0.0353,0.8603,-0.2522
305330,-2.23,2.646,7.8686,6.3875,0.3605,0.8457,-0.8978
305340,-4.69,5.8483,0.0129,-0.0007,0.6225,0.1074,-0.2576
305450,-1.32,146.5766,21.8527,144.0715,77.4109,1.7275,-0.5608
305455,0.22,0.1487,0.0444,0.7349,0.2704,0.8721,0.3804
305460,-4.01,3.4154,-1.8345,-0.0062,-3.5571,0.4454,-0.0407
305470,-2.84,-0.0147,0.4861,4.8479,4.1566,-0.0263,0.6741
305480,-3.28,-0.0067,-0.0051,-0.0197,0.0089,1.0589,-0.589
305485,1.81,0.0003,-0.1164,0.0717,0.144,0.2429,-0.223
305490,-0.17,-1.0115,-1.3081,-0.0196,-2.4061,1.1422,-0.3309
305498,1.54,1.4691,1.9442,2.3958,2.2414,0.4458,-0.169
305510,-1.29,-0.0431,0.0302,-0.0891,0.0012,0.8495,-0.0453
305520,-4.24,0.0004,0.0175,0.0058,0.0351,0.5538,-0.0407
305530,1.29,0.1384,0.0974,0.1463,0.0298,-0.2701,-0.2694
305540,-0.05,0.7295,-1.2213,-0.1335,0.2966,0.439,-1.0044
305560,-4.29,-0.0008,-0.0324,-0.044,0.0077,0.3314,0.0559
305570,-0.55,-0.5047,-0.7587,-1.9508,-3.7954,-0.3527,-0.323
305580,0.84,0.6688,0.2065,2.1736,0.7466,-0.3567,-0.1824
305590,-3.05,-65.3105,-0.7618,-0.9389,-3.2775,0.2682,-1.0122
305600,0.15,-1.1429,-3.4728,-1.4365,-2.5669,0.0061,-0.0084
305610,-0.34,0.3041,-1.9012,-0.0346,-0.4018,-0.458,-0.847
305620,-3.78,0.7843,0.5798,-1.7256,0.0206,0.2785,-0.0755
305630,-2.2,-0.0266,-0.0399,0.0602,0.4643,-0.504,-0.2173
305635,-0.5,-0.0549,0.0,0.5894,1.5694,0.736,-1.4972
305640,-3.75,-157.1772,-58.9823,-168.9753,-68.2763,0.5521,-0.1045
305750,-3.52,1.4232,0.0056,0.1,0.0131,0.689,0.0531
305760,-1.63,0.1571,-55.891,-8.6712,-33.1909,0.7092,-0.1192
305770,0.68,-206.5037,-149.656,-192.1492,-258.7252,0.411,0.4396
305780,-5.1,3.7668,2.5478,1.0094,1.4118,0.5868,-0.1264
305790,-0.37,0.042,0.0039,0.0214,-0.0437,0.2641,0.5404
305800,0.34,-703.4227,-369.9982,-382.9447,-367.8471,-2.4867,0.3968
305810,1.03,-11.3087,-6.06,-1.7615,-0.525,0.4349,-0.8457
305820,0.44,-0.5352,-1.5226,-1.5319,-0.7127,0.7292,-0.6996
305830,0.96,0.193,-0.1255,-0.2787,-0.0584,0.7878,-0.6906
305840,0.53,503.8248,410.5914,359.9117,187.8797,0.7864,-0.2084
305850,0.73,-3.5214,-3.3717,-4.9141,-5.7895,-0.5598,-0.5951
305860,-0.09,4.7981,-8.1601,-9.9028,-8.502,0.34,-0.9564
305870,-3.02,0.0333,0.1717,-0.2573,-4.0733,0.3047,0.0041
305890,-1.01,-0.5493,-0.0663,-0.1056,-0.4418,0.0712,-0.5575
305900,-1.39,0.6357,-4.5919,0.7902,-0.4651,0.714,-0.8425
305910,-1.31,-1.2623,-0.3481,-0.2808,-2.9166,0.6937,-0.4576
305920,-0.96,0.0403,0.0095,0.424,0.5812,-0.2978,-0.2167
305930,1.53,-0.0475,-0.0135,0.0,0.0075,0.2953,-1.1868
305940,-4.26,0.5662,0.0276,14.5429,0.0326,0.3496,0.0694
305950,-3.67,-3.0936,-12.4052,-15.3415,-14.3841,0.8601,-0.4178
305980,-1.38,0.7915,-7.724,-7.0863,-31.4644,1.006,0.1276
306000,-2.64,-7.0449,-7.3553,-8.4332,-18.931,0.5299,-0.9358
306010,0.47,0.1906,0.1248,0.0524,0.2051,0.3047,0.3682
306020,-3.25,-12.0988,-12.363,-5.1867,-38.8579,0.4313,-0.0716
306030,0.8,-134.3152,-30.8957,-33.2941,-29.6396,0.0378,-0.2901
306035,1.74,-0.1545,0.0001,-0.1226,-0.3003,-0.1809,-0.2389
306040,0.85,-8.0825,-0.756,-0.2656,-0.2955,0.3749,-0.1411
306050,-0.09,-0.7982,-1.4226,-0.9123,-1.1308,0.5766,-0.8935
306060,-3.26,-24.4743,-65.3163,-87.0648,-16.2247,0.4456,-0.5584
306070,0.71,0.0055,0.388,0.1832,0.0902,0.109,-0.1533
306080,-0.52,-0.3017,1.3788,0.2166,0.0022,-0.1145,-0.3128
306190,0.67,-8.1093,-7.4219,-5.0791,-4.6773,0.096,-0.6601
306195,0.29,-1.673,-1.8783,-0.5035,-4.2813,0.8495,0.116
306200,-3.06,-2.6308,-0.2949,-1.1143,-3.8305,0.6849,-0.1635
306210,-1.59,-12.8939,-30.7264,-10.0904,-36.4529,-0.3684,0.2793
306220,-0.08,-37.635,-71.9297,-39.27,-29.1235,0.3707,-0.2807
306230,-0.64,-0.0398,0.0001,0.0094,-0.2296,-0.2293,-0.0512
306235,-0.32,0.0112,-0.053,-0.0187,-0.0339,0.3862,-2.3371
306240,0.25,0.0055,-0.7783,-0.1014,-2.7032,0.2513,-1.1822
306250,-3.91,-2.1897,-6.8253,0.0443,-0.5712,0.5504,-0.4927
306260,-4.06,-5.7479,-122.5643,-54.8839,-82.1324,0.4656,-0.0407
306270,2.95,-0.0671,-0.377,-0.0974,-0.0943,0.0601,-0.3206
306280,-3.8,0.0873,-3.4084,-1.594,-0.6906,1.1715,-0.3475
306290,-3.83,0.2554,2.9592,2.8695,3.6634,0.4064,-0.0407
306300,-1.48,-0.0097,-0.0,-0.9504,-0.0514,0.5015,-0.2573
306310,-4.93,0.003,1.9421,1.1559,1.3117,0.599,-0.0305
306320,0.9,-0.0315,-3.9155,-0.0038,0.3855,0.1254,-0.9135
306330,0.67,-0.0843,-0.4735,-0.6906,-1.5395,0.3465,-0.6528
306334,1.17,-0.3977,-0.677,-0.9199,-3.3118,0.1025,0.2608
306338,-1.825,0.5145,0.4507,0.5717,0.9054,0.5047,-0.8697
306342,1.43,0.0004,-0.0061,0.1583,0.2912,0.0073,0.4708
306350,-0.84,-60.84,-40.8365,-39.1128,-66.4419,0.6785,-0.713
306370,0.46,-0.1332,-0.0003,-0.0002,-0.5842,-0.0787,-0.2597
306380,-0.91,-6.5702,-0.8019,-1.1847,-1.2633,0.9179,-1.1842
306390,-2.67,-1.3861,-12.5513,-2.6773,-14.0759,0.5855,-0.1832
306400,0.51,-3.0291,-2.3091,-0.0128,-0.3254,-0.558,-0.5464
306410,-3.55,-29.9194,-9.4794,-17.8955,-8.678,0.4808,-0.1219
306430,-1.24,-1.1792,-8.2009,-2.1639,-2.667,0.6053,-0.117
306440,-1.17,-9.013,-9.0776,-3.9824,-3.3457,-0.5126,-0.2521
306450,0.96,-0.5143,-0.603,0.3123,-0.0083,-0.478,0.0189
306455,-0.03,-0.94,-0.0165,0.5035,0.0293,-0.5415,-0.3594
306460,-4.54,-157.138,-40.7969,-58.8878,-54.7048,0.6003,-0.0736
306470,0.53,-0.8338,-0.0991,-0.7397,-1.7925,-0.4604,0.2261
306480,0.49,-4.4031,-1.7824,-0.2072,-0.3618,-0.3244,-0.0358
306490,1.37,-0.0014,0.0609,0.0114,-0.147,-0.0957,-0.4941
306500,0.84,-0.0095,-0.7923,-0.3565,-2.5864,0.0131,0.2439
306510,0.89,-0.0518,-0.1825,-0.1334,-0.0399,-0.1575,0.1765
306520,0.93,0.0062,-0.3052,-0.1162,-2.1463,-0.3978,-0.2281
306530,-1.32,-0.9499,-2.3964,-1.3392,-0.4302,0.1488,-0.1638
306540,-4.71,45.4654,4.3546,0.0042,0.0021,0.5465,-0.1175
306550,-4.33,5.9199,-7.7284,-8.649,-11.0576,0.6315,-0.2382
306560,-2.97,-1.586,-5.7937,-4.6727,-13.3987,0.4981,0.0554
306570,-0.51,0.0297,-2.2135,-0.0444,-0.5491,0.1177,0.9131
306580,-0.35,4.2537,0.0332,4.1234,3.0084,-0.4645,-0.7085
306590,-4.52,-1.8512,-25.8999,-2.2847,-12.0213,0.6224,-0.027
306600,-0.73,-0.0169,-1.9298,-2.8843,-0.695,0.9971,-1.2684
306610,-4.19,-6.0164,-4.6497,-15.2904,-9.3555,-0.2529,0.4392
306620,1.56,-0.2103,-0.8776,-0.5453,-0.0311,-0.0375,-0.2768
306630,-2.73,-18.5431,-3.9963,-8.8978,-0.1247,0.4365,-0.3561
306640,-4.11,1.4301,-15.5242,-0.8551,-8.9783,0.5837,-0.1237
306650,-1.8,2.157,0.0425,-0.176,-8.4392,0.446,-0.0535
306660,-4.59,-1.9762,-3.8493,-4.6008,-1.3399,0.5889,0.3872
306670,-3.68,0.2347,-4.954,-2.0794,-2.3753,0.3444,-0.179
306680,1.91,-0.0043,0.3441,0.4519,2.1789,0.0022,-0.5819
306692,0.81,-0.0063,0.0386,-0.1298,-0.0071,-0.3099,-0.4622
306700,1.11,-0.0055,0.0946,-0.0091,-0.0002,0.0079,-0.276
306710,0.79,-0.0165,0.0653,0.1646,0.0523,-0.2445,-1.343
306720,0.29,-0.0128,-0.0041,0.0,0.385,0.2118,-0.5572
306730,0.17,0.0034,-1.3165,0.0007,0.0123,-0.751,-0.7883
306860,0.03,-4.5859,-6.2228,-3.1153,-7.5622,-0.2133,-0.7943
306870,-1.04,-0.255,-0.0479,-1.1398,-0.2305,-0.0091,-0.6572
306880,-0.29,-6.4916,-6.6698,-3.0865,-8.067,0.9051,-0.3697
306890,1.78,0.9631,0.8432,0.4143,0.68,-0.2595,-0.1634
306895,1.36,1.1632,0.0117,-0.0026,0.0242,0.1434,-0.183
306900,0.34,0.087,0.5859,0.7926,-0.0033,-0.7184,-0.5823
306910,-4.1,-33.0123,-83.8856,-14.944,-39.3703,0.6899,-0.1154
306920,-3.1,-0.0025,0.7147,0.4131,0.027,0.5674,0.0487
306930,-3.43,0.0239,-6.0354,-0.5464,-2.0164,0.4145,-0.1222
306940,-0.45,0.3083,-2.5995,1.0424,0.0523,0.9181,-0.4364
306950,-5.35,0.3936,-32.1938,-9.7074,-38.702,0.599,-0.0407
306960,-3.92,-1.459,1.4752,0.0016,0.9645,0.8034,-0.3853
306970,-4.96,-37.3722,-2.1263,-7.4033,-5.4401,0.3655,-0.0407
306980,-0.94,-0.6949,0.0933,0.0804,0.0403,0.0038,-0.2444
306990,-2.07,-4.9443,-6.7864,-1.0399,-3.9702,0.9011,-0.0785
307000,-1.06,-0.9263,-5.7112,-4.3327,-6.0791,-0.7733,-0.0833
307010,-0.57,-8.0888,-9.1838,-5.8604,-7.1961,-0.38,0.0362
307015,1.34,0.0,0.1555,0.1449,0.0992,-0.3691,0.5881
307020,0.64,-326.69,-294.1622,-353.2926,-233.4566,0.1936,-0.9247
307030,0.24,0.0353,-0.014,-0.2973,-0.4479,-0.0673,-0.0645
307040,-5.22,-0.1287,-95.3898,-31.2637,-16.1547,0.3771,-0.0955
307045,1.3,0.0042,0.0212,0.1887,0.0002,-0.6629,-0.2469
307050,0.67,4.656,4.318,6.4324,17.8776,0.1063,-1.2072
307060,0.57,-0.0265,-2.1513,-0.1933,-2.4311,0.2138,-1.3066
307070,0.7,-0.2574,-1.9094,-1.6684,-8.2448,-0.1916,-0.2542
307080,0.69,-0.2073,-0.2237,-0.329,-0.9999,-1.4113,-0.9995
307090,0.57,-0.0267,0.0108,-0.1123,-0.4387,-0.0365,-0.256
307260,0.96,-0.7864,-1.2004,-1.425,-2.0108,-0.2095,-0.0748
307270,0.37,0.0118,0.0078,0.0003,0.1097,0.1447,-0.7975
307450,-0.29,-2.0878,-3.7069,-0.8657,-1.541,-0.4826,-0.0724
307460,1.16,-0.0298,0.0004,-0.0722,-0.4564,-0.3045,0.2345
307470,,-0.151,-0.0742,-0.09,-0.004,,
307480,0.95,-13.5864,-0.2646,-8.8696,-2.6855,-0.251,-0.4496
307570,-3.03,36.5605,5.2296,1.669,10.3479,0.7839,-0.0116
307575,0.79,0.2074,0.9098,0.0731,-0.9114,1.1053,-0.7614
307580,-0.12,-0.1483,-1.3568,-0.9351,-0.1019,0.6085,0.1439
307590,-3.04,-0.9028,-0.2216,0.0607,-0.3388,-0.4794,-0.245
307600,-0.51,0.5679,0.5419,1.2696,0.1681,0.1227,-0.4893
307603,-0.3,-0.5244,-3.3946,-6.5034,-5.9658,-0.4423,-0.551
307605,0.13,0.3701,1.826,3.4196,0.6081,-0.1456,-0.3778
307610,-5.09,-0.3952,-6.0185,-3.9432,-1.832,-0.0561,0.1238
307620,-1.25,-0.0206,-0.6217,-0.431,-0.1229,0.3912,-1.5111
307630,-0.43,-1.3582,-6.8866,-7.2603,-14.2175,-0.3419,-0.6191
307640,0.01,0.0414,-0.1284,-0.1022,-0.6398,-0.41,-0.1133
307650,-0.92,-0.5764,-0.6006,-2.673,-3.3967,0.1646,-2.3942
307760,0.25,-8.4124,-6.2378,-3.5866,-7.1178,-0.1397,-0.1982
307770,-3.98,-5.4915,-176.7244,-40.8509,-80.5881,0.3741,-0.1175
307780,-0.44,-3.2698,-1.7098,-1.9284,-2.1122,-0.5647,-0.1725
307790,0.15,-0.3461,-0.2488,-0.2716,-0.0124,0.1359,-1.1436
307800,-0.85,-0.5619,-2.8308,-2.7155,-1.2903,0.5497,-0.0413
307810,-1.35,-1.7482,-0.0192,-0.0891,-0.0013,0.6396,-0.8811
307820,0.04,-1.0996,-0.0968,-0.7486,-1.3036,0.5541,-0.2809
307830,1.36,-0.2355,-1.0322,-4.2654,-1.774,-0.4051,-0.5115
307840,-0.08,-4.377,-2.7843,-5.2658,-11.0008,0.1973,-0.5917
307850,-1.88,-1.9393,-0.7921,-0.1046,-0.0792,0.4022,-0.0407
307860,-1.53,-5.0043,-1.4777,0.0111,-0.0001,0.8177,0.6817
307980,0.28,0.0957,0.0007,0.0069,0.0022,0.0551,-0.4889
307990,0.11,0.1092,-0.0012,-0.8394,0.0025,0.3041,-0.6603
308000,-5.22,-5.7512,-0.0785,-0.178,-0.2401,0.5105,-0.0158
308010,-1.1,-2.423,-0.0526,-0.0431,-0.7992,-0.204,-0.1663
308020,1.03,-7.4209,0.0716,-1.1881,-0.228,0.0658,-0.1338
308030,-4.99,1.9703,0.39,0.7115,0.0012,0.599,-0.0407
308040,-4.58,-2.554,-0.4497,-0.9754,-0.0901,0.599,-0.0407
308050,-3.5,-2.8207,-1.7702,-22.2955,-8.6179,0.5244,0.0999
308060,-1.61,15.2686,2.383,6.2639,2.7184,0.0585,-0.2066
308070,-2.65,-43.1626,-39.4015,-31.7714,-45.9513,0.0167,-0.264
308075,1.46,-0.0033,-0.1823,-0.481,-0.8533,-1.3046,0.7185
308090,,-511.1674,-835.704,-380.4982,-527.0583,,
308093,,-0.0004,-0.0099,-0.6241,0.1917,,
308580,-3.96,-1.7614,-19.547,0.0988,-1.5946,0.4466,-0.0407
308590,-1.1,144.325,71.9644,90.6487,53.2798,0.0004,-0.0195
308810,-2.145,3.2371,0.006,0.0797,-1.485,0.2618,-0.1055
308830,-0.17,43.6122,7.3585,23.7795,7.8873,-1.0053,0.7904
308840,1.84,2.5614,0.3365,0.0793,0.0601,0.0942,-0.2231
308850,-1.01,-0.3136,-5.9192,-17.0998,-20.8549,-0.5513,-0.2563
308860,-0.37,-1.9671,-5.9519,-0.4727,-3.8393,0.0725,-0.3621
308870,-1.73,-17.4609,-68.0454,-21.5773,-57.1838,0.6425,-0.5525
308880,-2.2,-0.1498,-0.5272,-0.0114,-0.0307,0.0857,0.355
308890,-4.81,0.0972,-131.4875,0.0,-19.8741,0.251,0.1268
308920,-4.57,14.0647,11.5438,6.7414,3.7323,0.4539,-0.0467
308930,-1.69,12.9485,23.1822,38.012,14.685,0.5387,-0.3583
308940,-4.46,3.116,-0.0925,-0.0474,0.1629,0.3389,-0.0785
308945,-0.79,-0.0226,-0.5744,-0.1233,-0.2897,-1.4393,1.6026
308950,0.77,0.8425,-0.5166,-0.4776,-0.4218,-0.2816,0.1359
308960,0.14,-0.2155,-0.0237,-0.0018,-0.0548,0.2136,-0.3619
308965,1.66,-0.0105,-2.1876,-0.1939,-0.618,-0.0262,-0.1996
308970,2.51,1.2947,0.0426,0.0806,0.0795,-0.0171,-0.1486
308980,-4.69,1.4394,-0.0323,-0.0046,-7.3201,0.5889,-0.0407
308990,1.1,0.4485,0.0117,0.0542,0.133,-0.8668,-0.8965
309000,-2.16,-60.731,-48.1294,-22.11,-22.6429,0.3771,-0.3656
309010,-3.16,-1.3102,-4.7878,-12.4887,-7.0479,0.4951,-0.0508
309020,-3.97,-2.991,0.0693,0.0143,0.4312,0.7954,-0.4169
309025,-0.83,0.0846,-0.0163,-0.0,0.1,-0.1856,-0.1642
309030,1.36,0.1196,-1.2682,-1.5912,-1.7418,-0.2773,0.4263
309040,-4.58,0.0084,0.3929,5.8138,0.4227,0.4028,-0.0143
309050,-4.08,-44.1703,-23.0991,-44.5149,-26.3419,0.3454,0.2804
309060,-0.84,-1.336,-6.1844,-4.4102,-5.2525,-0.933,0.5336
309070,-1.91,-0.2221,-20.4807,-2.4046,-42.2967,0.666,-1.2614
309080,-0.85,-2.5791,0.021,0.5427,-5.1708,-0.6664,-0.5868
309090,-1.69,-1.2602,-16.5611,-5.3477,-9.1817,0.1415,-0.0174
309095,0.34,-1.8461,-2.9045,-2.022,-0.0645,0.0195,-0.6773
309100,-2.2,-0.0237,-0.1224,-0.0634,-0.4195,0.5142,-0.0665
309110,-2.38,-0.214,-6.4877,-3.1233,-1.7305,0.6285,-0.2171
309120,-5.62,15.5201,7.1047,6.078,4.1702,0.5894,-0.0407
309140,-4.02,-21.8332,-16.3901,-15.8823,-8.0396,0.5889,-0.0407
309150,0.98,-0.0001,-0.1093,-0.0312,-2.1296,-0.2263,-0.1833
309160,-0.13,0.3569,1.0552,5.1139,1.4037,-0.2049,-0.5591
309170,-2.66,-3.4464,-0.8842,-10.2011,-7.2307,0.3325,-0.2617
309180,0.68,0.181,-0.0644,-0.0294,-0.1175,-0.373,-0.5297
309190,-0.38,-10.8535,-0.2832,-2.9144,-0.2602,0.6809,-0.9985
309195,1.05,25.6178,33.1136,67.5477,37.1797,-0.5643,-0.0957
309200,0.41,11.7128,9.0615,34.9096,14.03,-0.0275,0.7646
309210,1.0,-2.7675,0.3263,-0.0198,-2.3484,-0.2081,-0.189
309220,-4.23,0.0044,2.7079,1.5251,1.8203,0.5459,-0.0322
309240,-0.95,19.9622,0.0042,6.9261,0.3959,1.0731,-0.4648
309250,-4.57,-2.4915,-4.0633,-0.773,-7.7855,0.0758,0.1785
309265,-3.48,-2.7828,-0.9807,-0.3219,-2.5788,0.8639,-0.1908
309280,-1.9,-0.0186,-0.17,-0.0352,-2.8847,0.9264,-0.6875
309290,-3.44,-0.6147,-15.9206,-6.751,-2.0828,0.4188,-0.0379
309300,-0.35,0.5882,0.5702,3.4355,0.07,0.1632,0.8991
309330,1.33,-0.0945,-0.3192,-0.044,-0.0077,-0.1595,-0.6142
309352,1.98,-0.0428,0.0866,-0.2424,-0.0909,0.182,0.1988
309370,-4.71,-1.3001,-0.4264,-0.6748,-0.8304,0.6654,-0.0657
309380,-3.54,0.6513,2.2406,0.1232,0.0876,0.5087,0.079
309390,-4.95,-0.0164,0.0506,0.0165,-0.9718,0.4753,-0.0508
309400,-1.94,-0.0715,-9.7632,-3.6973,-4.654,-0.1211,-0.6141
309405,1.1,0.0,-0.1949,-0.1771,0.0184,0.0005,-0.4845
309410,0.55,0.0757,0.0361,0.5059,0.1601,-0.522,-0.3363
309420,-4.77,1.3015,-0.308,-0.1027,-0.9312,0.5107,-0.2906
309530,0.72,1.0846,0.0373,0.9661,0.1632,1.4661,-0.4839
309540,-0.66,0.1038,0.0948,-0.0031,0.2956,-0.1612,0.0105
309550,1.09,-1.3264,-2.4981,-5.7341,-1.5207,0.3712,-0.1648
309560,1.21,-0.9773,0.0028,-5.4561,-0.9465,0.2958,-0.1395
309570,-1.94,0.0005,-0.4263,0.1694,-0.0845,0.8341,-0.2465
309580,-4.04,-27.4445,-94.3216,-37.1489,-88.5335,0.599,-0.0407
309590,1.59,-49.5861,-9.9585,-12.1211,-5.2851,-0.1119,-1.1927
309600,1.5,225.9569,268.0686,251.5783,93.7555,-0.2092,-0.2107
309610,0.36,-44.1921,-5.2469,-4.6518,-0.2618,2.5248,-0.9863
309720,-2.11,-18.0346,-9.8037,-28.3324,-19.2052,0.2621,-0.4078
309730,-1.98,83.0343,0.3892,4.8525,-0.051,0.7069,-0.1322
309740,-4.92,-2.1614,0.4935,0.0613,0.4176,0.2385,-0.0407
309752,-3.19,-21.9718,-13.7497,-6.4516,-4.356,0.5576,-0.0407
309760,2.18,-5.71,-0.995,-0.7151,-0.3146,0.1682,-0.1606
309770,0.11,-0.0027,0.0001,-0.0297,-0.4097,0.3274,-1.2353
309780,-4.13,-0.3347,-1.5637,-0.0935,-0.8418,0.6092,0.3808
309790,-3.64,-0.0039,-12.2953,-0.0624,-9.1941,0.4121,0.0511
309800,-0.84,-20.3825,-197.1902,-30.4517,-21.7771,0.8797,-1.2425
309810,-5.0,0.1679,0.0951,0.0476,0.0846,0.3904,0.0641
309820,-4.13,-0.9112,-0.0003,-0.6678,-0.8816,0.599,-0.0407
309830,2.22,-0.091,-0.1337,-0.5093,-0.806,-0.1038,0.4374
309840,1.17,0.0005,-0.2788,-0.0798,-0.1335,0.2106,-0.7613
309850,-1.61,-3.1269,-14.5927,-10.1366,-3.2495,0.9683,-0.8958
309860,0.71,0.0158,-0.456,-0.5489,-0.2964,0.25,0.0494
309865,2.85,0.1548,0.0083,0.3604,0.1646,-0.4604,-0.1076
309870,0.82,0.7308,0.7285,1.8437,1.8783,-0.1075,-0.627
309880,0.37,-0.2004,-1.6756,-0.3052,-0.0183,1.3775,-1.757
309885,0.64,0.0003,-0.0439,0.7775,0.03,0.0549,0.0357
309890,0.26,1.6459,0.0085,-0.1035,-0.0047,1.4461,-0.9235
309910,-0.5,-0.018,-1.5384,0.0,-1.2696,-0.0278,-1.1921
309920,1.21,0.9766,0.0888,1.8564,1.4565,0.0456,0.5493
309930,-1.13,-0.0004,0.3125,0.0306,0.1251,0.2839,-0.2674
309940,-4.88,-18.3192,-26.2632,-20.3398,-43.0204,0.4832,-0.0407
309950,-3.19,-25.6872,-10.3903,-4.3647,-10.0178,0.504,-0.0407
309960,-3.085,0.67,-0.6052,1.3396,1.9636,0.4607,-0.5079
309980,0.05,0.3187,1.0358,1.0563,1.0151,-0.258,0.2571
309990,2.27,-0.0132,0.3721,0.0731,1.2114,-0.2029,-0.1772
310000,0.68,33.8951,0.4176,13.6791,0.1593,-1.087,-0.0079
310005,2.05,0.3487,0.2411,0.1172,-0.9312,-0.5998,-0.191
310010,-0.34,-32.2749,-15.1376,-14.8363,-15.5357,-0.0686,-0.8628
310020,1.7,0.2161,0.2647,1.048,1.9581,-0.0845,-0.0641
310030,1.17,-5.6467,-19.658,-2.1745,-1.5511,0.3654,-2.0952
310040,-2.07,-0.2758,0.1732,-0.0105,-0.0332,0.5639,-0.2097
310045,1.11,0.0,0.2267,0.2408,0.0349,0.0689,-0.2665
310050,-0.77,-0.0284,-5.4458,-0.7267,-1.546,0.5248,-0.0717
310055,1.19,-0.0594,-0.1705,-0.0146,-0.0616,0.0838,0.0668
310060,1.45,-7.3316,-4.9066,-4.4156,-0.6442,-0.2202,-0.2104
310070,-1.22,-0.1209,0.5666,-0.4422,-0.4727,0.8582,-0.4982
310080,-2.53,61.0757,1.8376,25.8036,0.5925,1.7843,-0.4437
310090,-0.5,-2.3533,-4.7061,-2.5913,-3.3852,0.2277,-0.091
310100,-4.66,-1.236,-33.194,-35.7735,-7.486,0.4341,-0.0407
310118,-5.58,-0.6867,0.9465,0.5393,0.658,0.4902,-0.0407
310130,-4.49,-13.3876,-22.1203,-31.477,-30.8901,0.6014,0.0813
310140,-3.14,3.1795,2.9927,0.3692,0.0563,-0.2981,-0.6385
310150,0.26,-1.4314,-0.1552,-4.9638,-0.5291,-0.0902,-0.8672
310160,-0.51,-0.0298,-0.4149,-0.7164,-1.2198,-0.4429,-0.1351
310170,-1.22,-70.2813,-6.3251,-0.398,-2.1077,-0.4831,0.5947
310173,0.81,-0.0012,-1.4371,-0.4459,-0.2682,-0.6922,0.1182
310177,1.04,-0.663,-0.2018,-0.014,-0.0251,0.1043,0.1564
310180,-3.4,-0.2726,-1.6026,-0.0216,-0.4074,0.4653,-0.0407
310190,-2.28,-0.0158,-5.8791,-3.4554,-8.2683,1.0641,-0.3537
310200,-0.84,0.2081,3.0954,8.0572,6.0501,-0.9722,0.1982
310210,0.35,-0.7376,-3.7114,-3.2957,-1.7408,0.6283,-0.8289
310215,1.3,-0.5998,-0.0008,-0.2437,-0.1562,-0.3537,0.5957
310220,-1.36,0.746,-0.0017,0.0074,0.1348,1.2724,-0.9281
310235,0.45,0.1972,0.939,5.5489,0.9425,-0.0825,0.029
310240,-1.48,0.0063,-0.0043,0.4323,0.3309,0.4029,-0.2641
310250,-3.24,-8.5804,-2.3952,-2.2316,-2.7269,0.6153,-0.4468
310260,-0.21,-0.1846,-0.0228,-1.1351,-0.6175,-0.2168,-0.4464
310270,-1.55,160.9041,25.745,72.2595,53.3373,-0.0282,0.1878
310275,-0.8,-0.0029,-0.0328,0.0203,-0.1988,0.5059,-0.3409
310280,-4.34,-11.5995,-9.0743,-30.5901,-3.5204,0.1755,-0.0472
310290,-6.7,0.1229,-0.3376,3.0101,-0.0033,0.599,-0.0407
310300,-3.8,0.9425,-0.4039,-3.9143,-9.3642,0.243,0.0011
310310,-4.37,0.1595,-0.9774,0.0159,-0.741,0.538,-0.0407
310320,-0.08,-1.3372,-0.4479,-0.012,-1.0482,-0.1603,-0.9313
310330,-3.74,-0.7635,-53.2872,-7.5159,-17.8891,0.8797,-0.0043
310340,-1.11,-0.5521,-0.0164,-0.0465,-2.4343,0.1328,-0.8258
310350,-2.41,14.2663,0.0012,1.2045,0.071,0.5656,0.0361
310360,-4.49,-1.2171,-10.8534,-16.7465,-23.0609,0.5889,-0.0407
310370,-1.87,0.7331,-0.128,0.2431,-1.6586,1.0457,-0.8114
310380,-4.7,-18.5527,-15.3019,-30.1547,-7.5812,0.6092,-0.0508
310390,2.08,-2.9622,-0.2931,-0.0434,-0.4818,-0.3468,-0.3052
310400,2.45,4.8518,0.4876,2.7344,1.7044,-0.1354,0.0141
310410,-0.56,17.0357,1.8839,2.3598,5.4303,0.4702,-0.3346
310420,1.89,-17.7576,-20.3646,-23.762,-29.9337,0.1508,-0.7349
310430,-3.71,-0.1246,0.2939,-1.1441,-1.8425,0.536,-0.3776
310440,-4.55,14.0054,7.2078,5.7607,7.2097,0.7668,-0.1875
310450,-1.24,0.0215,-0.0128,-0.1357,-0.0448,0.4719,0.0771
310455,1.47,0.5569,-5.7934,-0.2012,-2.4866,-0.5309,-1.5368
310460,-0.13,-369.0803,-132.8491,-205.349,-169.1531,0.1141,-0.2124
310470,-4.18,1.2979,-1.8182,-0.5996,-17.0783,0.8895,-0.3805
310480,0.98,-0.1204,-3.775,-0.9027,-1.1416,-0.1907,-0.2042
310490,-5.95,0.0051,0.0327,0.0233,0.0657,0.5867,-0.0407
310500,-4.1,-12.4609,-3.1935,-11.4399,-14.0127,0.3273,-0.0407
310510,0.28,0.0014,0.0,2.2336,5.2307,0.1032,0.089
310515,1.93,0.6348,0.7233,0.501,0.2548,0.3044,-0.3215
310520,-0.06,-1.5116,-0.3577,-1.6317,-1.3458,-0.2636,-1.0824
310530,-1.68,0.5578,0.4771,0.7421,-0.3341,-0.2151,-0.5058
310560,-2.49,-41.6507,-93.6496,-21.3166,-57.1363,0.7026,-0.1242
310570,-0.89,-0.0898,-4.9694,-4.8566,-12.0006,0.2566,-0.4601
310580,-1.56,-0.0387,-0.019,-0.0685,-0.8775,0.3119,-0.0455
310590,-0.73,0.1651,0.1935,2.6659,1.5237,0.2769,-0.7799
310600,0.89,-12.668,-1.0758,-0.5671,-1.132,-0.0256,-0.9985
310610,0.47,-0.0004,-0.038,0.0612,0.076,0.4223,-0.42
310620,-0.28,1.8184,0.0062,-0.0609,0.0012,-0.298,0.1188
310630,0.0,-0.661,-1.1293,-4.0748,-3.4897,0.4802,-0.0072
310640,1.76,0.3927,0.004,-0.004,-0.6354,-0.0223,-0.1245
310650,2.07,-0.0605,-0.3489,-0.7585,-0.3089,-0.3434,0.0974
310660,0.77,0.1323,0.0289,0.1484,0.0347,-0.2011,-0.5617
310670,1.01,-0.3531,-1.664,-10.1878,-11.9137,0.9819,0.2356
310680,0.66,0.318,0.0751,-0.2578,-0.1454,-0.0274,-1.1505
310690,-0.12,0.0072,-0.1297,-0.0435,-0.1542,0.3808,-0.2759
310700,-4.72,-2.7965,0.3239,0.0334,0.3445,0.4246,-0.2822
310710,-4.01,-0.0009,-6.186,-1.3282,-1.103,0.7317,0.0382
310720,-4.37,-16.4706,-37.3482,-14.7017,-30.4341,0.6758,-0.1175
310730,-0.55,-0.251,-3.1509,-0.0577,-0.3665,0.2153,-0.2974
310740,1.08,-0.488,0.07,-0.0069,-0.36,-0.5149,0.119
310750,-6.01,-0.0133,-6.7213,-13.9379,-12.253,0.2955,0.216
310760,0.55,2.1109,-0.0794,3.1473,2.8418,0.2969,-0.6504
310770,-2.87,-0.413,-5.8402,-3.4384,-1.7505,0.6693,-0.111
310780,2.36,-18.0274,-1.4447,-0.0695,-1.5076,-0.1307,-0.5091
310790,-3.1,-20.9929,-6.7601,-20.8558,-19.7883,1.1761,-0.5409
310802,-1.26,6.0292,0.0357,-0.8935,-0.0004,0.6058,-0.4575
310810,0.51,1.6772,-0.0242,0.0006,-3.4775,0.1554,-0.7106
310820,-0.29,-1.9147,-23.3047,-4.4234,-16.8742,0.732,-0.8163
310830,0.02,-0.0753,0.0688,0.0644,-3.2906,0.0962,-1.0075
310840,-2.94,0.2766,0.0003,-0.7399,-0.0914,0.2072,0.4151
310850,-2.81,-7.278,-3.4939,-8.3693,-12.6427,0.5771,-0.1004
310860,-0.51,-9.9906,-19.459,-10.1463,-10.8901,0.4607,-1.0482
310870,0.35,-0.7799,-0.0284,-0.0017,-0.2805,-0.0318,-0.6574
310900,-5.07,-14.667,-30.6546,-17.8802,-15.7184,0.963,-0.3819
310910,-2.79,0.1815,0.0002,2.3376,0.8005,-0.3324,-0.4026
310920,-0.47,0.4561,-0.7161,-0.3961,-0.5453,-0.3501,-0.47
310930,-3.02,-32.58,-19.2494,-37.2019,-18.3853,0.3159,-0.0321
310940,1.22,-2.0883,-0.5652,-0.1401,-1.1845,0.1006,-0.5337
310950,-4.42,-0.0014,-5.462,-2.3248,-0.1574,0.376,-0.0407
310960,-2.18,-1.6812,-16.8883,-2.1831,-8.1404,0.1276,0.3563
310970,-2.22,2.4103,-8.2516,-1.0369,-7.8575,-0.0654,-0.3331
310990,1.53,-0.0037,0.3712,2.1837,0.3282,0.6258,-1.6134
311000,-1.78,0.6311,-3.0314,-0.0001,-0.1074,0.7292,-0.1429
311010,1.74,-1.3723,0.0465,-0.0182,-0.3562,0.3317,-0.5538
311020,-2.71,-13.9891,-69.9634,-16.1328,-36.5053,0.3932,0.4048
311030,-3.56,-0.5183,-29.8948,-8.278,-23.1531,0.4694,0.065
311040,0.29,-1.8489,-2.4792,-0.9326,-3.3463,0.5599,-0.4725
311060,-2.3,7.4171,16.7451,5.3745,1.7513,0.3089,0.1553
311070,-0.63,-0.1059,-0.4887,0.0325,-0.1823,0.1789,-1.2062
311075,-0.31,-0.0367,-0.0016,-0.0125,-0.3747,0.5925,-0.8594
311080,-4.44,-17.5481,-1.4796,-4.5513,-1.8874,0.6758,-0.3491
311090,-1.12,-20.6312,-80.3943,-100.7464,-89.1672,1.7841,-2.6564
311100,2.38,0.2371,-0.0247,-0.0454,0.0069,0.2955,-1.3152
311110,0.7,-3.0658,-7.9578,-5.8467,-12.133,0.7616,-0.6708
311140,-0.58,-12.9881,-4.9669,-7.7476,-5.7498,0.0933,-0.2004
311150,-4.2,0.0888,0.0,-0.0089,0.6047,0.5889,-0.0407
311155,-2.08,74.5449,30.2413,83.6189,34.549,0.6423,-0.2362
311160,-0.25,-51.1628,-19.9054,-9.7658,-3.0071,0.0935,-1.2823
311170,1.25,-0.3231,-1.458,-0.2029,-0.5508,-0.1522,0.1205
311180,-2.66,-2.2626,-2.8798,-2.1194,-5.752,0.258,-0.0284
311210,-4.68,42.0475,4.1297,31.2931,5.8402,0.599,-0.0407
311220,-1.04,-0.4131,-0.6837,-0.0819,-0.2821,0.7767,0.1763
311230,0.74,0.0217,-0.0001,0.0118,0.0033,1.0752,-0.7199
311240,-3.96,-0.4989,-66.6576,-49.0644,-65.8308,1.1669,-0.6187
311250,-2.04,0.9331,-0.2974,0.0135,-0.228,0.4906,-0.7105
311260,-0.33,-0.0528,-0.8136,-0.0783,-2.0745,0.5808,-0.892
311270,-3.0,-0.1683,0.0,0.0939,0.0002,0.0743,0.6875
311280,-0.85,-9.2913,-4.1532,-4.8079,-3.046,0.3509,-0.2493
311290,-3.86,-0.0393,-1.0261,-1.1778,-22.5877,1.0101,0.3036
311300,1.08,0.1658,1.8249,3.6947,1.0964,0.0849,-0.2495
311310,-3.24,0.8031,0.2142,0.7562,1.2024,0.3911,-0.0305
311320,-3.41,-8.903,-17.2968,-10.0554,-15.2394,0.3091,-0.5954
311335,1.61,0.1054,0.0411,1.1579,0.6351,0.1906,0.2952
311360,-2.15,11.8472,0.052,3.2396,0.0004,0.8992,-0.6399
311370,1.97,0.0116,-0.6434,-1.6289,-1.2528,-0.405,0.36
311375,2.41,-0.4784,-0.7953,-0.6807,-0.7095,-0.1318,-0.0364
311380,-1.15,-0.1909,-1.8238,-2.0243,-3.1851,-0.1998,-0.6496
311390,1.42,-0.1376,-2.9679,-2.2051,-4.0379,0.6205,-0.092
311400,-5.53,-0.6803,-0.1571,-0.3953,0.0111,0.5889,-0.0407
311410,-3.57,-0.0487,-16.8371,-5.3378,-1.3126,0.7096,-0.6052
311420,1.72,0.0224,-0.0371,-0.3746,-0.1046,-0.3702,-0.1319
311425,1.72,-0.0056,0.0121,0.0063,-0.0007,-0.0149,-0.6345
311430,-5.21,-5.8489,0.6751,0.0478,0.4572,0.2173,-0.0656
311440,2.92,-0.1217,-0.2533,-0.3605,-0.3913,-0.2498,-0.5106
311450,-4.64,0.0011,-6.6948,-0.5761,-0.6889,0.4285,-0.0407
311460,-4.07,-0.0013,-0.2564,-0.2813,-15.8075,0.566,0.6657
311470,-4.34,1.1953,-10.5361,-13.8861,-5.9793,0.5454,-0.0407
311480,0.15,-8.5993,-1.6428,-5.6953,-2.8372,0.329,-0.8487
311485,1.27,0.3065,0.1791,-0.1436,-0.0178,0.0298,-0.5772
311490,0.69,-0.6538,-0.2626,-0.1276,-0.3531,0.6454,-0.9156
311500,-3.59,-0.0583,-20.9115,-9.7749,-20.2943,0.4697,-0.0407
311510,0.86,-0.1705,-0.6569,-0.8545,-0.6228,0.0704,-1.1022
311625,-3.31,-0.9721,-20.9101,-2.5368,-11.2139,0.9964,-0.5326
311640,0.83,-0.1069,-0.12,0.4035,-0.0004,0.1747,0.1399
311650,-1.59,0.1564,0.1269,0.4773,0.0067,-0.5223,-0.1317
311660,-1.39,1.1778,0.0755,5.2705,5.9912,0.6865,-0.1163
311670,0.76,-0.053,-0.0352,-0.862,-0.4001,-0.0041,-1.9179
311680,0.28,0.0143,0.3428,0.6338,1.351,0.7537,-1.5862
311690,-0.08,-0.0831,-1.1642,-5.1301,-2.5147,0.6149,-2.2861
311700,-0.41,-0.5983,-2.7798,-0.1313,-0.0,0.1312,-1.2847
311710,-0.08,0.0074,-0.0057,0.0248,0.037,0.268,-0.1393
311720,-5.5,0.2641,0.2265,0.8485,1.3215,0.463,-0.0407
311730,-3.13,1.1998,2.559,2.2657,1.3173,0.402,-1.0008
311740,-1.88,-0.1413,-12.3584,-8.4654,-2.5446,-0.8909,0.2754
311750,-0.99,0.0639,-2.723,-0.9367,-0.5864,0.5537,-0.7136
311755,-0.17,1.2855,-0.1007,0.0608,-0.1591,0.4063,-1.125
311760,0.79,-6.3881,-0.9406,-0.0569,-0.2603,-0.1664,-0.5772
311765,1.49,0.0599,0.1347,0.1169,-0.1005,-0.2875,-0.8345
311770,-0.11,0.0307,-1.0786,-1.8492,-3.1035,0.5777,-0.57
311780,0.28,0.0998,-0.0157,-0.386,-2.6931,-0.1606,-0.7161
311790,1.06,27.4224,2.4556,34.7939,15.3923,1.0463,-0.4923
311800,-0.58,-0.2807,-6.0018,-3.1187,-2.7225,0.0323,-0.7273
311810,-5.07,-29.5153,-21.0634,-8.2952,-15.9213,0.599,-0.0407
311815,-0.6,0.0008,0.0077,-0.1486,-0.0904,-0.4254,0.3855
311830,1.55,0.4439,0.3866,0.2913,0.8154,0.0324,-0.9438
311840,1.83,-0.0204,0.001,-0.2094,-0.3171,-0.5979,0.531
311850,-2.53,0.5652,-3.1846,0.0615,-0.4807,0.5995,0.3671
311860,-1.82,-34.9588,-50.3054,-23.1299,-107.3847,0.3349,0.2488
311870,-3.92,-0.334,2.0661,0.5461,0.8486,0.4788,-0.0407
311880,2.34,-0.1018,-1.437,-1.2276,-0.8591,0.4059,-0.2298
311890,0.62,-0.476,-1.3389,-3.9139,-3.9964,-0.5772,-0.0583
311905,-3.17,-0.5416,-26.9327,-9.0951,-9.5347,0.599,-0.0508
311920,-2.92,-6.8811,-7.7944,-8.6803,-4.9977,0.4477,-0.4677
312050,-2.83,-2.3665,0.9969,0.0468,0.2591,0.6571,-0.2812
312065,-5.02,1.1968,-0.0006,0.08,4.0017,0.5369,-0.0407
312075,-1.21,-3.5189,-17.0643,-11.1697,-12.2571,0.5947,-0.6609
312090,-4.32,0.3817,4.7614,4.0993,5.6332,0.5249,-0.0407
312100,-0.42,93.4066,57.4889,49.4351,25.4761,0.2736,-0.0714
312105,1.42,0.0919,0.0488,0.7924,0.2137,0.7902,-1.6441
312110,-4.16,0.0611,-0.0178,0.0015,0.0196,0.6092,-0.0508
312120,0.51,-0.0244,0.0012,1.4959,0.087,-0.2503,-0.0201
312130,-0.8,-0.0169,-0.6707,-0.0453,-0.0011,0.2703,0.2313
312140,-3.93,-0.0243,-21.7068,-10.8009,-36.6066,0.4758,-0.0407
312150,-0.23,-7.5447,-2.7401,-7.0763,-1.0116,0.4295,-1.7255
312160,-1.29,-0.0264,-0.4289,-0.0618,-0.4014,0.5422,-0.3143
312175,-2.14,-0.2529,-0.7902,-0.0919,-1.4278,0.0502,0.2365
312190,-4.76,0.1719,-12.873,-10.1311,-11.3942,1.0196,-0.9294
312200,0.71,43.0251,15.3787,29.8975,11.8571,1.5505,-0.5438
312210,-2.25,0.1317,0.1414,1.0145,0.8,0.337,0.0086
312220,-1.7,0.0047,0.0365,0.0259,0.1345,0.5169,-0.2254
312230,-5.3,-0.106,0.2699,-0.0173,-0.0052,0.5889,-0.0305
312240,-3.62,0.0717,0.0,-0.3415,-0.3316,0.3266,-0.1984
312245,-0.76,4.8817,0.977,0.1744,-0.3652,0.335,-0.2552
312250,-0.9,-4.3065,-13.8565,-16.5966,-20.7013,0.7331,0.3091
312260,-3.58,-0.2525,-17.6645,-6.9661,-5.73,0.3643,-0.1787
312270,-0.13,-2.5755,-18.6083,-13.8708,-8.9541,0.3196,-0.403
312280,-4.56,-0.7405,-0.7904,-1.8838,-0.0009,0.8893,-0.2683
312300,-1.19,-15.4386,-6.9187,-3.1227,-10.1076,0.7913,-0.7602
312310,-0.84,0.1098,-0.1625,-0.0491,-0.2632,0.4222,-0.4758
312330,-4.44,-1.2797,-15.41,-13.9152,-4.6148,0.599,-0.0407
312340,-1.16,-5.254,-9.0867,-6.9732,-2.0011,1.533,-1.4131
312350,-0.4,-0.2203,-0.7534,-0.913,-4.1229,-0.2415,-0.3115
312360,-5.09,-2.9197,-29.9889,-23.1812,-49.9648,0.599,-0.0407
312370,-0.14,0.0293,0.0398,-0.0005,-0.1113,-0.0521,0.4202
312380,0.12,-1.0561,-0.2071,-2.3491,-2.2161,0.0457,-0.1939
312390,-3.87,-0.0476,-1.0744,0.3671,0.0158,0.2582,0.0089
312400,-5.15,-20.5941,-9.4342,-8.7057,-10.9313,0.5679,-0.1546
312410,0.31,0.581,0.0869,0.0318,-0.0181,0.6407,-0.5604
312420,-1.15,265.5318,72.8385,3.9687,28.5624,3.1104,-1.7503
312430,-4.88,-5.3487,-16.5539,-36.482,-21.6176,0.4869,-0.3871
312435,0.45,-0.0107,-0.3185,-0.1634,-0.0216,0.0149,-0.4424
312440,2.33,-0.2001,-1.6269,-3.8714,-3.4705,-0.0703,-0.1096
312445,-0.08,-0.1137,-12.8235,-2.1982,-1.6417,-0.7037,0.1142
312450,0.79,0.8823,0.1381,2.9159,1.5751,0.3416,-0.5616
312460,-0.21,8.7523,10.763,6.9129,3.5292,0.0695,-0.051
312470,1.07,-0.0234,-0.3687,-0.1752,-0.3174,0.3117,-1.1287
312480,0.43,0.0914,0.311,-0.1573,-0.0578,-0.703,-0.4251
312490,-0.64,-194.173,-182.8788,-79.4918,-124.0654,0.7436,-1.9451
312500,-3.66,-2.3043,-7.3432,-7.8823,-3.06,0.5555,0.4229
312510,-1.66,0.0297,0.0001,0.0041,-0.1712,0.7335,-0.0242
312520,-0.48,12.2846,0.7395,2.2863,0.127,0.673,-0.2849
312530,0.33,-23.197,-23.2069,-1.3714,-45.5865,0.9107,-1.3474
312540,0.14,0.222,0.0915,1.312,0.487,0.2219,-0.4857
312560,-0.59,-0.0098,-0.3159,0.0055,-1.9237,0.3946,-1.2876
312570,-5.55,-1.4719,-1.4985,-2.1857,-1.8146,0.3813,-0.0407
312580,-0.93,-19.1648,-84.221,-18.7078,-29.6318,0.6458,-0.5834
312590,-3.76,0.0846,-0.1817,-0.115,-0.0046,0.9346,-0.3954
312600,0.55,-0.0038,-0.0907,0.03,0.0049,0.0345,-0.6607
312618,-4.13,0.631,1.8021,2.5925,0.2859,0.3145,0.1323
312622,-4.13,-2.8642,-0.2471,-0.4703,0.0249,0.6284,-0.5365
312630,-3.53,-1.0495,-0.2865,-0.3182,-0.0047,0.5808,-0.028
312635,0.02,0.0016,0.0459,1.4959,0.1613,0.3327,0.1305
312640,0.47,0.0245,0.2739,-0.2527,-0.0692,-0.1472,-1.7001
312650,-5.69,1.5755,0.0804,0.3323,0.0117,0.5492,0.003
312660,-2.44,30.8101,12.7881,19.8878,5.382,0.5419,-0.0407
312670,-3.04,-14.7542,-24.4093,-12.6187,-16.597,0.599,-0.0359
312680,-1.34,-0.0335,-1.1542,-1.5031,-5.7497,0.3339,0.0564
312690,0.51,-21.543,-8.5076,-10.2775,-12.4951,0.6828,0.2346
312700,-2.86,-8.5951,-4.4045,-7.4325,-15.3989,0.924,-0.4112
312820,-1.24,0.0887,0.6354,0.2813,-2.6688,1.1093,0.1784
312830,-1.11,-2.4606,-4.3084,-6.4911,-4.292,0.2684,-0.1011
312840,-1.01,-0.573,-0.0695,-0.4358,-0.6906,0.8554,0.0094
312850,1.59,1.1573,0.3685,0.4129,0.474,-0.1892,-0.429
312860,0.09,-0.0046,0.2444,0.1889,0.2024,0.0104,-0.1568
312875,0.09,1.329,2.0956,6.7751,0.5662,0.2031,-1.8016
312905,-5.62,-4.4986,-15.9056,-8.4516,-7.0354,0.4873,-0.0407
312930,2.0,1.1826,0.0876,0.3312,0.0296,0.1265,-0.1792
312940,-2.27,-0.6194,-22.1779,-0.2059,-2.925,0.1359,-0.4019
312950,1.0,-0.0037,-0.1565,-0.8377,-1.9404,0.5752,-0.865
312960,0.93,-0.0782,-0.363,-1.6606,-0.566,-0.136,-0.4559
312970,1.38,0.0909,0.7946,1.8164,0.2588,-0.3509,-0.2671
312980,-1.52,0.004,0.0956,0.0017,0.1977,0.2144,0.8175
312990,-4.27,1.8837,-0.3072,-0.0001,-0.2539,0.6357,-0.0696
313000,0.65,0.004,0.0012,-0.0135,0.0006,-0.0939,-0.7889
313010,-0.38,-0.1495,-0.0367,0.0129,-0.3566,0.6353,-0.2158
313020,-3.54,-22.1215,-29.3341,-23.9228,-25.9956,0.9366,-1.1691
313025,1.54,0.4183,0.0067,2.1573,0.5855,0.2985,0.4048
313030,-0.44,-128.0809,-69.5281,-76.6732,-83.8256,0.5855,-0.4583
313040,0.95,-45.4862,-22.555,-48.5233,-24.6501,-0.2629,-1.7136
313050,0.37,-1.1096,0.141,0.0001,0.1604,-0.0744,0.1435
313055,1.5,-0.0233,0.0089,0.2054,0.1357,-0.3026,-0.5333
313060,-5.39,-0.1726,-0.178,10.0775,-8.116,0.3016,-0.0407
313070,-0.27,-0.511,-0.4741,-0.3107,-0.0639,0.0594,-0.8519
313080,-4.43,0.115,-1.4691,-0.1789,-0.0055,0.4566,-0.2289
313090,0.58,-1.1653,-0.3765,-0.0478,-0.1934,0.083,-0.1866
313100,-4.16,-0.6782,-0.0121,-0.9375,-0.2515,0.3727,-0.1565
313110,-0.4,-25.4965,-120.8217,-21.4197,-35.0068,0.4991,-0.9201
313120,-4.48,-4.7579,-24.8296,-5.3361,-38.5289,0.3788,-0.0407
313130,-5.73,-4.0043,-5.4699,-14.6402,-11.0608,0.581,-0.0227
313140,-3.04,-71.913,-65.1285,-77.1886,-51.4749,0.7307,-0.049
313150,1.27,0.0187,-0.0584,-0.6913,-0.127,0.0118,-0.6481
313160,-4.02,-2.1756,-0.3681,0.0916,-8.4908,0.4023,-0.1184
313180,-3.67,-28.5441,-6.9821,-11.5905,-20.4042,0.912,-0.3537
313190,0.0,0.0,-0.0027,-0.5002,-6.3812,-0.4662,-0.2453
313200,-3.85,-17.9182,-42.1274,-11.0692,-5.2614,0.3434,0.0393
313210,-1.01,-55.0393,-34.8628,-33.5118,-22.4436,0.2109,-0.0756
313220,-0.99,1.5805,2.8474,3.3928,6.6207,-0.1635,0.508
313230,-4.65,-0.0002,0.0445,-0.1514,-0.0035,0.5433,-0.0407
313235,1.6,-0.08,0.008,0.0134,0.0268,-0.292,0.4005
313240,-4.89,0.0392,-2.7355,-21.3774,-16.0733,0.2764,-0.0089
313250,1.35,2.9378,0.025,2.5221,0.0643,0.2768,-0.4407
313270,-3.31,2.9054,-0.0088,2.8067,0.9938,0.2031,1.3422
313273,-0.21,0.0526,0.0122,1.934,0.9352,-0.6,0.8633
313280,-3.95,-3.7851,-9.9117,-10.9151,-18.8188,0.599,-0.0407
313290,0.13,-0.6296,-0.0732,-0.0065,-0.0622,-0.3516,0.0596
313300,-1.07,-3.5992,-4.2853,-1.8079,-16.7602,0.9924,-1.659
313305,1.43,-1.5794,-10.4163,-2.1705,-3.9448,0.1327,0.0059
313310,-3.08,4.2821,-2.5104,7.3224,-0.4528,0.599,-0.0407
313318,1.46,0.3264,1.2935,2.023,2.1395,0.0021,-0.5171
313322,0.2,-0.0032,-0.0578,-0.0697,0.0008,-0.2376,-0.8783
313330,-0.54,-4.9581,-0.2464,-0.7529,-1.2141,0.7712,-0.278
313340,-0.18,-75.6934,-176.2126,-48.6002,-49.1036,-0.1802,-1.0038
313350,0.08,-85.7254,-102.6776,-85.2562,-121.3247,-0.5106,-0.3568
313360,-3.18,-1.4395,-0.3862,-1.1063,-2.991,0.5423,-0.0407
313370,-0.86,-0.1849,-1.039,0.0442,-17.3892,0.2861,0.1783
313380,-4.7,-5.0414,-4.5496,-6.4033,-4.5209,0.1913,0.0534
313385,0.57,16.5191,2.0181,4.8788,1.9731,1.0048,0.0789
313390,-3.92,-0.0775,-0.272,-0.0117,-2.4193,0.1976,0.1165
313400,-1.33,-14.5933,-1.063,-1.649,-4.4912,1.1502,-0.4125
313410,-4.77,0.1881,0.1673,0.5829,0.9132,0.1103,-0.0407
313418,0.61,0.066,0.5755,1.2849,0.1125,-0.3761,0.0912
313422,-2.3,23.5648,0.2775,10.8716,5.4698,0.6326,-1.6305
313430,-5.87,-8.6131,-6.8076,-0.0128,-0.1255,0.599,-0.0407
313440,1.63,-1.2004,0.0462,0.1048,-1.8348,0.6036,0.0085
313445,-1.57,-0.018,-0.0307,-0.3217,-1.5575,0.9994,-0.5622
313450,-2.88,2.2085,0.1978,-0.2654,-1.5756,1.0237,-0.5069
313460,-2.45,0.2004,-0.0468,-0.0596,-0.1703,0.022,0.5388
313470,0.24,0.151,0.006,0.1609,0.0219,-0.1601,-0.2431
313475,1.68,0.2285,0.0465,0.2272,0.1235,-0.0728,-1.1211
313480,-1.68,0.2906,0.8899,5.0459,0.7201,-0.5116,-0.4779
313495,-4.38,-16.1229,-8.7301,-25.2733,-90.7237,0.6092,-0.0407
313510,-4.96,-5.9978,-4.9566,-7.63,-4.7225,0.4745,0.0856
313520,-3.25,-1.3247,-0.6475,-3.2543,-2.9125,0.2408,0.2754
313530,-4.29,0.7728,3.2601,6.3895,4.3057,0.2295,0.3008
313540,-3.47,-10.4016,-17.7619,-26.0017,-9.0703,0.0308,0.0001
313550,-4.82,-4.9676,-36.9253,-26.2754,-8.8121,0.4793,0.0029
313560,-4.94,3.439,-3.8254,-2.0643,-0.9673,0.1132,0.0079
313570,-2.7,-0.2269,-0.3248,2.3459,0.0752,1.7341,-0.9076
313580,-1.51,-2.6542,-2.323,-2.1215,-4.9081,0.3449,-0.0073
313590,-1.865,-3.2521,-8.3902,-7.0474,-14.5494,,
313600,-1.04,4.2672,-0.0163,0.1684,0.501,2.8841,-2.566
313630,-0.93,0.5453,-1.115,0.1316,-0.0306,1.0526,-1.5642
313640,-2.49,-8.9181,-29.6981,-8.9968,-29.647,0.3106,-0.7023
313650,1.6,-0.074,0.1305,-0.4978,-0.3534,0.189,-0.4064
313660,0.07,-0.0066,-0.3217,-0.5901,-0.1132,0.3736,-0.5245
313665,0.19,-0.205,-2.5195,-0.5196,-3.2201,-0.4888,0.0087
313670,-4.27,-0.1224,-0.361,-0.5857,-1.5465,0.4115,-0.0407
313673,1.36,-0.0686,0.0389,-0.0256,0.0006,0.5311,-1.7849
313677,1.71,0.001,0.0164,-0.0511,-0.0001,0.5778,-1.1585
313680,1.11,-22.4985,-46.0276,-40.4698,-46.5188,-0.1574,-0.7886
313690,-4.61,-7.4632,-1.7759,-3.6362,-1.0808,0.5749,-0.0174
313700,-1.08,0.0343,-0.2203,-0.0363,-1.3636,0.8781,-0.0262
313710,-0.77,18.3544,7.8062,15.3378,0.0768,0.3341,-1.7221
313725,-0.06,-0.0063,1.0882,0.1045,1.7681,-0.2914,-0.4653
313740,1.11,-0.0007,-0.0,-0.0014,-0.1581,-0.0363,-1.2159
313750,-2.59,-8.6011,-8.6723,-4.3982,-1.6947,0.6777,-0.0105
313760,0.24,-0.8068,-1.5144,-2.3456,-0.4297,0.6767,0.0038
313770,-1.54,1.606,-2.066,0.0249,0.0073,0.9687,-0.51
313775,0.82,0.0077,-0.0201,-0.0758,-0.0147,-0.1006,0.0217
313780,0.71,0.0538,-0.6942,-0.1172,-1.3584,1.2853,-1.2149
313790,0.54,-0.8117,-0.631,-1.9082,-2.2791,0.2981,-0.1522
313810,-3.48,-12.6428,-6.2383,-11.8832,-4.9203,0.5844,-0.1103
313820,-1.14,-0.4832,-5.2597,-0.0899,-1.5312,0.5671,-0.0073
313830,-4.82,-0.0565,-6.3583,-6.8468,-3.4267,0.4436,-0.0407
313840,1.52,0.2514,0.0084,-0.0061,-0.0933,-0.0746,-0.115
313848,-0.58,-0.0678,-0.053,-0.0303,-0.2907,0.3898,0.6116
313852,-0.36,-0.0072,0.0001,-1.8217,-1.2621,0.4789,-0.8702
313860,-2.68,-0.113,0.0007,0.0125,0.0385,0.7364,-0.0961
313870,-3.33,49.0734,5.9296,29.5373,10.7074,0.599,-0.0407
313880,-0.31,-3.1521,-3.4611,-5.759,-2.8738,0.3505,-1.0287
313890,0.08,-0.0014,0.1037,0.3767,0.2137,-0.2446,-0.388
313900,0.01,-0.0728,0.1245,-0.0146,-0.0002,-0.3151,-0.6145
313910,-5.42,-1.7393,-0.153,-0.5707,0.2243,0.4789,-0.0225
313930,0.96,-299.9894,-45.8208,-51.9738,-65.8279,0.6005,-0.767
313940,0.29,0.1852,0.6624,1.2061,0.3159,0.2865,-1.6885
313950,0.23,0.0197,0.0272,0.021,0.8373,0.0348,-0.9126
313960,-4.44,-8.948,-12.3463,-11.2971,-22.1872,0.4218,0.2263
313970,-3.6,-3.5396,-133.1402,-52.0981,-70.6013,0.6556,-0.0925
313980,-3.03,-1.8292,-0.1108,-6.1673,-4.693,0.2183,-0.2063
313990,-5.38,0.4684,-0.0582,-0.1352,-0.5603,0.4013,-0.1211
314000,1.1,-0.3545,-0.5783,-1.1701,-0.7455,-0.1203,-0.2294
314020,-1.12,0.0606,-0.0645,-0.1701,-0.3518,0.2524,-0.4861
314030,-1.84,0.0913,-1.8612,-0.3274,-0.293,-0.4094,0.0133
314042,-0.55,8.0256,2.3779,12.85,-0.0193,0.4431,-0.0222
314055,0.55,-0.0466,-0.5867,-0.7339,-0.5146,0.3171,-0.9526
314070,1.83,-0.0853,-0.0005,-0.2261,-0.1623,0.0103,0.51
314080,2.05,-16.7136,-5.7255,-2.7023,-1.1841,-0.1764,-0.227
314090,-4.1,-1.313,0.4526,0.0633,0.3451,0.4892,-0.0407
314100,-1.97,45.9542,25.8252,125.344,55.9384,0.4062,0.0892
314110,1.36,-0.353,-0.6621,-0.7877,-0.5852,-0.0607,-0.1198
314220,-1.17,6.5332,0.6059,0.1655,0.4378,0.6282,-0.6866
314240,-4.75,-5.0665,-13.4243,-29.4543,-15.8,0.6195,-0.2814
314250,1.11,-0.0017,-0.5642,-0.0097,-0.0009,0.6633,-2.594
314260,1.53,-10.4079,-0.0548,-0.7716,-0.1308,0.0885,-0.2188
314265,-0.8,-0.0229,0.2421,-0.0001,0.0234,1.1852,-0.9942
314267,0.02,0.0001,-0.0253,0.3882,0.0001,0.2187,-0.5766
314270,-1.85,1.3629,0.314,1.9319,-0.0132,1.6962,-1.3556
314280,-4.71,0.0627,0.0277,0.0168,0.0556,0.5074,-0.2086
314295,-4.48,-0.6393,-3.9815,-4.0217,-0.9953,0.1403,0.2532
314310,-2.12,-4.4303,-5.2458,-1.9883,-3.6637,0.4637,0.1136
314320,-2.69,-2.0253,-10.6615,-0.1481,-0.0779,0.677,-0.2244
314330,0.8,0.0714,-0.0645,-0.2855,-0.3517,0.5293,-0.1181
314340,-1.21,-0.8633,-0.1867,-1.4407,-4.4422,-0.3082,-0.8951
314350,-0.75,0.0504,0.5025,-0.0387,-0.0283,0.6347,-0.5769
314358,-3.04,-0.0067,-0.6499,-0.3291,-1.2437,-0.1061,0.4453
314362,-0.12,-3.8165,-26.6714,-25.0667,-15.5861,0.2534,0.0091
314370,-4.4,1.7201,-9.3885,-0.0661,-1.4318,0.0104,0.1124
314390,-0.01,-0.2005,-2.2533,-0.4571,-0.0089,0.2786,-0.3652
314400,-1.6,-7.623,-3.575,-0.3496,-2.0061,0.3924,-0.0442
314410,-4.86,-16.7315,-6.0242,-7.985,-3.7624,0.5121,-0.0407
314415,-4.0,-68.6398,-69.4841,-31.2577,-64.6904,0.599,-0.0407
314418,-3.41,-0.3305,-1.4142,-0.5556,-1.8561,0.2077,0.0614
314422,-0.53,-0.026,-0.1284,-1.1379,-0.3039,-0.3161,0.1398
314430,0.97,15.785,1.7031,3.9679,1.3817,0.3272,0.5247
314440,0.75,54.233,9.0193,18.7389,7.3494,1.2268,-0.3451
314450,-1.43,149.566,2.4439,57.4272,19.1564,-0.0086,0.1601
314460,-3.69,11.4738,0.1136,-3.3678,-5.3533,0.6412,0.0003
314470,-4.33,-22.3485,-31.3779,-25.7033,-23.3336,-0.149,0.1361
314480,-2.29,-16.4339,-43.0013,-14.7223,-26.4934,0.7868,0.3985
314482,1.07,-0.2373,-2.3991,-3.0278,-2.3356,-0.8002,0.3854
314485,1.63,0.0007,-0.0045,0.0047,0.0006,0.4628,-0.2987
314487,1.18,0.012,-0.9755,-0.2243,-0.0347,0.6421,-0.6426
314490,1.7,-0.1731,0.0043,-0.3148,-0.3938,0.078,-1.0021
314500,0.3,56.7055,1.636,1.0587,0.0748,0.7843,-2.7883
314515,-4.04,0.0023,-0.1106,0.1142,-0.0091,0.6139,0.1904
314530,-4.96,0.6294,-0.8348,-14.6402,-0.9008,0.5985,0.2212
314540,-4.07,-19.0725,-91.7578,-17.2009,-48.7281,0.5209,-0.0407
314550,1.1,0.0489,-0.0923,0.0,0.0,0.2749,-0.163
314670,0.35,-0.0118,0.9728,0.6529,0.0278,1.0831,-1.2262
314680,-3.4,0.064,-4.6516,-8.8035,-34.6818,0.1629,0.2579
314690,-3.61,-0.6078,-4.7944,-0.0519,-6.0391,0.6797,0.0041
314695,2.13,0.1354,-0.0195,-0.0322,-0.376,-0.4085,-0.0973
314700,1.72,-23.386,-8.9486,-4.5642,-6.5615,-0.3913,-0.4064
314710,-1.37,0.0594,-0.4126,-0.0302,-0.191,1.2778,-0.1411
314715,1.64,-0.8966,-0.8283,-0.3789,-0.159,-0.0211,-0.1485
314720,-3.08,-1.9959,-1.8164,-12.2961,-1.114,0.5503,-0.0853
314730,-0.97,-6.1034,-12.6424,-4.7778,-5.8316,0.5449,-0.0644
314740,-4.31,-37.1378,-34.6817,-72.6637,-29.5761,-0.1754,0.1608
314750,-5.6,-9.4247,-9.3427,-12.4824,-3.61,0.4083,-0.0508
314770,-1.82,10.7874,8.4284,7.7458,13.0544,0.2936,0.065
314780,0.54,-0.0032,-0.6497,-0.1297,-0.0156,-0.3339,0.1218
314790,-3.87,-29.5555,-30.4495,-0.3626,-34.0873,0.2731,-0.1156
314800,-0.12,-0.0375,-11.8036,-3.2779,-13.1082,-0.2759,-0.1477
314810,-3.44,-2.5057,-0.5753,-0.142,-1.715,0.7552,-0.0824
314820,-3.21,-0.6026,-2.8232,-8.6772,-11.87,0.5905,-0.2109
314830,-3.13,-0.0187,-1.953,-0.4233,-2.1935,0.1328,0.2496
314840,-0.71,1.4936,4.0474,19.2952,3.3468,-0.0554,-0.5716
314850,-1.31,-4.2495,-1.0476,-0.3687,-0.2872,0.0252,-0.0327
314860,-1.53,0.0013,2.521,1.3771,1.714,0.7783,-1.0213
314875,-2.81,-43.8759,-15.5065,-20.4694,-35.3858,0.8289,-0.4467
314885,-0.23,-0.1865,-0.3249,-0.0341,-0.9382,0.235,-0.3747
314890,-4.56,-0.0355,0.2961,0.127,0.5951,0.599,-0.0407
314900,-0.93,-41.5249,-29.4538,-50.4116,-25.7577,0.1143,0.1715
314910,0.68,0.0004,-0.9728,-0.1918,-0.1567,-0.6777,0.2427
314920,-5.8,-2.1875,-0.8653,-0.0846,-0.3764,0.4252,-0.0407
314955,-4.89,2.5935,-0.901,-0.0165,-0.0001,0.4556,-0.0407
314970,-4.38,-22.0633,-5.5802,-17.2102,-4.3076,0.4937,0.5574
315080,-2.27,7.4267,0.9802,2.0455,3.8418,1.0365,-0.4342
315090,0.75,-0.0585,-0.7429,-2.0144,-1.8967,0.4645,-1.2646
315100,0.15,0.0211,-0.1088,-0.0011,-0.0002,0.6544,-0.5949
315110,-1.26,0.0095,-23.0889,-4.1479,-2.1001,1.767,-0.5558
315120,-2.37,-0.1615,-36.5446,-36.5497,-74.035,-0.3208,0.1534
315123,0.41,0.0145,-0.612,-0.0275,0.1888,0.4337,-0.8439
315127,-3.57,0.0518,0.1486,-0.0,-0.0332,0.5581,-0.0508
315130,-2.44,-0.006,-0.0867,-0.0,-0.0,-0.1898,-0.3636
315140,-5.33,0.2004,-0.307,0.1051,-0.0104,0.5222,-0.0407
315150,-1.99,-1.5864,-0.2135,-0.9217,-0.3155,1.2267,-1.2813
315160,-3.5,-3.8976,-15.3243,-27.4861,-7.4376,0.5544,-0.0654
315165,2.12,0.0011,-0.9862,-0.774,-2.9306,0.0275,-1.0723
315170,0.38,296.2684,14.8909,8.1961,1.5776,0.6124,-1.2759
315190,-2.58,-0.3849,-3.3393,-3.7845,-1.1952,0.3275,-0.0692
315210,-0.6,0.4772,0.329,0.0764,-0.0937,0.6076,-0.5306
315220,-0.78,-0.0952,-0.2659,-4.5568,-4.0467,0.3624,-1.512
315230,0.11,0.0276,0.0296,0.0637,-0.1384,0.0994,-1.5718
315240,0.03,0.0856,0.0711,0.6666,0.0443,0.1417,0.0695
315250,-0.14,-0.0017,-1.751,-0.8103,-0.5478,0.8476,-0.5243
315260,1.46,0.3718,0.4761,1.7578,0.1559,0.2528,0.0286
315270,-4.64,-3.9117,-18.1283,-12.9994,-25.6594,0.5761,0.0825
315280,-1.16,-0.442,-0.4619,-0.3642,-1.9644,-0.134,0.1429
315290,1.21,0.0429,0.0007,0.0046,-0.0041,0.4361,-0.6415
315300,1.15,-0.301,-0.1957,-0.0021,-0.0836,0.6828,-0.5605
315310,-1.18,-0.2556,-11.9739,-1.3415,-32.8058,0.3248,0.0811
315320,-0.48,0.0015,-0.195,-0.236,-0.3578,0.3891,-0.7784
315330,1.6,0.2451,0.4852,1.6994,0.1665,-0.2241,-0.1404
315345,0.92,-0.3015,-5.8966,-3.9398,-4.0089,0.7014,-0.5433
315350,-0.02,-0.3779,-0.0302,-0.6864,-2.5531,-0.2218,-0.4701
315360,-3.17,-9.0035,-48.2653,-100.7868,-47.1111,0.9788,-0.3153
315370,0.8,7.2187,10.6262,9.4442,13.4914,-0.0701,-0.6694
315380,0.02,-0.1253,-0.7879,-0.4706,-0.988,0.0165,-0.0923
315390,-0.69,-0.2659,-0.2909,-0.0707,0.0433,0.3364,-0.5525
315400,0.51,-0.0018,-0.027,0.0013,0.0599,0.3715,-0.6397
315410,1.35,-0.8166,-0.0659,-0.7228,-1.1774,-0.1726,-0.0744
315420,-1.73,-0.6123,-3.051,-0.33,-8.3901,0.4372,-0.2239
315440,-0.3,-0.0088,0.0007,-0.0334,-0.0215,0.6515,-0.7965
315450,-0.23,-0.0,-0.0468,-0.0095,-0.68,0.3373,-0.9242
315460,-3.56,-4.8207,-1.0057,-0.1639,-0.3884,0.4731,-0.0407
315465,0.15,0.679,0.0017,0.1023,0.047,0.3705,-0.2891
315470,-2.83,-2.8314,0.0849,-0.5185,-2.2727,0.3833,-0.515
315480,-0.47,-0.0673,-0.8446,-5.4755,-0.8463,0.5136,0.0563
315490,-0.96,-0.4483,-0.4448,-1.0756,-3.342,0.5218,-1.568
315495,1.77,-0.6973,-0.4803,-0.1328,-0.1901,0.146,-0.6413
315500,-0.19,1.5337,0.3852,0.2767,2.1096,0.3043,-0.7329
315510,-0.05,3.0811,0.2651,2.2845,4.769,0.0954,-0.3017
315520,1.04,-0.5336,-0.0648,-0.6612,-0.6626,0.0758,-0.7344
315530,-4.18,-13.5982,-2.1071,-2.2106,-0.9915,0.724,-0.2814
315540,0.08,-0.0865,-8.7706,-2.9888,-4.9259,0.3936,-0.7303
315550,0.85,6.7796,3.9862,35.6758,31.8194,-1.0298,-0.2317
315560,-0.2,0.0545,-0.4751,-0.4825,-1.1265,-0.6561,-0.403
315570,0.93,-4.3617,0.0384,-0.118,0.0132,0.1432,-0.3693
315580,-0.67,-0.5397,-0.717,0.3093,-0.1335,0.8596,-0.9059
315590,-0.42,78.8446,14.2942,73.6399,17.2902,0.6413,0.3582
315600,0.04,0.0079,0.0216,0.0091,0.3884,0.3459,-0.189
315610,1.33,,,,,-0.3447,0.177
315620,-3.59,-1.8175,-1.4754,-5.2248,-14.6809,0.2918,-0.0407
315630,1.57,0.6884,0.9565,6.3365,4.0525,0.0285,-0.8589
315640,-1.74,-0.1148,-3.0391,-3.3048,-6.011,0.373,0.2171
315660,-2.34,0.0456,-0.9548,1.5416,-0.8692,0.4792,0.0899
315670,-4.03,-68.1131,-88.957,-59.9812,-45.7559,0.8758,-0.2231
315680,-0.91,-0.3358,-0.2343,0.0241,-0.285,0.1639,-0.2494
315690,-2.9,-0.0021,0.0609,0.0052,-0.2339,0.1098,0.0312
315700,-1.16,-3.4201,-13.6287,-14.3608,-18.513,0.7452,-0.1705
315710,-0.2,-29.1972,-15.8561,-9.4565,-41.2262,0.0782,-0.0488
315715,0.16,-0.1189,-2.2537,-0.7714,-1.0194,-0.1929,-0.2567
315720,-0.39,-0.447,-31.7901,-41.6688,-3.7653,0.7156,-0.3144
315730,0.89,-6.9986,-2.1542,-2.2533,-1.7331,-0.4611,0.1723
315740,0.8,0.0809,-0.006,0.5517,0.0019,-0.1829,-0.0683
315750,0.88,0.0223,0.0085,-0.3781,-0.9087,0.0683,-0.8033
315760,0.29,-2.9767,-1.1409,-0.645,-0.359,0.7163,-1.9292
315770,0.8,0.4054,0.7374,1.5921,1.2947,-0.1426,-1.0847
315780,-0.12,-197.8532,-364.0512,-249.3244,-406.9855,1.1502,0.1821
315798,-1.83,-0.1055,-0.9941,-0.283,-0.1331,0.1668,-0.88
315802,-0.14,-0.0138,-1.5712,-0.1707,-0.0945,-0.5043,-0.3885
315810,-3.8,-0.1001,1.105,0.0507,-1.3611,0.2515,-0.1313
315820,-2.44,-1.1616,-2.1216,-3.4168,-1.7852,0.0885,-0.721
315830,-2.82,5.288,1.3909,5.3548,3.0762,0.4028,-0.0594
315845,-1.01,-0.0055,-0.0636,0.3797,0.1694,0.5606,-0.4638
315855,1.28,11.6066,1.2187,24.0779,10.4759,0.4177,-0.2368
315860,-4.91,-1.5135,-0.0884,-0.13,-0.0097,0.2744,-0.0407
315885,-0.58,50.9886,12.853,5.5683,0.2506,1.0823,-0.4558
315900,1.4,-0.1819,-0.4572,-0.0266,-0.661,0.0414,0.3256
315910,-0.32,-0.1648,-1.5158,-2.0993,-2.1564,-0.6991,-0.4071
315920,-2.4,2.1681,-9.151,-1.6839,-10.1576,0.5752,0.1029
315930,-3.84,-0.26,-24.9702,-3.405,-19.2743,0.2758,-0.0407
315940,0.39,-0.0861,0.1826,-0.0175,-0.2821,-0.5525,0.0292
315950,-1.1,0.2112,-1.174,-0.1073,0.0809,1.5824,-0.5468
315958,0.66,-1.9276,-4.1118,-4.6631,-8.1012,0.5373,-0.3774
315962,-1.08,-1.1166,-0.0538,-0.0072,-0.402,0.5088,-0.8475
315970,-0.37,0.0305,0.4459,-0.1894,-1.1361,0.2621,-0.879
315980,0.63,0.0606,-0.0102,0.0016,0.0112,0.6143,-0.8204
316090,-4.78,5.1918,2.9199,30.549,19.3115,0.3824,0.0143
316100,-0.46,0.4261,0.7724,-0.1014,-0.8192,-0.3152,0.0994
316110,-6.71,-2.9151,0.0142,-0.1213,-0.1099,0.3573,-0.0407
316120,-3.84,-5.2963,-12.8821,-2.2227,-8.6143,0.8679,-0.4041
316130,0.05,-0.0009,0.0347,0.0463,-0.0536,-0.4975,0.2661
316140,-3.23,-0.8221,3.2313,41.401,7.0005,0.5889,-0.0407
316150,-0.35,-0.1787,-0.0375,0.0623,0.0,0.5403,-0.98
316180,-2.22,-3.8488,-11.5862,-3.8911,-8.264,0.3828,-0.455
316190,0.26,-6.0785,-0.1024,-0.7304,-7.7654,-0.2319,-0.0921
316200,-1.84,-14.0215,-0.4162,-1.2118,-0.3059,0.5325,-0.7809
316210,-1.27,-0.1682,-1.0694,-0.0214,-1.9706,1.1816,-0.9816
316220,-0.96,0.0077,0.0384,0.3647,0.0773,0.8042,-0.1815
316230,-1.35,0.0034,-0.0114,-0.8976,-1.5786,0.5837,-0.1054
316235,-0.51,-5.0557,-3.9343,-0.3782,-4.9887,-0.3744,-0.3196
316240,-1.62,-0.4945,0.0121,1.7566,-0.1162,0.2719,0.2085
316250,1.15,-262.3669,-100.1336,-139.2368,-92.0411,0.9635,-3.3357
316255,0.19,55.6133,11.9641,20.8171,4.0458,0.241,0.6712
316260,1.07,-98.7531,-42.7598,-79.2443,-63.527,-0.2478,-0.378
316270,-4.25,14.1357,-0.0012,-0.02,0.0285,0.4731,-0.0407
316280,-0.34,-0.0114,-0.0665,-1.7688,-0.1901,0.5033,-0.4121
316290,1.26,-2.3376,-0.3411,-0.1297,-0.1459,-0.2754,-0.0385
316300,0.57,0.9302,-0.0017,0.7895,0.0794,0.594,-1.4594
316310,-4.42,-1.8886,-0.0427,-0.777,0.0363,0.491,-0.0305
316320,0.95,-0.2888,-0.0337,-0.2452,-0.1969,0.3447,-1.0722
316330,-4.09,-1.7786,-2.1625,0.2342,-1.1979,0.599,-0.0407
316340,-0.27,0.2575,-61.6432,-3.6187,-7.2665,2.4611,-2.1353
316350,-1.89,-0.1141,-0.0699,-1.117,0.1058,0.6544,-0.2524
316360,0.64,-6.5697,-0.4367,-0.1855,-1.5872,-0.6931,-0.1521
316370,0.76,-0.1474,-5.2111,-0.9264,-0.5451,0.1124,-1.0032
316380,0.88,-0.3592,0.0048,1.9012,0.0115,0.3996,-0.6275
316390,-0.14,-0.126,-3.8123,-3.3795,-2.9785,-0.0538,0.6727
316400,-5.0,0.0772,0.4725,0.6605,0.8034,,
316410,0.73,-0.2653,-2.5521,-1.4093,-1.7156,0.2427,-0.3462
316420,0.84,-0.1155,-0.9414,-0.9472,-0.7981,-0.2439,0.245
316430,0.21,-0.1378,-2.1646,-2.4997,-0.6661,-0.016,-0.3908
316450,-1.55,-3.2133,-10.5767,-12.9385,-12.9211,1.0628,-0.5045
316470,-1.62,4.1695,0.0068,0.9632,-0.0,1.1239,-0.8562
316480,-3.44,-12.3896,-23.8862,-23.0093,-14.7195,0.5439,-0.0508
316490,-3.36,-0.0707,-43.7346,-18.0031,-27.513,0.1037,0.1916
316510,-1.05,-0.0483,-0.9301,0.0399,-0.2175,-0.0864,-0.7769
316520,0.2,0.0851,2.2577,1.2318,0.8599,0.3168,-0.2633
316530,-3.81,-13.5091,-12.3705,-7.5371,-14.7105,0.1736,-0.3971
316540,-0.63,5.4636,-0.0299,0.6793,0.0001,2.3876,-2.3927
316550,0.35,-0.0022,-0.2926,0.5478,0.2829,0.1057,-0.8582
316560,1.16,-0.1135,-0.4894,-0.3208,-1.6717,-0.1809,-0.4822
316570,-2.81,-0.1658,-2.959,-0.0452,-1.5678,0.2304,-0.0794
316580,0.85,-2.3654,-3.2679,0.0073,-1.987,0.3239,-0.3152
316600,0.67,0.286,0.2187,1.2184,0.3319,0.3139,-0.0873
316610,-5.3,-0.1319,-0.2119,-23.3823,-38.5228,0.5132,-0.0713
316620,-4.54,-3.8359,-2.6498,-0.0393,-2.0513,1.0011,-0.5492
316635,-4.75,-0.0271,0.4268,1.0085,-0.0163,0.1301,-0.0874
316650,-1.78,-0.4529,-1.2046,0.7168,-0.0547,0.163,-0.8978
316660,-2.26,-81.6341,-41.8527,-47.2138,-56.7337,1.9789,-1.3095
316670,0.86,0.0731,-4.38,-0.285,-2.5888,0.2757,-1.3329
316680,-3.07,-0.3444,-0.1459,-0.1911,-4.3162,0.2804,0.2434
316690,-0.83,-0.3259,-0.0522,-0.0107,-0.7345,-0.3746,0.4699
316700,-2.4,0.3975,0.3643,4.1997,0.8114,0.9365,-0.9983
316710,1.54,-0.0413,-1.3275,-1.5145,-0.3718,-0.2212,-0.028
316730,-4.39,-43.3423,-76.0615,-61.2441,-112.396,0.8211,-0.185
316750,-1.89,-71.0065,-42.073,-72.3771,-49.7727,0.0933,-0.7428
316760,-5.16,-0.1168,-0.8229,-1.7395,-8.5633,0.5923,-0.0508
316770,-3.98,-6.9387,-1.5224,-0.0684,0.0004,0.5332,-0.0305
316780,-0.78,-0.0249,-0.8957,-1.227,-5.7744,0.2242,-0.836
316890,0.25,0.0016,-0.001,0.0302,-0.2549,0.5747,0.583
316900,-4.15,-0.2174,-0.2954,0.7263,-0.4959,0.2121,0.304
317705,-0.45,-0.0785,-0.0018,-0.0283,-0.1459,0.017,-0.6128
317720,-4.82,-5.6193,-25.4323,-13.749,-49.118,0.8205,-0.2621
317830,0.56,-0.0176,-0.0003,-0.2905,-0.0254,-0.7157,-1.0392
318130,-0.43,-1.2234,-0.0067,-0.9106,-0.736,-0.7481,-0.2685
318140,-3.58,-4.6647,-0.7913,-0.6352,-0.2285,0.8784,-0.0176
318150,-0.09,-11.5325,-9.254,-0.1688,-0.3559,-0.5397,-1.1165
318160,-3.54,1.0476,-0.0362,0.0008,-0.1971,0.5574,-0.0002
318170,-3.87,0.4666,-1.7285,-38.4001,-38.6126,0.4282,0.306
318180,0.08,-1.8278,-0.5492,-0.0913,-3.0351,0.4251,-0.5888
318190,-1.05,5.0473,-0.0003,0.0015,0.0691,0.7663,-0.7429
318210,0.64,-3.8211,-4.2755,-1.919,-1.463,-0.4054,0.0503
318220,0.02,-0.7396,-7.4543,-0.7139,-2.7216,-0.3063,-0.1912
318230,-4.52,-1.8692,-3.9911,-42.2569,-34.2016,0.3835,-0.0305
318240,-0.17,-0.1422,-1.6256,-1.5913,-2.5616,1.2102,-1.4718
318260,-2.79,-6.3936,-0.0185,-2.6931,-4.0641,0.9316,-0.2305
318275,0.46,-1.6793,-0.0195,-2.4828,-1.4403,0.2216,-0.0535
318290,-0.59,-0.7129,-1.0814,-0.3805,-0.7114,0.2828,-0.0137
318300,-1.01,-1.5191,-0.5895,-0.2939,-0.2746,0.3254,0.0085
318310,-1.14,0.113,3.6779,12.3579,0.7624,0.7944,-0.1467
318320,-2.71,-5.57,-30.87,-19.6211,-36.0884,0.5633,-0.0407
318330,-3.16,0.0054,-3.7336,-1.5068,-2.4334,0.8732,-0.6604
318340,-3.27,-27.2041,-28.3594,-22.9369,-26.3816,0.8982,0.2369
318350,-0.28,-3.5437,-0.2461,0.3302,0.2437,-0.4057,-0.2451
318360,0.58,1.4136,-0.0089,0.9731,0.0378,-0.4009,0.4582
318370,-3.63,-0.2215,-0.1446,0.2284,-0.5465,0.402,-0.2635
318380,0.47,13.8986,3.2856,10.3465,3.338,-0.4718,-1.1028
318390,-0.87,-22.8798,-16.0675,-16.9171,-11.2861,0.1276,0.3919
318400,-4.28,-0.1421,-36.4524,-27.0345,-4.6609,0.7997,-0.4698
318410,-5.15,0.0047,0.0317,0.0219,0.0636,0.4107,-0.0305
318420,-3.98,0.0023,2.537,4.1255,1.6765,0.3182,-0.0192
318430,1.63,0.0038,0.6688,0.5588,0.0014,0.0163,-0.6723
318440,-0.24,221.2881,54.2425,142.6228,53.7571,1.6093,-0.3273
318450,0.96,-0.0454,-1.0334,-0.9992,-0.0955,-0.0119,-0.8516
318460,-0.19,31.4474,1.9535,4.4089,-0.1495,2.1631,-1.497
318470,-3.37,-0.1466,-3.5105,-1.2276,0.0026,1.1011,-0.5713
318480,-0.12,0.098,0.1036,0.0139,-0.0035,0.1034,-0.2893
318490,0.66,41.8375,13.0996,25.4781,2.9431,0.8837,-0.1078
318500,0.46,0.1724,1.0629,0.3227,0.1074,0.2861,0.3144
318510,-4.36,0.5853,0.1612,0.491,-0.0079,0.387,0.2203
318525,0.93,0.0287,-0.0962,-4.4356,-4.6607,-0.1401,-0.3759
318540,0.77,0.1241,0.2571,0.9057,1.5992,0.3618,-0.3096
318550,1.09,1.1077,0.136,0.3397,0.4431,-0.2344,-0.9537
318560,0.12,-1.2851,-1.6633,-0.0724,-3.9034,0.8378,-0.7091
318570,-0.17,-4.6811,-12.4442,-6.6241,-19.5385,0.5543,0.87
318575,1.39,-0.1806,-0.5596,-0.1588,-0.4746,0.0226,-1.2249
318580,0.25,0.0875,0.1276,-0.0711,-0.0011,0.2,-1.1758
318590,-3.24,-0.612,-0.5789,0.0059,-0.1333,0.6165,-0.0989
318600,-4.37,-37.8523,-62.3912,-53.7475,-28.5804,0.6408,-0.2369
318610,1.68,-0.0006,-0.2126,0.0029,0.0022,0.15,-1.4847
318620,-4.67,-24.6172,-16.694,-19.2244,-52.4878,0.5042,0.0723
318632,0.24,-0.3644,-0.0153,-0.6671,-1.8934,0.5243,0.2622
318640,-4.73,-0.1886,-5.6141,-10.6788,-16.5662,0.7409,0.1242
318650,2.27,1.3983,0.4676,0.0268,-0.1766,-0.4128,0.1023
318660,0.83,-1.556,-1.1359,-3.1176,-0.7412,-0.0371,-0.6389
318675,0.19,0.4709,0.2832,0.007,0.3083,0.885,-0.9965
318690,-3.22,-0.3919,-8.0971,-11.0994,-0.7118,0.4017,0.3028
318700,-4.26,-2.9158,-5.6207,-6.9228,-3.0265,0.3558,0.3042
318710,-2.91,12.6541,-0.0579,0.2242,0.0254,-0.2275,-0.1753
318720,-1.06,-0.0826,-1.1636,-2.1151,-0.8391,0.8405,-1.0551
318730,-0.03,-0.0762,0.2934,-0.0473,-0.0628,0.2676,0.1389
318738,-0.31,0.2075,0.1711,0.0541,-0.2135,-0.1353,0.5777
318742,1.07,0.3835,1.7602,0.296,0.2881,0.1641,-0.0786
318750,-0.15,1.7498,0.0588,0.0172,-0.0257,-0.4566,-0.2637
318760,-0.56,-29.4468,-19.9682,-15.8273,-7.277,1.2998,-0.5663
318770,-4.35,-1.7246,-12.8544,-15.6408,-2.371,0.2108,-0.5428
318880,,-1.6392,-0.0731,-0.0743,-0.1933,,
319090,0.59,-0.5707,-0.1733,-0.0027,-0.1805,0.1388,-0.0177
319300,-4.89,-9.4168,-65.3616,-31.3186,-76.4803,0.4168,-0.0407
319308,-2.04,0.8851,1.5426,2.764,1.1071,0.432,0.3177
319312,-0.14,0.0002,0.0699,2.459,0.5924,-0.5915,-0.5975
319320,-1.1,-1.7371,-0.0513,-0.7584,-0.7229,0.0048,-1.2967
319340,-3.96,-0.255,-0.3322,-2.4574,-0.0047,0.4332,-0.0407
319350,-0.34,0.2617,-0.2497,-0.2307,-0.547,0.2748,-0.9606
319360,1.09,-0.0427,0.1818,0.0003,0.0079,0.3602,-0.6703
319370,-1.96,1.3713,-0.0003,0.0036,-3.2856,0.7078,-0.384
319380,-0.35,0.0909,-2.8638,-0.0683,0.0002,0.1821,0.2274
319390,-0.34,0.0059,-0.9763,0.0,-0.351,-0.165,-0.3698
319500,-3.5,-36.2661,-21.0029,-4.4641,-31.9896,1.2948,-0.7364
319510,-3.4,-7.0083,-26.9936,-1.1356,-17.3939,0.2098,0.2108
319520,-3.04,-3.3415,-0.778,-1.0126,-1.5026,0.9147,-0.6937
319530,-0.02,-4.3019,-0.1539,-0.1383,-0.6293,0.5098,-0.9433
319540,-2.23,-0.0959,-1.1006,-1.0816,-0.0509,0.0555,-0.1324
319550,-0.1,-0.0051,3.1583,3.1981,0.0204,-1.1586,0.6488
319560,2.36,-157.0631,-17.287,-17.0487,-10.0156,-0.3468,0.2087
319570,-0.94,-0.0309,-6.5428,-0.8245,-3.3022,-0.0144,-1.1432
319580,-6.11,0.0122,-1.2874,-0.0509,-0.574,0.3806,-0.0442
319590,-4.34,-0.035,-0.0726,-0.064,-1.7087,0.2656,0.2986
319600,-1.57,-9.0693,-2.8401,-2.1087,-3.7754,0.3758,-0.776
319610,-1.68,-43.5595,-4.733,-1.8481,-2.0685,-0.5262,-0.307
319620,-0.73,-0.4346,-2.7092,-0.0392,-0.1739,-0.1863,0.1012
319630,1.26,0.1134,0.0307,0.0582,-0.0043,-0.0256,-0.0239
319640,1.47,-5.891,-7.5663,-5.9348,-17.4835,0.2007,-0.2867
319650,-4.45,-5.8253,-0.6525,-1.4015,-10.6727,0.5132,-0.0389
319658,-3.43,0.0657,0.0613,0.1066,0.1914,0.3108,-0.3213
319662,-2.15,-0.8041,-43.3063,-0.5436,-43.0051,-0.0126,-0.6547
319670,0.67,-0.1155,-0.0554,0.2383,-0.2274,-0.169,-0.1571
319680,1.06,-0.0022,-0.0229,-0.0107,-0.176,-0.3463,0.0233
319690,-0.11,-0.0009,-0.0779,-0.0493,-0.0,-0.4028,0.1205
319695,1.43,-0.3001,-1.1421,-0.0257,-1.4788,-0.2195,-0.1279
319700,0.54,-1.4349,-0.5745,-1.1923,-2.1958,0.0279,-0.5461
319710,-1.57,-0.0274,-0.3032,0.0457,-0.5494,0.5358,-0.1799
319720,-4.47,-0.0069,2.419,0.6763,0.0285,0.5129,-0.1264
319730,0.02,-5.215,-1.0086,-0.5931,-4.3993,0.4303,-0.3008
319740,-1.01,0.0149,-0.0097,0.0461,0.0788,0.2338,-1.3141
319850,-3.52,8.9172,-0.5484,0.8427,-1.4977,0.3767,-0.4725
319860,-3.85,-8.1192,-1.6878,-5.356,-2.2077,0.5243,-0.0407
319870,-2.07,0.069,-0.0203,0.0099,-0.008,0.806,-0.6003
319880,-2.28,-106.3573,-125.9413,-111.2657,-122.5366,0.6403,-0.8159
319890,0.53,2.3079,3.0194,9.6181,6.7262,-0.1711,0.0034
319900,-1.47,-1.8255,-7.4097,-6.5756,-29.5758,0.2524,0.0398
319910,-4.95,-10.1187,-0.6842,0.001,-1.8229,0.4849,-0.0562
319920,-1.92,-1.7786,-20.3011,-3.7956,-5.3847,0.7202,0.057
319930,-3.76,7.369,1.4016,0.018,0.0173,0.599,-0.0407
319935,0.06,-4.5456,-1.8942,-4.8159,-6.625,0.483,-0.1123
319940,-4.44,-0.0544,-2.5057,-5.3872,-2.2026,0.5889,-0.0407
319950,-4.65,0.5556,-0.013,0.0638,3.1938,0.4221,-0.0484
319960,-3.45,-0.0069,-1.0459,2.0364,-0.4469,0.3781,-0.139
319970,1.03,-0.0072,-1.2883,0.2685,0.0024,0.5471,-1.311
319980,-0.73,0.0075,-0.3939,-0.5621,-0.1803,-0.014,-1.1026
319988,0.4,-0.2004,-0.2745,-0.8327,-0.4994,-0.2074,-0.0559
319992,-0.48,-0.0443,-0.9345,-1.5503,-2.1123,0.542,-0.2836
320000,-2.01,43.4905,45.969,22.4831,24.0624,0.1281,-0.322
320005,-4.99,0.0606,-7.1702,-21.2782,-0.2522,0.671,-0.0625
320010,-0.47,1.597,-1.1488,-2.5121,-7.1737,-0.2961,0.5089
320015,0.19,-0.0004,-0.1715,0.1101,0.0005,-0.4679,-1.2629
320020,-4.11,-24.1274,-26.0906,-25.4495,-19.9297,0.3268,0.0538
320030,-0.19,2.7657,0.2174,0.0414,-0.2487,0.1478,-0.7165
320040,0.07,0.179,-0.0059,-0.5784,-0.0949,-0.4583,-2.349
320050,-3.66,14.5924,7.1609,5.9034,6.7456,0.5889,-0.0407
320060,-0.06,-0.4276,-0.338,-0.5291,-1.3559,-0.4546,-0.0519
320070,-4.21,-5.5591,-28.002,-14.8873,-19.5334,0.8293,-0.219
320080,-0.52,-30.9792,-2.4924,0.3373,-0.3776,1.1806,-1.4156
320090,0.66,0.0027,-0.167,0.0173,-0.11,0.01,-0.5378
320100,-0.82,8.0028,0.1417,11.2321,1.0248,0.29,-0.6717
320105,1.56,0.447,-0.0129,0.6953,0.3467,-0.1028,-0.2911
320110,0.15,-0.005,-1.4623,-0.2766,-0.182,0.8864,0.195
320120,0.17,0.3658,0.4241,0.7007,-1.2245,0.5449,-1.2471
320130,-0.84,0.5986,0.8915,4.745,4.9306,0.21,0.3527
320135,1.47,0.1287,0.0126,-0.0,-0.1248,0.0323,-0.7404
320140,-3.69,-9.3853,-0.0026,-2.4493,-0.1736,0.4046,-0.0407
320150,-0.84,0.0335,0.0592,0.0412,-0.0038,-0.1042,0.0047
320160,-1.74,12.1331,0.0417,1.747,0.1134,-0.0055,-0.227
320170,1.4,0.0358,0.4976,1.5395,0.2346,-0.3669,0.2158
320180,2.49,-0.008,-0.0832,0.02,0.0767,-0.2544,0.5465
320190,0.44,-0.0618,-0.0379,-0.1837,-0.1841,0.358,-0.178
320200,1.4,0.0305,0.1164,0.2737,0.1047,0.2785,-1.3159
320210,-5.76,0.0018,0.0236,0.0119,0.0473,0.5099,-0.0508
320220,-5.76,-1.5811,-0.3363,-0.1744,-0.3761,0.5889,-0.0407
320230,0.31,0.1307,-0.0027,0.2977,0.051,0.1706,0.3063
320240,0.47,-8.7819,-4.9897,-4.7419,-0.4132,-0.1651,-0.2673
320250,0.53,0.006,0.0754,0.1653,-0.0003,-0.0549,-0.1703
320260,0.54,-0.1123,-3.2105,-1.2517,-1.4853,-0.413,-0.1462
320270,-0.61,-0.0866,0.0019,-0.1134,-0.5727,0.1155,-0.8601
320280,0.56,0.0043,-1.1037,0.0006,-0.1068,-0.2402,-0.6848
320290,0.77,0.5798,0.6418,4.3638,3.1641,-0.0537,-0.4284
320300,-4.41,-0.6587,0.2599,0.0297,-0.9182,0.4493,-0.0407
320410,0.56,1.1123,-0.0512,-0.0263,-0.4135,-0.2838,0.1161
320430,-2.38,0.004,-35.7113,-2.5117,-8.7312,0.625,-0.4576
320440,-3.01,-0.2701,-8.3558,-1.8352,-3.0565,0.9857,-0.7798
320450,-1.87,-0.0027,-6.5703,-6.8187,-20.1823,0.3315,0.0399
320460,-0.46,-18.7545,-8.2447,-2.9806,-1.0283,-0.1094,0.4879
320465,-0.42,0.0447,-0.0084,-0.0346,-0.0648,0.3909,-0.7389
320470,-3.9,-0.3469,-0.2564,-0.3725,-3.3991,0.65,-0.1545
320480,-5.06,-11.1479,-0.3861,-0.1917,0.0081,0.5889,-0.0322
320490,0.13,69.2291,192.2492,166.2673,59.4613,1.0228,-1.3341
320500,-0.85,-0.1081,-0.3515,-0.5524,-1.9127,0.1526,0.3599
320515,-1.18,-8.3687,-15.0113,-0.799,-11.1445,-0.1417,-1.3687
320525,0.96,0.0004,0.0005,-0.0576,-0.1222,-0.1635,-0.3628
320530,0.51,0.0154,-3.3574,-0.1958,-1.4201,0.1066,-0.7371
320540,-0.21,-0.0048,0.2573,0.0099,0.1454,-0.0444,-0.4421
320550,-0.42,0.0045,-2.7472,-0.0208,-1.4604,-0.357,-0.5888
320560,0.36,0.0186,0.2681,0.0323,0.2558,0.0728,0.0151
320570,-4.9,1.0355,0.0993,-0.0146,0.6982,0.2014,-0.2441
320580,1.19,0.026,-0.019,0.0002,-0.0006,-0.8086,0.1111
320588,-0.69,1.1942,-0.0427,0.006,0.0186,1.2524,-0.451
320592,-3.39,-5.6517,-0.3246,-2.0492,-15.1534,0.4401,-0.0924
320600,0.66,3.4105,-0.0682,0.1186,0.148,1.1933,-1.5564
320610,0.27,-0.0009,0.3826,0.688,0.3254,0.1862,-0.4515
320620,0.56,1.0378,-0.2539,-0.8345,-0.486,0.4391,0.1332
320630,0.01,0.0006,-1.1251,-2.403,-0.2892,0.5991,-0.6148
320640,-4.78,-40.3639,-29.2976,-3.6002,-4.2973,0.6652,-0.6482
320650,-0.18,-0.0019,0.05,-0.0426,0.0273,0.8939,-0.8164
320660,1.1,0.0036,0.0329,0.2874,0.1174,-0.8869,1.5238
320670,-4.82,-2.1131,-11.0256,-4.0201,-3.8436,0.2722,-0.3376
320680,-0.91,1.5827,0.2269,1.3117,0.3273,0.1224,-0.6773
320690,0.23,1.7076,0.1625,1.5271,0.7301,0.289,0.1605
320700,-4.19,-0.5589,-25.6751,0.0623,-21.911,0.6748,-0.586
320710,0.56,-0.2251,-0.1737,0.0065,-0.0809,0.3519,-1.7958
320715,-0.45,-0.1075,-0.9387,-0.9809,-2.2427,-0.1785,0.7426
320720,-0.59,-0.0218,-0.2139,-1.5725,-0.6096,-0.4022,-0.6767
320730,0.36,0.0141,-0.6371,-0.7062,-0.9311,0.1688,-0.0629
320740,-0.95,-0.0606,-0.9816,0.0,-0.1465,-0.222,0.1888
320750,-4.39,-0.509,-5.3367,-1.4672,-0.0007,0.4899,-0.0407
320760,0.56,3.0165,0.1387,1.0695,0.1387,-0.0777,-0.1022
320770,-0.05,0.0265,-0.7841,0.4849,-0.127,-0.3121,0.0629
320780,0.05,0.0266,0.0873,0.2481,0.0707,0.5036,-1.1678
321170,0.52,-0.1476,-0.3463,-0.1355,-0.9947,0.4818,0.0618
321270,-0.24,-0.0641,-0.8442,-2.8927,-4.9058,0.4808,-0.1786
321280,-0.15,-0.1098,-0.0017,0.0711,-0.0013,-0.0598,-0.458
321290,-4.5,-1.9652,-0.1772,-0.1422,-0.4399,0.3108,-0.0407
321300,-1.97,0.1776,-14.0891,-6.8503,-28.7115,0.1496,-0.2133
321310,-1.46,-0.281,-10.8762,-4.9175,-23.2184,0.599,-0.0407
321340,-1.88,-2.7087,-0.9647,-7.773,-23.5451,0.2226,-0.0161
321360,0.27,-1.3196,-4.2482,-5.4687,-3.8308,-0.1036,-0.0083
321370,-2.58,-33.5648,-29.538,-7.3748,-32.6444,0.5335,-1.0539
321390,-0.41,0.2587,-0.1285,0.0232,-0.7608,-0.2897,0.5159
321400,-4.62,-12.1148,-26.3952,-9.9647,-21.0357,0.3707,-0.0407
321410,-2.2,-0.0232,-5.8673,-1.2907,-1.2085,0.2205,-0.7151
321420,0.87,-1.5851,-7.2365,-2.4344,-7.2139,-0.2304,-0.2044
321430,-0.35,-2.0962,-2.3057,-4.4103,-6.8651,0.2316,-0.6844
321440,-4.6,-6.2261,2.8447,0.0374,0.6415,0.5182,-0.0407
321450,-4.21,-83.6906,-59.3813,-84.0098,-30.7532,0.5382,-0.0235
321460,1.53,0.3023,0.1062,2.8043,0.5516,-0.3137,-0.8258
321470,0.38,-0.0583,0.0713,1.9724,1.8816,-0.4649,-0.3501
321480,2.09,-0.2833,-0.1053,-0.1071,-0.4271,-0.1374,0.4585
321490,1.0,-0.0045,-0.0195,-0.1632,-0.0998,0.0624,-0.4014
321500,-5.18,0.0512,0.837,8.4506,2.4161,0.3117,-0.0407
321510,0.71,0.3039,0.061,0.5771,0.0739,-1.1073,-0.0199
321520,-1.24,1.5583,1.6889,25.7595,0.0619,0.3828,-0.1725
321530,0.68,-0.3366,-0.02,-0.4081,-0.0018,1.7294,-3.2724
321540,-2.06,-19.2989,-12.9129,-17.5148,-23.1404,0.5119,-0.0407
321550,-5.21,-0.6523,-3.9302,-1.81,-0.9403,0.1349,0.0717
321560,-3.33,-41.0121,-32.5,-84.0462,-54.2638,0.4948,0.1801
321570,0.67,34.0299,7.4272,8.6107,3.2377,2.2536,0.4674
321580,0.79,-0.005,0.2329,0.3432,2.9394,0.1156,-0.5451
321590,0.62,-0.0036,0.016,0.0264,-3.2059,0.2004,-0.7598
321600,-0.84,0.0318,-9.6191,-11.0553,-5.8518,0.4922,0.0304
321610,-0.52,-1.9551,-6.4323,-2.0328,-1.2942,-0.2773,-0.5886
321620,-4.91,0.0793,0.1496,0.0016,0.1721,0.4859,-0.0407
321630,0.55,-20.8519,-22.0922,-24.3716,-30.8121,0.0099,-1.0959
321640,-4.08,-10.3519,0.1857,-0.2878,0.1506,0.2938,-0.0196
321650,-2.57,-1.4631,-4.3633,-1.0906,-2.8985,0.3962,0.0215
321660,-3.27,0.2369,-0.0178,-0.0613,-0.0569,0.3849,0.1317
321680,-0.07,-4.2932,-1.229,-0.2182,-2.1898,-0.1219,0.118
321685,1.03,-10.4809,-0.8811,-0.39,-2.9421,0.5133,-1.1782
321690,-2.84,-0.2404,-0.0868,0.2604,0.0046,0.0682,-0.9146
321800,1.38,0.5232,0.0315,0.0117,0.0025,,
322000,,0.0821,-0.0002,-0.0779,-0.1791,,
322100,,0.0388,0.1027,0.0042,-0.0674,,
322210,-1.37,-0.2181,-2.6242,-0.0246,-0.0476,0.9973,-0.2936
323020,,-1.236,-0.2408,-0.2768,-0.5206,,
323200,,-1.1113,-0.2101,-0.7161,-2.2469,,
323320,,0.0858,0.1416,0.0028,-0.0016,,
323330,,-0.0001,-0.0172,-0.0754,-0.0508,,
324600,2.64,0.0203,-1.4017,-0.4299,-0.0676,-0.0604,0.185
329400,,0.2028,0.146,1.7767,-0.032,,
329710,,0.001,-0.0141,-0.0044,-0.0001,,
356030,0.28,-0.7257,-0.3669,-0.3161,-1.1672,,
356060,-0.49,-0.0151,-0.3708,-0.6005,-13.4588,,
356120,1.29,0.6971,0.7014,1.7644,2.0617,,
356170,-0.69,0.0227,0.0016,-0.0011,-4.2695,,
356210,-0.54,0.0858,0.2097,0.0434,-0.3393,,
356300,-3.49,0.2406,0.214,0.7552,1.2012,,
356400,,0.5497,0.2812,0.4484,0.2267,,
356590,1.12,-0.2484,-2.3738,-7.1967,-1.5345,,
356780,-0.07,-0.0055,-0.0,-0.0619,-0.1782,,
356950,1.81,-0.0247,-0.0064,0.1358,-0.0225,,
356970,1.65,-0.0155,-0.0217,-0.0412,-2.6996,,
357130,0.92,-0.347,-0.4071,-0.5167,-0.6609,,
357300,0.65,0.0222,0.01,-0.3566,-1.4544,,
357490,1.53,-0.5338,-3.231,-1.0966,-0.7905,,
357600,1.5,0.1985,0.9102,1.1214,0.7655,,
357770,-0.98,-0.0897,-2.7183,-4.8591,-4.5749,,
357960,,-47.433,-2.9393,0.5528,-0.0163,,
358240,2.42,0.1017,-0.0002,-0.3574,-0.5436,,
358300,-0.34,0.0002,-0.1587,0.0,-0.0718,,
358440,,-0.0403,-0.0234,-1.1586,-0.1231,,
358510,-0.37,-0.0005,-0.0,-0.2982,-0.4944,,
358840,1.15,-1.5752,-1.3257,-0.2396,-0.2214,,
359000,2.24,0.0212,-0.5651,-0.0644,-0.0326,,
359190,-4.54,2.5382,-0.5324,0.0105,-2.8442,,
359320,-1.07,-0.181,-25.0566,-1.1188,-2.5285,,
359350,-0.45,-0.0612,-8.2123,-0.1528,-1.9662,,
359590,-3.72,11.3779,2.1292,2.1344,2.8487,,
359630,0.47,-5.4488,-0.2888,-0.6912,-0.5179,,
359700,0.17,0.3827,0.4843,-0.0004,-0.0572,,
359770,,-0.0372,-0.0096,0.0411,0.0369,,
359820,0.14,0.0004,0.322,0.0114,-0.2111,,
360000,1.72,-0.0767,-0.171,-0.0059,-0.0129,,
360050,-1.56,-0.0195,0.0037,0.0064,0.0046,,
360080,-2.26,5.4439,0.0004,-0.0003,-9.6941,,
360210,,-0.0073,-0.1411,-1.1535,0.0026,,
360320,,-0.1587,0.0073,-0.0042,-0.9411,,
360460,0.56,0.0051,-0.1102,-0.1509,-0.1927,,
360500,-3.84,-0.3173,-0.1007,0.0083,-0.5757,,
360620,1.14,0.2697,-0.3821,-2.364,-1.0483,,
360650,0.71,-0.006,-0.2846,-0.0056,-0.3996,,
360740,1.16,0.1622,-0.0002,0.3161,0.3414,,
360830,,0.0204,-0.0088,-0.1415,-0.0211,,
360840,,0.1721,0.373,-0.1458,0.152,,
361030,-2.56,-0.2589,-1.2417,-1.9284,-2.1881,,
361050,0.93,-0.0003,0.13,0.4308,1.0412,,
361090,1.15,-2.0147,-0.2925,-0.9416,-0.7078,,
361230,,-0.1301,-0.0656,0.1726,0.5905,,
361320,0.2,-0.1127,-0.0917,0.0842,-0.8673,,
361480,-3.03,0.0899,0.0498,1.4192,0.1527,,
361650,-4.45,-0.0011,-3.1823,-3.4992,-3.3893,,
361930,0.85,0.0177,1.229,0.8485,0.1485,,
362090,1.1,0.0058,0.3031,0.3094,0.0101,,
362110,-1.95,-1.0637,-1.8998,-2.717,-2.7733,,
362200,1.13,-7.7197,-9.8639,-2.0515,-6.0366,,
362210,-1.76,0.013,0.5928,0.812,0.1426,,
362240,-2.65,-0.0098,-0.2846,-1.7563,-0.4631,,
362290,1.85,-0.4891,-0.2582,-0.5425,-0.1022,,
362420,2.59,0.08,-0.0207,-0.0288,-0.0578,,
362450,-2.5,-0.0393,-0.2204,-0.0412,0.0007,,
362550,0.62,0.0007,-0.0197,-0.0144,-0.1093,,
362670,-1.8,-0.7125,-0.061,0.1321,-3.7464,,
362760,0.22,0.0001,0.0385,0.001,0.4795,,
363030,,-1.165,-1.2247,-1.9522,-0.1803,,
363250,-2.95,-36.3825,-30.2859,-37.2865,-54.0291,,
363480,0.67,0.0668,-0.0338,0.053,0.2212,,
363590,-1.28,113.5449,97.0244,72.4669,56.2731,,
363620,0.95,0.1404,0.7877,1.9507,1.2816,,
363640,1.34,0.1107,-0.1137,-0.073,-0.0008,,
363790,,-0.1788,-0.1053,-0.0157,-0.079,,
363940,2.77,4.2906,0.5662,0.0955,1.0193,,
363980,-3.86,-0.2054,-0.0574,-0.2588,-4.6911,,
364130,0.44,3.5677,1.0861,5.2308,0.2737,,
364330,-0.06,-2.5221,-7.9427,-3.12,-13.5026,,
364690,0.37,0.5948,0.0077,0.0037,0.0124,,
364790,2.29,0.023,0.0092,0.1444,0.0548,,
364920,-0.06,15.9886,0.4108,8.4647,0.1903,,
365020,,-4.218,-0.5636,-0.6093,0.0001,,
365080,,-0.0028,0.0416,-0.1586,0.2535,,
365100,-3.48,0.1029,0.5384,3.5053,0.2117,,
365480,,0.0919,-0.3113,0.0049,-2.8867,,
365740,0.47,-0.0149,-0.1201,-1.2349,-1.2138,,
365980,-0.9,0.0706,0.7855,0.677,1.1803,,
366380,1.45,-0.0007,-0.1783,-0.0321,-0.813,,
366480,-0.92,1.2381,0.0508,3.0491,0.5993,,
366510,0.78,1.4562,-0.0281,0.0423,-0.1942,,
366530,,-1.6916,-0.0563,-0.2263,-0.8663,,
366630,-0.34,0.0011,-0.1839,-0.2092,-0.5029,,
366730,0.47,-0.0835,-6.6366,-0.7254,-0.1142,,
366950,-0.21,-0.0016,-0.1873,-0.0108,0.0217,,
366970,-3.41,-0.4691,-0.8706,-3.3402,-1.9535,,
367020,2.2,1.2634,0.8626,0.8601,0.5784,,
367060,,-0.0848,-0.1387,0.0128,0.0016,,
408250,0.85,0.0001,-0.0147,-0.0966,-0.8153,,
408330,,-2.7571,-1.6602,-3.2272,-1.4929,,
408340,,-0.3342,-1.4291,-0.8329,-4.3786,,
408550,0.98,0.1994,-0.5693,-0.0891,-0.3673,,
408560,,-0.0296,-0.1285,0.0039,-0.0606,,
408600,-0.37,0.3176,5.978,12.121,8.446,,
408620,0.42,-0.4238,0.1947,0.0009,-0.0045,,
408630,-1.85,-1.1835,-0.3155,-1.3952,-1.8739,,
408680,-1.02,-4.2607,-15.0929,-9.2133,-26.6003,,
408710,,-0.0116,0.0207,0.2693,0.6043,,
408740,1.6,-0.577,-0.503,-0.0377,0.0079,,
408750,1.28,-6.1322,-4.0313,-2.5057,-2.6019,,
408760,1.65,-0.0005,-0.2399,-0.3268,-0.5006,,
408770,-1.22,-0.0009,-1.4053,-1.2886,-11.3528,,
408790,0.62,-1.8869,-0.0432,-0.1816,0.0119,,
408800,2.93,-0.0053,-0.0583,-0.0873,0.0506,,
408820,,-0.0569,-0.252,-0.4697,-0.0949,,
408840,,-10.8171,-9.3609,-9.6502,-6.1949,,
408850,-0.74,0.5979,-0.0005,-0.0215,-0.9888,,
408860,-0.92,-0.0523,-0.5191,-0.0143,-0.1971,,
408870,0.64,-0.1992,-0.1447,-0.4061,-0.1525,,
408920,0.12,0.123,0.3146,0.003,0.1846,,
408930,,-0.6391,-0.0995,-0.4155,-1.7249,,
408940,1.3,0.0114,-0.2306,-0.1757,0.0065,,
408950,,0.5886,0.3644,3.1425,1.4943,,
408960,0.75,-0.1311,-0.4686,-0.0016,-0.052,,
408980,-0.95,-0.3502,-0.0003,-0.8937,-1.2503,,
409020,-0.42,3.2111,1.7781,3.4865,2.0955,,
409030,1.33,0.2322,-0.2117,-0.0161,-0.0833,,
409040,0.77,-0.3223,-1.2079,-3.1358,-3.8389,,
409050,1.4,-0.7473,-0.0357,-0.1457,-0.0682,,
409150,0.04,-0.018,0.0457,0.1849,-0.1441,,
409160,-0.83,-0.3004,-0.0152,0.1959,0.8248,,
409250,,-0.9516,0.0187,-0.0083,-0.0044,,
409260,-2.61,0.1197,-0.0348,0.0937,1.3499,,
409280,-1.68,0.2222,0.4141,0.0169,0.0166,,
409320,0.6,-0.0271,-0.9223,-1.1054,-0.084,,
409340,-0.45,-0.0183,-0.0054,-0.146,-0.3699,,
409390,0.36,-0.1841,-0.0,-0.0455,0.0206,,
409420,-2.15,1.1223,0.128,4.9288,0.0351,,
409510,,0.3355,1.5742,0.3615,1.5254,,
409540,-1.62,3.612,-0.0365,0.0612,-0.4791,,
409550,0.01,-0.1377,-0.0773,-0.1665,-0.0016,,
409560,,-0.3531,-1.0275,-0.7975,-0.1564,,
409570,0.58,-0.0287,-0.0318,-0.469,-0.6603,,
409580,1.05,-0.1668,-0.7685,-0.6843,-0.2273,,
409600,,-0.4757,0.0505,-0.002,0.0114,,
409610,1.36,0.4012,0.8253,0.4842,0.1864,,
409620,,-0.0628,-0.1749,-0.9191,-0.1963,,
409630,1.14,0.3011,0.0189,0.2561,-0.1009,,
409640,0.51,0.599,0.3774,2.2134,4.0494,,
409650,,-0.0004,0.0097,0.4025,0.0293,,
409700,,-0.325,-0.176,-0.2069,-0.2857,,
409710,0.49,0.0,-0.0001,0.0138,0.0002,,
409720,0.97,-32.2783,-17.4218,-8.5794,-7.4332,,
409760,1.38,0.0776,0.1432,0.0331,-0.0061,,
409790,-3.75,0.8438,-1.0804,-0.0792,-0.0606,,
409800,-3.45,-21.5721,-38.3917,-29.4941,-19.1709,,
409830,1.19,0.7175,1.68,1.7721,0.9322,,
409850,1.53,-0.0985,-0.3671,-0.5372,-1.2675,,
409860,,-1.8541,-0.5223,-0.6579,-0.3138,,
409870,,-6.6603,-3.7977,-1.7849,-3.8034,,
409880,0.13,-0.0997,-71.8522,-10.3188,-1.7939,,
409970,0.11,0.1142,0.0546,0.0059,-0.2745,,
409980,,-12.6976,-6.9543,-1.2775,-16.7812,,
409990,,-0.0006,-0.7428,-0.0293,-0.1433,,
410070,-0.57,-0.2751,-2.6163,-0.8396,-2.1706,,
410080,,-0.7485,-0.5732,-0.4157,-1.7765,,
410120,-0.82,1.0526,2.2522,1.1609,2.6214,,
410170,-0.75,-0.4456,-0.0042,-0.0618,-0.1202,,
410210,-4.93,0.2229,5.6722,12.3136,8.448,,
410250,-4.96,0.1368,-2.3681,-0.5337,-3.2625,,
410260,-1.23,-118.5735,-21.9771,-38.3515,-24.9251,,
410300,-1.51,-0.002,0.0926,0.0302,-0.0006,,
410320,-1.2,0.0001,-1.1533,-0.0928,-0.0008,,
410350,-0.47,-0.2974,-0.0416,-0.0082,-0.0024,,
410360,1.95,-0.1103,0.105,0.1481,-0.3027,,
410370,,0.0326,-0.0063,0.1437,-0.4885,,
410390,,-0.0338,0.9492,0.144,0.1349,,
410450,-2.64,1.3046,-0.024,-0.1467,-2.6878,,
410520,0.43,0.1799,0.1746,0.1761,0.0839,,
410530,0.55,0.008,-0.7044,-0.2029,-0.3098,,
410590,,-0.003,-0.0001,-0.0049,0.0034,,
410600,,-0.5128,-2.1159,-0.9775,-6.0641,,
410610,,-14.0466,-2.01,-10.0378,-7.3171,,
410650,-4.78,0.0024,0.0034,-0.0157,-2.5466,,
410660,-0.78,-0.0519,-0.0745,-1.3,-1.2282,,
410700,,-0.1789,-7.3095,-17.0329,-13.1991,,
410710,0.24,-0.1856,-0.0742,-1.4413,-2.1552,,
410720,0.08,3.9849,0.0058,-0.032,0.0094,,
410730,0.35,-3.427,-1.652,-3.8668,-4.3301,,
410760,-4.67,-16.2075,-15.3442,-14.7095,-15.419,,
410770,-3.05,-1.2966,-3.02,-0.1933,-2.1286,,
410790,,-0.2878,-0.3791,-0.0328,-0.0711,,
410800,2.28,-0.0205,-0.013,-0.0265,0.052,,
410810,,-0.1063,-0.0896,-0.0643,-0.2199,,
410850,-0.09,-98.6374,-118.4662,-92.3282,-56.7701,,
410860,,-7.8525,-0.3421,-2.9868,-4.8125,,
410880,0.31,-0.0004,0.1826,0.7613,0.0119,,
410900,,-0.0348,0.0139,0.536,0.2663,,
410910,,-0.1459,-0.48,-0.5185,-0.0978,,
410920,,0.8204,2.7053,2.6299,-0.0002,,
410930,,-1.1025,-0.3337,-0.333,0.0008,,
410940,,-0.0081,0.0561,2.1898,0.1588,,
410960,,0.2832,0.447,0.2143,0.0035,,
410970,,0.0171,0.0034,-0.0,-0.0242,,
410980,,-0.1242,-0.0015,-0.0019,-0.4423,,
411010,,3.0426,-2.2192,-1.0173,-5.675,,
411040,,-0.6215,-0.6847,-0.0094,-0.055,,
411050,0.85,0.0018,1.7261,3.0967,1.3014,,
411080,,0.1998,0.6236,1.8242,0.1215,,
411100,,-0.0,-0.3731,-0.0028,-0.1179,,
411110,,-1.2877,-0.0645,-1.4839,-1.8491,,
411120,,0.0043,0.1867,0.2101,2.9274,,
411140,,0.0982,0.3251,0.4689,0.2639,,
411150,,0.1048,0.1044,1.5027,0.0409,,
411160,,-0.807,-0.9042,-0.5312,-0.2741,,
411170,,-0.48,-0.2702,-0.5297,-0.0577,,
411180,,-0.019,-0.6315,-0.1856,-0.0712,,
411190,,0.0697,0.0156,0.4446,0.6342,,
411200,,0.0035,0.0095,-0.006,-0.2115,,
411210,,-0.081,-0.0095,-0.389,-0.0044,,
411220,,-0.8024,-0.1071,-0.1429,-0.6702,,
411240,,-0.033,-0.0463,0.3322,-0.5124,,
411250,,-0.1562,-0.2336,-0.4689,-0.1419,,
411270,,0.0005,-0.0826,-0.1063,-0.0075,,
411280,,-0.5572,-0.0456,0.0099,0.1072,,
411290,,0.0992,-2.1603,-22.8405,-3.1429,,
411320,,-0.0362,-0.4171,-0.18,-0.2925,,
411330,,-0.1225,-0.2307,-0.2856,-0.5353,,
411340,,0.0968,-0.1677,-0.077,-0.1006,,
411350,,-0.002,0.0055,-0.0013,-0.0085,,
411360,,-0.0032,0.3376,0.1903,0.6575,,
411370,,-0.0326,-0.0772,-0.0016,-0.5074,,
411390,,0.4237,1.1166,0.8157,0.2378,,
411400,,-0.251,0.7116,0.5723,1.159,,
411410,,-0.0181,0.0632,-0.0122,0.0171,,
411430,,-576.783,-452.766,-577.2721,-478.5872,,
411470,,0.1183,0.6755,0.3331,0.1428,,
411500,,-0.2923,-0.1126,0.1938,0.0158,,
411530,,-0.7178,0.0,-0.1425,0.0001,,
411550,,0.6417,-0.0117,-0.122,-0.3298,,
411590,,-0.0047,0.129,0.034,-0.2303,,
411600,,-0.269,-0.0,0.0462,0.1376,,
411620,,-0.7639,-0.4567,-0.0269,-0.2723,,
411640,,0.0816,0.8225,0.1141,0.0338,,
411670,,0.0007,0.1766,0.8587,0.3909,,
411690,,-0.0,2.4092,0.0143,-0.0882,,
411710,,-0.081,-0.0095,-0.389,-0.0044,,
411720,,-4.0241,-1.7141,-1.0636,-0.491,,
411730,,-0.015,-0.1001,-0.1466,-0.0408,,
411740,,-0.0502,-0.0573,0.015,-0.0252,,
411770,,0.0155,0.6402,3.6106,1.082,,
411780,,0.8024,-0.004,-0.0994,-6.8594,,
411790,,-0.0974,-0.0663,0.0327,0.0203,,
411820,,-0.0126,-0.5126,-0.7245,-0.1005,,
411850,,-3.2437,0.0002,-0.2894,-0.1635,,
462961,-1.24,0.3974,0.0768,0.642,1.8409,,
462962,-0.95,-0.4709,-3.7334,-1.9229,-9.1221,,
462963,-4.98,20.0753,-0.0672,-0.1216,-1.3591,,
462964,-0.22,-0.8807,-14.7982,-1.777,-1.0588,,
462965,-2.8,-16.7985,-88.9332,-21.7462,-58.6527,,
462966,-1.08,-4.0037,-0.5787,-0.2845,-6.8211,,
462967,1.04,-0.8623,-4.7101,-2.4919,-2.4839,,
462968,0.76,-0.0493,-2.4143,-3.6119,-1.0012,,
462969,1.44,-1.1618,0.1202,0.5343,0.3901,,
462970,1.48,0.0354,-0.0866,-0.3335,-1.0452,,
462971,-1.13,-0.1464,-5.4937,-0.6915,-1.0385,,
462972,-0.97,0.0054,0.2063,0.0062,0.1136,,
462973,-1.42,-0.0054,0.0903,0.0615,-0.0739,,
462974,-0.04,0.0607,0.0047,0.7976,0.0654,,
