gene_nr,uniprot
039160,A0A125YZH9
200010,S8ER97
200110,A0A125YH64
200130,A0A125YKY2
200230,S8EXK9
200240,S8G8W7
200250,S8GIC9
200260,A0A125YUZ7
200270,S8F0R5
200280,S8EXK6
200290,S8G8W2
200320,A0A125YSF4
200330,A0A125YJ55
200340,S8GIB9
200350,S8F3Z4
200360,S8F0Q6
200370,S8EXJ7
200385,S8GIB3
200400,S8F3Y5
200410,S8F0Q1
200430,S8EXJ3
200440,S8G8U8
200450,S8GIA8
200460,S8F3X7
200470,S8F0P6
200480,S8EXJ0
200590,S8GFX6
200595,A0A125YRS1
200600,S8EV86
200700,S8F1J9
201100,S8F6L1
201110,S8F3J8
201120,S8GEU1
201130,S8GP43
201140,S8F9Q8
201150,S8F6K7
201160,S8F3J4
201170,A0A125YGF5
201180,S8GP38
201200,S8F6K2
201210,S8F3J0
201220,A0A125YV87
201230,S8F9P8
201240,A0A125YVH9
201250,S8F3I6
201260,S8GET0
201270,S8GP32
201380,S8F9P4
201390,S8F6J3
201400,S8F3I3
201520,S8GES5
201630,S8GP24
201660,S8F3H4
201670,S8GER5
201680,S8GP08
201690,S8F9H7
201700,S8F6C0
201710,S8F3F2
201720,S8GEP7
201730,S8GP02
201740,S8F9H3
201750,A0A125YNM8
201760,A0A125YUC9
201770,S8GEN8
201775,A0A125YFU5
201780,S8F9G8
201785,S8F6B2
201790,S8F3D9
201800,A0A125YM53
201810,S8GEN2
201820,S8F9G0
201830,S8F6A8
201840,S8F3D0
201850,S8GEM4
201860,A0A125YR16
201870,S8F9F5
201880,A0A125YZ21
201900,S8GNY5
202010,S8F9F0
202020,S8F6A1
202040,S8GNY1
202050,S8F9E4
202065,A0A125YQJ9
202070,S8GEK1
202080,S8GNX4
202090,S8F9E0
202100,S8F691
202110,S8F3A1
202120,S8GEJ5
202140,S8GNW8
202160,S8F9D6
202170,S8F686
202180,S8F394
202190,S8GEJ0
202200,S8GNW3
202205,S8F9D3
202210,A0A125YJL6
202220,S8F387
202230,S8GEI3
202240,S8GNV8
202250,S8F9C9
202255,S8F675
202285,S8GNV4
202290,A0A125YUR2
202300,A0A125YMV5
202310,S8F373
202330,S8GEH0
202340,S8GNU8
202350,S8F9B8
202360,S8F669
202370,S8F368
202375,S8GEG5
202380,A0A125YTR8
202390,S8F9B5
202400,S8F666
202410,S8F363
202420,S8GEG0
202430,S8GNT8
202440,S8F9B1
202445,S8F663
202450,A0A125YKV7
202460,S8GEF4
202470,S8GNT1
202480,S8F9A6
202490,S8F659
202500,A0A125YZ77
202510,S8GEF1
202520,S8GNS6
202530,S8F9A0
202540,S8F656
202550,S8F348
202568,S8GEE7
202572,S8GNS1
202580,S8F997
202590,S8F343
202600,A0A125YWF2
202610,S8GEE0
202620,S8GNR6
202630,S8F993
202640,S8F651
202650,S8F339
202680,S8GED8
202690,A0A125YUP0
202700,S8F989
202720,S8F645
202730,S8GED2
202735,S8F336
202740,S8GNQ5
202750,S8F984
202760,S8F641
202770,A0A125YU00
202780,S8GEC6
202790,S8GNQ0
202800,S8F980
202810,S8F640
202820,A0A125YRV8
202830,S8GEC0
202840,S8GNP4
202850,S8F976
202860,S8F637
202870,S8F324
202880,S8GEB6
202890,S8GNN9
202900,S8F973
202910,S8F316
202920,S8F631
202930,S8GEB0
202940,S8GNN2
202950,S8F626
202960,S8F968
202970,S8F312
202975,S8GEA4
202980,S8GNM8
203010,S8F307
203020,S8GE99
203030,S8GNM2
203040,S8F959
203050,S8F2Z9
203060,S8F618
203070,S8GE93
203080,S8GNL6
203090,S8F956
203100,A0A125YMD6
203110,S8F2Z2
203120,S8GE87
203135,S8GNL0
203150,S8F953
203160,S8F610
203170,S8F2Y7
203180,S8GNK5
203200,S8F951
203220,S8F605
203230,A0A125YW77
203240,S8GE76
203250,S8GNJ9
203260,S8F948
203270,S8F600
203280,A0A125YQY2
203290,S8GE72
203300,S8GNJ1
203310,A0A125YI90
203320,S8F5Z3
203330,S8F2X0
203340,S8GE66
203350,S8GNI5
203358,S8F940
203362,A0A125YPX9
203370,S8F2W4
203375,S8GE62
203380,S8GNH8
203390,S8F936
203400,S8F2W0
203420,S8F5Y4
203440,S8GNH3
203450,S8F935
203460,S8F5X9
203470,S8GE52
203480,S8F2V7
203490,S8GNG8
203500,A0A125YFM6
203505,A0A125YRW8
203510,S8F2V3
203520,S8GE47
203540,S8GNG2
203590,S8GE42
203600,S8GNF7
203610,S8F921
203620,S8F5W4
203630,A0A125YNY1
203665,S8GE38
203682,S8GNF3
203685,S8F918
203688,S8F5V7
203690,S8F2U2
203700,A0A125YYM2
203705,A0A125YR33
203710,S8F917
203720,A0A125YRZ8
203730,S8F2T8
203740,S8GNE4
203750,S8F914
203760,S8F5U9
203770,S8F2T2
203780,S8GE26
203790,S8GNE0
203800,S8F912
203810,S8F5U3
203815,S8F2S8
203820,S8GE22
203830,S8GND7
203840,S8F909
203860,S8F5T7
203870,A0A125YPV6
203880,S8GND1
203890,S8F904
203900,S8F5T4
203910,S8F2S1
203930,S8GE12
203940,S8GNC9
203950,S8F903
203960,S8F5T2
203970,S8F2R5
203980,S8GE08
203985,S8GNC5
203990,A0A125YHX4
204000,S8F5S9
204010,S8F2R2
204020,A0A125YV57
204040,S8GNC2
204045,S8F8Z6
204050,S8F5S3
204060,S8GE00
204070,S8GNB9
204080,S8F8Z3
204090,S8F5R9
204100,S8F2Q3
204110,S8GDZ7
204120,S8GNB2
204130,S8F8Y9
204140,S8F5R4
204160,S8GDZ2
204270,S8GNA6
204280,S8F8Y6
204290,S8F5R1
204300,S8F2Q0
204310,S8GDY9
204320,S8F8Y3
204325,S8F5Q7
204330,S8GDY3
204340,S8F2P8
204350,S8GN97
204360,S8F8Y0
204370,A0A125YZA0
204380,S8F2P4
204390,S8GDX7
204395,S8GN95
204400,S8F8X7
204410,S8F5P9
204420,S8F2P2
204440,S8GDX4
204460,S8GN88
204480,S8F2N8
204490,A0A125YI66
204500,S8GN83
204505,A0A125YXJ9
204510,S8F5P3
204520,S8F2N5
204530,A0A125YJF8
204540,S8GN79
204550,S8F8W6
204560,S8F5N9
204870,A0A125YIJ4
204880,S8GDW1
205000,S8GN75
205010,S8F8W2
205020,S8F5N5
205030,A0A125YLH1
205040,S8GDV6
205050,S8GN69
205060,S8F8V8
205070,S8F5N2
205080,A0A125YVY2
205090,A0A125YVR8
205100,S8GN62
205120,S8F5M9
205140,S8GDV0
205150,S8GN60
205160,S8F8U4
205170,A0A125YRS0
205180,A0A125YJ39
205190,S8GDU4
205200,S8GN56
205210,S8F8U2
205220,S8F2L2
205230,S8F5M4
205240,S8GDU1
205250,A0A125YQL1
205265,S8F8T8
205280,S8F5M0
205290,S8F2K7
205300,S8GDT7
205320,S8GN45
205330,A0A125YNT4
205340,A0A125YN63
205350,A0A125YTU8
205360,S8GDT3
205370,S8GN41
205380,A0A125YRB2
205390,A0A125YVT7
205398,A0A125YGP8
205402,A0A125YVF6
205410,S8GN37
205420,S8F8S9
205425,S8F5L1
205430,A0A125YMQ3
205440,S8GDS3
205450,A0A125YGQ4
205460,A0A125YQ65
205470,S8F5K7
205480,S8F2J4
205490,A0A125YYS2
205500,S8GN30
205510,S8F8S4
205520,S8F2J1
205530,S8F5K3
205540,S8GDR3
205550,S8GN25
205558,A0A125YY47
205562,S8F5J9
205570,A0A125YGM2
205580,A0A125YNJ5
205590,S8GN22
205600,S8F8R8
205615,S8F5J7
205625,S8F2I6
205630,S8GDQ6
205640,S8GN19
205650,S8F8R5
205658,S8F5J1
205662,A0A125YIC4
205670,A0A125YS14
205680,S8GN16
205690,S8F8R1
205700,S8F5I7
205710,S8F2I2
205720,A0A125YQM0
205730,A0A125YFK3
205740,S8F8Q7
205750,S8F5H9
205760,A0A125YHR6
205770,S8GDP4
206290,S8GN10
206300,S8F8Q5
206310,S8F5H4
206320,S8F2H8
206330,S8GDP1
206340,A0A125YKD8
206350,A0A125YR12
206360,S8F5H0
206380,S8F2H4
206390,A0A125YU14
206400,S8GN02
206415,S8F8P7
206430,S8F5G6
206440,A0A125YLH7
206450,S8F2H1
206460,S8GMZ9
206470,S8F5G1
206480,A0A125YZ97
206490,S8F2G8
206500,S8GDM8
206510,S8GMZ4
206520,S8F5F7
206540,S8F8P1
206550,S8F2G6
206560,A0A125YWD4
206570,S8GMZ2
206580,A0A125YM16
206590,S8F5F3
206600,S8F2G3
206610,S8GMY7
206620,S8F8N5
206630,S8F5F0
206640,S8F2F9
206650,S8GDL5
206660,S8GMY5
206670,S8F8N1
206680,S8F5E6
206690,S8F2F5
206700,A0A125YI19
206710,S8F8M9
206910,S8GSP8
207005,S8EVM8
207010,S8ESL5
207015,S8GDA0
207020,A0A125YKH4
207040,S8ESL3
207050,S8G449
207060,A0A125YW11
207065,S8EZ75
207070,S8EVL8
207080,S8ESL0
207100,S8G444
207120,S8EZ73
207130,S8EVL5
207140,S8ESK6
207150,S8G443
207160,S8GD90
207170,A0A125YZP0
207180,S8EVL1
207200,S8ESK3
207210,A0A125YH00
207230,S8EZ65
207240,S8GD86
207250,S8EVK1
207350,S8FC88
207370,S8GKV7
207390,A0A125YV19
207400,S8FF78
207403,S8FC85
207430,S8FF75
207440,A0A125YYJ1
207450,A0A125YNQ5
207460,A0A125YXV4
207590,S8FC78
207600,S8F962
207610,A0A125YXB6
207620,A0A125YZL8
207630,A0A125YQX6
207640,S8FC74
207650,A0A125YKQ3
207665,S8GKU0
207680,A0A125YIV5
207700,A0A125YX67
207710,A0A125YUF8
207720,S8GKT4
207730,S8GUZ3
207740,A0A125YG54
207750,S8FC68
207760,A0A125YH97
207770,A0A125YQR0
207780,A0A125YV07
207790,A0A125YLP5
207800,A0A125YG13
207820,A0A125YQE4
207830,A0A125YVG8
207840,A0A125YWE8
207900,S8GKS0
207910,S8GUY2
207920,S8FF48
207930,A0A125YWH5
207940,S8F943
207950,A0A125YH43
207955,A0A125YW82
207960,S8FF43
207965,S8FC56
207970,S8F939
207980,A0A125YY92
207990,S8GUX4
208010,S8FF39
208020,S8FC54
208030,A0A125YP11
208040,S8GKQ4
208050,S8GUX0
208070,S8FF35
208090,S8F928
208200,A0A125YX64
208300,A0A125YLY9
208310,A0A125YSE8
208320,S8FC50
208330,S8F926
208340,S8GKP6
208350,A0A125YXM8
208360,A0A125YIZ2
208370,S8FC47
208380,A0A125YQ46
208390,A0A125YI27
208400,S8GUV7
208410,S8FF24
208420,A0A125YRX4
208430,S8F923
208440,A0A125YPQ5
208450,A0A125YV09
208490,A0A125YT36
208500,A0A125YN39
208510,S8F915
208530,A0A125YMB6
208540,S8GUV1
208550,S8FF16
208560,S8FC35
208570,S8F908
208580,S8GKM6
208590,A0A125YWH0
208710,S8FF13
208718,S8FC31
208722,A0A125YL55
208730,S8GKM2
208740,A0A125YV89
208750,S8FF09
208760,S8FC27
208770,A0A125YFI5
208780,A0A125YLA6
208790,A0A125YYK4
208800,A0A125YRQ5
208810,A0A125YYM3
208820,S8F8Z5
208830,A0A125YUV5
208842,S8GUT9
208850,A0A125YPJ9
208910,S8FC20
208970,A0A125YWZ4
208980,A0A125YYV0
208990,A0A125YNM4
209000,S8FEZ8
209005,S8FC17
209010,S8F8Y8
209020,S8GKK4
209030,A0A125YH18
209050,A0A125YN48
209060,S8GKK0
209070,S8GUS6
209080,A0A125YV90
209090,A0A125YUZ1
209095,S8F8Y4
209100,S8GKJ4
209108,S8GUS3
209130,S8F8Y1
209140,S8GKJ0
209150,A0A125YSM7
209160,A0A125YVL2
209170,A0A125YYQ0
209180,A0A125YN33
209190,A0A125YYJ9
209200,S8GUR6
209210,S8FEY2
209240,S8FC00
209250,A0A125YX26
209260,A0A125YN86
209270,S8GUR2
209280,S8FEX8
209290,A0A125YJ28
209300,S8F8W5
209420,A0A125YUC5
209430,A0A125YJC0
209440,S8FBZ3
209450,S8F8W3
209460,S8GKH5
209470,S8GUQ6
209490,S8F8V2
209500,S8GKG9
209510,S8GUQ4
209515,S8FEW7
209520,S8FBY5
209530,S8F8V0
209540,S8GKG6
209550,S8GUQ2
209560,S8FEW2
209570,A0A125YKV9
209580,S8F8U8
209583,S8GKG2
209585,A0A125YXZ1
209590,S8FEV9
209600,A0A125YSN3
209610,A0A125YMP0
209620,S8GKF9
209630,S8FEV1
209640,S8GUP6
209650,S8FBR2
209680,S8GKF2
209690,A0A125YM14
209700,S8FET7
209705,S8FBP9
209710,S8F8Q0
209720,A0A125YSM4
209730,S8GUN0
209740,S8FET1
209755,S8FBP4
209770,S8F8P4
209780,S8GKA9
209790,S8GUM4
209800,A0A125YSC7
209810,S8FBP1
209820,S8F8N8
209830,S8GKA1
209850,S8GUL9
209860,S8FER8
209870,S8FBN4
209890,A0A125YZQ5
209900,S8GUL3
209910,A0A125YMF5
209920,S8FBN1
209930,S8F8M7
209940,S8GK87
209945,S8GUK7
209950,A0A125YN61
209960,S8FBM5
209970,S8F8M2
209985,S8GK81
210095,S8GUJ9
210100,S8FEP8
210210,S8G8U3
210230,S8F3X2
210255,S8G8T8
210260,A0A125YII4
210270,S8F3W6
210280,A0A125YY40
210300,S8EXI1
210310,A0A125YNX3
210320,A0A125YQ10
210330,A0A125YTZ8
210345,S8F0M9
210360,A0A125YWJ2
210370,A0A125YV61
210380,A0A125YQI6
210390,S8F3V3
210400,S8F0M3
210408,A0A125YGR9
210412,A0A125YTX1
210420,S8GI79
210430,S8F3U9
210440,S8EXG8
210450,S8F0L7
210490,S8EXG4
210600,S8G8R6
210678,A0A125YIF9
210682,A0A125YHA1
210690,A0A125YZ11
210700,S8F991
210715,A0A125YXX2
210730,A0A125YG24
210740,S8GHL1
210750,A0A125YNX0
210760,A0A125YN81
210770,S8FCF3
210778,S8GS10
210781,S8GHL5
210783,A0A125YNR3
210787,A0A125YR09
210790,A0A125YJK1
210800,A0A125YRE9
210810,A0A125YQ78
210815,A0A125YVI6
210820,A0A125YKS3
210830,A0A125YJL9
210840,A0A125YIM5
210950,A0A125YSI0
210960,A0A125YWJ7
210970,S8F9A7
210975,A0A125YV02
210980,A0A125YRL4
211010,S8F9B0
211020,A0A125YMJ8
211030,A0A125YG59
211040,A0A125YP59
211050,A0A125YKL6
211060,A0A125YZK0
211080,A0A125YJ77
211090,A0A125YX27
211150,S8F9B7
211220,A0A125YUR8
211230,A0A125YGI6
211240,A0A125YMW6
211250,A0A125YVR5
211260,A0A125YSW0
211270,S8FCI1
211280,S8GS32
211290,S8GHP7
211300,A0A125YY70
211310,S8F9C3
211320,A0A125YXA7
211330,A0A125YJJ1
211340,A0A125YL95
211350,A0A125YWU7
211360,A0A125YYZ1
211385,A0A125YK99
211390,A0A125YLK3
211400,A0A125YUM7
211410,S8FCJ4
211420,S8GS44
211430,S8GHR5
211440,A0A125YVG2
211450,A0A125YYR9
211460,A0A125YMI0
211470,A0A125YR87
211480,A0A125YXC6
211600,A0A125YKY7
211610,S8F6F1
211630,A0A125YSJ3
211640,S8GS54
211650,A0A125YXE6
211670,A0A125YJ44
211675,A0A125YFS6
211680,A0A125YQJ0
211690,S8GHS9
211695,A0A125YZ57
211700,A0A125YXH3
211710,A0A125YSH5
211720,A0A125YK17
211730,A0A125YPE7
211850,A0A125YRD9
211860,S8GEI6
211870,S8G5C3
211890,S8EWW2
211910,S8F054
211920,S8GEJ1
212030,S8G5C6
212075,S8F056
212090,S8GEJ3
212100,S8ETX6
212110,S8G5D0
212130,S8EWW8
212140,S8F060
212150,S8G5D3
212160,S8ETY0
212170,S8EWX3
212180,S8F062
212190,A0A125YRI9
212200,A0A125YGL8
212210,S8ETY3
212220,A0A125YVV8
212240,A0A125YJU4
212250,S8G5D9
212260,S8GEK6
212270,S8ETY6
212275,A0A125YN97
212280,S8GEL1
212290,S8F069
212300,S8G5E3
212310,S8ETZ0
212410,S8GRW6
212420,S8FCB1
212710,S8ETY4
212725,A0A125YG66
212735,S8EML2
212740,S8FBW5
212760,A0A125YGB4
212770,S8GH25
212775,S8F5Q8
212780,S8F8U1
212800,S8FBW9
212810,S8GRG1
212820,S8GH27
212830,S8F5R2
212840,S8F8U6
212850,S8FBX3
212860,S8GRG7
212880,S8GH32
212900,S8F5R7
212910,S8F8U9
212920,S8FBX6
212930,S8GRH2
212937,S8GH35
212940,S8F5S0
212950,A0A125YQC2
212960,S8GRH6
212970,S8GH41
212980,S8F5S4
212990,S8F8V6
213000,S8FBY4
213010,S8GRI2
213020,S8GH47
213030,A0A125YZ92
213040,S8F8V9
213050,A0A125YHQ8
213060,S8GRI9
213065,S8GH50
213067,S8F5T5
213069,S8F8W4
213072,S8FBZ4
213100,S8GH56
213115,S8GRJ4
213240,S8F5T8
213255,S8F8W9
213280,S8FBZ9
213290,S8GRK0
213300,S8GH61
213310,S8F5U2
213325,S8F8X3
213340,S8FC02
213350,A0A125YHZ2
213360,S8GH67
213370,A0A125YPV5
213380,S8FC08
213388,S8F8Y2
213392,S8GRL1
213400,S8GH71
213410,A0A125YSB4
213415,S8F8Z4
213420,S8FC14
213460,S8F5W0
213480,S8F8Z7
213490,S8FC19
213520,A0A125YWV7
213530,S8GH81
213550,S8F5W6
213560,S8F901
213570,S8FC25
213600,S8F5X0
213610,S8F907
213620,S8FC30
213635,S8GRN8
213650,S8GH90
213660,S8F5X5
213670,S8F910
213680,A0A125YIL6
213690,S8FC34
213700,S8GH95
213710,S8F5Y1
213720,S8F913
213730,S8FC38
213740,S8GRP9
213746,S8GHA1
213748,S8F5Y6
213752,S8F916
213760,S8FC44
213770,S8GRQ6
213780,S8GHA7
213790,S8F5Z2
213800,A0A125YFW8
213810,A0A125YXU6
213820,S8GRR2
213830,A0A125YNM2
213840,S8F5Z7
213850,S8F922
213860,S8FC57
213870,S8GRR9
213880,S8GHB7
213890,S8F930
213900,A0A125YSM6
213910,S8FC61
213920,S8GHC3
213930,S8F606
213940,S8F934
213950,S8GRT2
213970,A0A125YFC7
214070,S8GDS4
214080,S8G4J8
214090,S8EZH5
214100,A0A125YFJ4
214110,S8ET38
214115,S8GDR9
214120,S8G4J4
214130,S8EZH3
214140,S8EW31
214150,A0A125YMS9
214160,S8GDR6
214170,S8G4J0
214180,S8EZH1
214190,A0A125YUE4
214200,S8ET28
214210,A0A125YRK1
214220,S8GDR1
214230,S8EZG7
214240,S8EW24
214250,A0A125YPC9
214260,S8G4I1
214270,S8GDQ5
214280,S8EZG3
214290,S8EW18
214295,S8ET20
214300,S8G4H4
214310,S8GDQ1
214320,A0A125YKB1
214330,S8EW13
214340,A0A125YKF5
214350,A0A125YQA6
214370,S8GDP5
214400,S8G4G6
214410,S8GDN9
214420,S8EZF8
214430,S8EW05
214440,S8ET05
214470,S8G4G1
214480,S8GDN4
214490,S8EZF6
214500,S8EW00
214510,A0A125YVZ3
214520,S8G4F6
214530,S8GDN0
214540,S8EZF4
214560,S8G4F4
214570,S8GDM4
214575,A0A125YQL5
214580,S8EVY9
214590,A0A125YVK8
214600,S8G4F0
214610,S8GDL9
214620,S8EZF0
214630,S8EVY4
214740,S8ESY9
214750,S8G4E7
214760,S8GDL4
214770,A0A125YLS2
214780,S8EVY1
214783,S8ESY4
214787,S8G4E2
214790,A0A125YXQ7
214800,S8EZE3
214810,A0A125YP96
214820,A0A125YSV9
214830,S8G4D8
214835,S8EZE1
214840,S8GDK2
214850,S8ESX0
214860,S8EVX1
214870,S8G4D4
214880,S8GDJ8
214900,S8EZD9
214910,S8EVW8
214920,S8ESW8
214930,A0A125YMA8
214940,S8GDJ1
214950,A0A125YG18
214960,S8EVW3
214970,S8ESW0
214980,S8G4C8
214990,S8GDI6
215010,S8EZD4
215020,S8EVV8
215030,S8ESV7
215040,S8G4C3
215055,S8GDH9
215060,A0A125YHR0
215070,S8ESV1
215080,S8G4B9
215090,S8GDH4
215100,S8EZD0
215130,S8EVV1
215140,S8ESU5
215150,S8G4B4
215160,A0A125YPS2
215165,S8EZC7
215170,S8EST9
215210,S8EVU3
215220,S8EZC4
215230,S8EST1
215250,S8G4A8
215260,S8EZC1
215270,S8GDF5
215280,A0A125YH79
215290,S8ESS6
215300,S8G4A5
215320,S8GDF0
215328,S8EZB8
215347,A0A125YK45
215350,A0A125YJP3
215360,S8EZB6
215370,S8EVS5
215380,S8ESR9
215385,S8G497
215390,S8GDE0
215400,S8EZB3
215410,A0A125YRH3
215420,A0A125YV39
215430,A0A125YME7
215440,S8EZB0
215450,A0A125YZH9
215460,A0A125YKH0
215470,A0A125YJN7
215480,S8GDD1
215490,S8EZA7
215500,S8EVR3
215510,S8ESQ6
215520,S8GDC8
215530,A0A125YUY8
215540,A0A125YHI5
215550,S8EVR0
215560,S8ESP8
215570,S8G483
215590,A0A125YI83
215600,S8EVQ7
215610,S8ESP4
215620,S8G480
215640,S8EZA1
215650,S8GDC2
215660,S8EVQ4
215670,S8ESP0
215680,S8G475
215690,S8GDC0
215700,S8EZ97
215710,S8EVP9
215730,A0A125YVF1
215740,S8G472
215750,S8GDB6
215775,A0A125YFK9
215785,S8EVP5
215885,A0A125YN72
215890,A0A125YIH4
215895,A0A125YW92
215900,A0A125YPL1
215910,A0A125YHY7
215920,A0A125YXG9
215930,A0A125YK73
215940,A0A125YUW9
215950,A0A125YHY4
215955,A0A125YGM6
215960,A0A125YZ35
215970,A0A125YVK1
215980,A0A125YHJ4
215990,S8GB10
216000,A0A125YIN2
216010,A0A125YTV4
216020,A0A125YI57
216030,S8EWR5
216040,A0A125YGX6
216050,A0A125YPN9
216053,A0A125YTR4
216055,A0A125YQP5
216060,A0A125YJI6
216070,A0A125YIN1
216080,A0A125YQK8
216090,A0A125YVZ8
216120,A0A125YSL7
216130,A0A125YWQ3
216140,A0A125YUL2
216150,A0A125YY31
216155,A0A125YYK1
216160,A0A125YMZ1
216170,A0A125YTW2
216180,A0A125YZ88
216190,S8G1S5
216200,A0A125YIA9
216210,S8ETA5
216220,A0A125YFX0
216240,S8G1T0
216250,A0A125YPN4
216260,A0A125YNU3
216270,A0A125YYH0
216275,A0A125YL61
216280,A0A125YNV2
216285,A0A125YJ21
216290,S8ETB7
216335,S8EWT7
216370,A0A125YY23
216375,A0A125YXP6
216380,A0A125YXJ8
216390,A0A125YFK7
216400,A0A125YFK2
216410,A0A125YJI0
216415,A0A125YQ16
216420,A0A125YHB8
216430,S8G1U3
216435,A0A125YYC6
216440,A0A125YKY0
216450,A0A125YSB6
216460,A0A125YQW4
216470,A0A125YTD1
216480,S8EWU8
216490,A0A125YPD0
216500,S8G1V5
216510,S8EQ99
216530,S8ETD3
216540,S8EWV3
216560,S8GB62
216580,A0A125YUQ2
216585,S8EQA3
216590,S8ETD7
216600,S8EWW1
216610,S8GB66
216620,A0A125YJZ8
216630,S8EQA6
216640,S8ETE1
216650,A0A125YPG1
216660,A0A125YFT1
216670,A0A125YI48
216680,S8EQB0
216700,S8ETE4
216710,S8EWX2
216720,A0A125YMF1
216730,S8GB78
216740,A0A125YH87
216750,S8ETE7
216760,S8EWX7
216770,S8GB83
216780,S8EQB5
216785,S8G1X7
216790,A0A125YMA1
216800,A0A125YFR6
216810,A0A125YHM3
216820,A0A125YJW4
216830,A0A125YG52
216840,S8ETF4
216850,S8EWY6
216860,A0A125YNR2
216870,A0A125YY42
216875,S8EQC2
216880,A0A125YYS0
216890,S8GB98
216900,S8EWZ2
216910,S8G1Y9
216920,A0A125YH38
216930,A0A125YYB4
216940,S8EWZ5
216950,S8GBA3
216960,A0A125YUJ5
216965,S8EQD0
216970,A0A125YW79
216980,S8EX01
216990,A0A125YQ62
217000,A0A125YLH8
217010,S8EQD6
217020,A0A125YK82
217030,A0A125YTH6
217040,S8GBB2
217050,A0A125YNL9
217160,A0A125YQQ8
217220,A0A125YVQ7
217340,A0A125YID3
217350,A0A125YLJ5
217360,S8G8W5
217370,A0A125YGJ3
217380,A0A125YNV7
217390,A0A125YM47
217400,S8EUT0
217410,S8G8X0
217420,S8FZS1
217430,A0A125YSW9
217440,A0A125YFS5
217450,A0A125YS43
217460,A0A125YXL3
217470,S8FZS6
217480,A0A125YJJ2
217490,A0A125YXV2
217500,S8EUT7
217510,S8G8Y2
217520,A0A125YV04
217530,S8EN88
217540,A0A125YG07
217550,S8EUU1
217555,A0A125YUZ8
217560,A0A125YU83
217570,S8EN92
217580,A0A125YNE9
217590,A0A125YV74
217600,A0A125YFH6
217610,S8FZT8
217620,A0A125YGC8
217630,S8EN95
217640,A0A125YJD9
217650,A0A125YK51
217660,A0A125YNW5
217665,A0A125YPL7
217670,S8ER55
217680,S8EUV4
217688,S8FZU9
217692,S8G902
217700,S8EN98
217710,A0A125YJI9
217720,S8EUW0
217722,S8G908
217724,S8FZV4
217726,S8ENA3
217728,S8ER67
217730,S8EUW4
217740,A0A125YUN8
217760,S8ENA6
217770,A0A125YVD4
217780,S8EUW8
217790,S8G921
217800,A0A125YQG6
217810,A0A125YQV4
217820,A0A125YQV0
217830,S8EUX2
217850,S8G927
217855,S8ENB6
217860,A0A125YG53
217870,A0A125YSQ2
217875,S8EUX7
217880,A0A125YKW1
217890,A0A125YNG8
217900,A0A125YN84
217910,A0A125YRL3
217940,S8ENC3
217951,S8EMV8
217961,S8ENC3
218000,S8EN77
218070,A0A125YPZ6
218130,S8G8W0
218200,S8FZQ5
218210,A0A125YGL5
218215,S8EUR3
218220,A0A125YRL7
218230,A0A125YHX3
218240,A0A125YRT6
218250,S8G8U9
218260,A0A125YLK8
218270,A0A125YIV8
218280,A0A125YIH2
218290,S8FZP7
218300,S8G8U4
218350,S8EN63
218358,A0A125YVH5
218362,S8G8T9
218400,S8EN59
218410,A0A125YFP1
218420,S8G8T4
218450,S8EUP3
218460,A0A125YVQ1
218470,S8EN54
218490,S8FZN1
218500,S8G8S9
218510,S8EQZ1
218520,S8EUN7
218530,S8FZM8
218540,S8EN43
218550,S8G8S5
218560,S8EUN2
218570,S8EQY7
218580,S8EN39
218590,S8FZM1
218600,S8G8S2
218610,S8EUM7
218720,S8EQY1
218730,A0A125YIP1
218740,A0A125YFW4
218750,S8G8R7
218760,S8EUM1
218770,S8EQX7
218780,S8EN29
218790,S8FZL1
218800,S8G8R3
218810,S8EUL6
218820,A0A125YFQ8
218830,S8EN26
218840,S8FZK4
218850,S8G8Q9
218860,S8EUL1
218870,S8EQW8
218880,A0A125YP87
218890,S8FZK0
218900,S8G8Q5
218910,S8EUK6
218920,A0A125YL46
218930,A0A125YRW7
218940,S8G8Q0
218950,S8FZJ5
218955,A0A125YSX7
218960,S8EQW3
219070,S8EN17
219080,S8G8P6
219090,S8FZJ0
219100,S8EUJ6
219110,S8EQW1
219120,S8EN13
219130,S8G8P1
219140,A0A125YHV2
219150,S8EQV9
219160,S8EN08
219170,S8FZH9
219180,S8EUI5
219190,S8EQV7
219200,S8EN05
219210,S8FZH5
219230,S8EQV4
219240,S8EN04
219250,S8FZH0
219260,S8G8M6
219270,A0A125YRY4
219280,A0A125YSC1
219290,S8EN02
219300,S8FZG5
219310,A0A125YW69
219320,A0A125YT84
219348,S8G3U8
219370,S8EQV0
219430,S8EMZ9
219440,S8FZG0
219450,S8G8L8
219460,S8EUG3
219485,S8EMZ7
219500,S8FZF3
219510,S8G8L3
219520,A0A125YYW8
219530,S8EQU6
219540,S8EMZ1
219550,A0A125YJF1
219570,S8G8K9
219590,A0A125YW15
219600,S8EQU4
219610,S8EMY8
219620,S8FZE3
219630,S8G8K4
219640,S8EUE5
219650,S8EQU2
219660,S8EMY5
219670,S8FZD8
219678,S8G8K0
219682,S8EUE1
219690,S8EQU0
219700,S8EMY3
219710,S8FZD4
219720,S8G8J6
219730,S8EUD6
219738,S8EQT6
219742,S8EMY0
219750,A0A125YIF5
219760,S8G8J1
219770,S8EUD1
219780,S8EMX7
219790,S8EQT4
219800,A0A125YPJ1
219810,S8G8I6
219820,S8EUC5
219828,S8EQS8
219840,S8EMX4
219850,S8G8I1
219860,S8EUC0
220025,S8G5W9
220060,S8F8M6
220070,A0A125YWJ1
220080,S8GR95
220090,S8GGW3
220100,S8F5K6
220110,S8F8N2
220120,S8FBR7
220132,S8F5L0
220140,A0A125YIP9
220145,S8FBS2
220150,A0A125YNI9
220160,S8GGX3
220170,S8F8P2
220175,S8F5L4
220180,S8FBS4
220190,S8GRA9
220200,S8GGX8
220208,S8F5L6
220212,S8F8P6
220230,S8FBS8
220240,S8GRB2
220250,A0A125YNK6
220260,S8F5M1
220270,S8F8Q1
220280,S8FBT3
220290,S8GRB7
220300,S8GGY6
220310,S8F8Q6
220320,S8F5M5
220330,S8FBT7
220340,S8GRC2
220350,S8GGZ1
220360,S8F5M8
220370,S8F8Q9
220380,S8FBU1
220390,S8GRC7
220400,S8GGZ6
220420,A0A125YGB5
220430,S8F8R2
220440,S8FBU5
220450,S8GRD1
220460,S8GH01
220470,S8F5N3
220480,S8F8R9
220490,S8FBU7
220500,S8GRD5
220510,S8GH04
220520,S8F5N7
220525,S8F8S1
220530,S8FBV1
220540,S8GRE0
220560,S8GH09
220570,S8F5P1
220585,S8FBV5
220600,A0A125YKT5
220610,S8GH13
220630,S8F5Q0
220640,S8F8T0
220650,S8FBV8
220720,S8EQN3
220730,S8EMU7
220740,S8FZ66
220840,S8FDY1
220850,S8GJA9
220860,A0A125YVU3
220870,A0A125YJM3
220880,A0A125YIC9
220890,S8FDY4
220900,S8GTQ4
220910,S8GJB4
220920,S8F7U5
220930,S8FAW6
220940,S8FDY8
220950,S8GTQ9
221160,S8F7U8
221170,A0A125YGE3
221180,S8FDY9
221190,S8GTR1
221200,S8GJC2
221210,S8F7V1
221220,S8FAX5
221230,S8FDZ3
221240,S8GTR6
221250,S8GJC7
221260,S8F7V5
221265,S8FAX9
221270,S8FDZ6
221275,S8GTS2
221280,S8GJD2
221295,S8F7W0
221310,S8FAY3
221320,S8FE00
221330,S8GTS7
221340,S8GJD8
221350,S8F7W3
221360,S8FAY8
221370,S8FE04
221380,S8GTT2
221390,S8GJE3
221400,S8FAZ4
221410,S8F7W8
221415,A0A125YT39
221420,S8GTT5
221430,S8GJE7
221440,S8F7X3
221450,S8FAZ8
221455,S8FE10
221460,S8GTU1
221470,S8GJF4
221480,S8F7X7
221490,S8FB03
221500,S8GTU4
221510,A0A125YPT9
221530,S8FB08
221540,S8FE16
221550,S8GTU8
221560,S8GJG3
221570,S8F7Y7
221580,S8FB13
221585,A0A125YG15
221590,A0A125YN05
221600,S8GJG7
221610,S8F7Z1
221620,A0A125YYZ6
221630,S8FE23
221640,S8GTV6
221660,S8GJH3
221665,S8F7Z6
221670,A0A125YHC4
221675,S8GTW2
221685,A0A125YWB7
221690,S8GJH8
221700,A0A125YGT7
221710,S8FE28
221720,S8FB26
221818,S8FB41
221830,S8GTW7
221840,S8GJI4
221850,S8F805
221855,S8FB31
221860,S8FE32
221865,S8GTX1
221870,S8GJI9
221900,S8GTX6
221910,A0A125YPM1
221922,S8FE38
221930,A0A125YY56
221940,S8GJK1
221950,A0A125YUB5
221970,S8FB45
221980,S8FE42
221990,S8GTY5
222000,S8GJK5
222010,S8F823
222020,S8FB50
222030,S8FE48
222040,S8GTY7
222050,S8GJL0
222060,S8F827
222070,S8FB55
222075,S8FE52
222080,A0A125YPV7
222090,A0A125YWQ9
222100,S8F831
222110,S8FB61
222120,S8FE54
222130,S8GTZ6
222140,S8GJM0
222155,S8FB66
222160,S8FE58
222170,S8GTZ8
222180,S8GJM3
222188,S8F839
222192,S8FB69
222200,S8FE62
222210,S8GU03
222220,S8GJM7
222230,S8F843
222240,S8FB73
222250,S8GU06
222260,A0A125YH33
222270,S8F848
222280,S8FB77
222290,A0A125YPL3
222300,S8GU09
222305,S8GJN7
222310,S8F851
222330,S8FB81
222340,S8FE72
222350,S8GJP0
222360,S8GU11
222370,S8F856
222380,A0A125YMQ9
222385,S8FE78
222390,S8GU15
222400,S8GJP5
222410,A0A125YYE1
222420,S8FB89
222430,S8FE80
222660,S8GJQ0
222700,S8F863
222710,S8FB93
222800,S8FE85
222840,S8GJQ4
222850,A0A125YS65
222860,A0A125YS99
222870,A0A125YHM5
222880,S8FE88
222900,S8GU25
222910,S8GJQ9
222920,A0A125YKI2
222930,S8FBA0
222935,S8FE91
222940,S8GU29
222948,A0A125YPE0
222952,S8F876
222960,S8FBA4
222970,A0A125YMJ0
222990,S8F879
223000,A0A125YL67
223020,S8GU38
223025,A0A125YKX4
223030,S8F883
223040,S8FBB2
223045,S8FEA5
223050,A0A125YYM8
223060,S8GJS7
223070,A0A125YZP2
223080,S8FBB5
223095,S8FEA6
223110,A0A125YWQ2
223120,S8GJT2
223125,S8F891
223130,S8FBC0
223140,S8FEB0
223150,S8G8A6
223270,S8GEL4
223390,S8G5E6
223400,S8ETZ4
223410,A0A125YS62
223420,S8F076
223430,S8GEL7
223440,S8G5E9
223450,S8ETZ6
223470,S8EWZ4
223480,S8F081
223490,S8G5F3
223500,S8EU00
223510,A0A125YJT8
223520,S8F085
223530,A0A125YZA2
223540,S8G5F5
223550,S8EU02
223560,S8F090
223570,S8EX03
223580,S8G5G0
223590,S8GEM6
223600,S8EU05
223610,S8EX07
223620,A0A125YTL1
223630,S8F092
223640,S8G5G2
223660,S8EX11
223668,S8F097
223672,S8GEN4
223680,A0A125YP03
223685,A0A125YGC6
223690,S8EX14
223700,S8F0A1
223710,A0A125YL51
223725,S8G5H0
223750,S8EU13
223760,S8EX17
223770,S8F0A4
223780,S8GEN9
223790,S8G5H2
223800,S8EU16
223810,S8EX21
223830,A0A125YJQ4
223840,S8GEP4
223870,S8EX25
223880,S8F0B3
223900,S8GEP8
223910,A0A125YL01
223915,S8EU24
223920,S8EX30
223930,A0A125YNA1
223940,S8GEQ1
223950,S8G5I1
223960,A0A125YXU8
223970,S8F0C1
223985,S8EX35
224000,S8GEQ4
224010,S8G5I6
224020,S8EU29
224030,S8EX37
224040,S8F0C6
224050,S8GEQ8
224060,A0A125YVC1
224070,S8EU33
224080,S8EX41
224090,S8GER1
224100,S8F0C9
224110,S8G5J3
224130,A0A125YI46
224140,S8EX45
224150,S8F0D4
224160,S8GER6
224170,S8G5J7
224180,S8EU39
224190,S8EX48
224200,S8F0D8
224205,S8GES0
224210,S8G5J9
224220,A0A125YNB3
224230,S8EX52
224235,S8F0E3
224240,S8GES2
224260,S8EU48
224270,S8EX56
224275,S8F0E6
224280,S8GES7
224290,A0A125YSQ1
224310,S8EU53
224320,S8EX59
224330,S8F0F1
224340,S8GET1
224350,S8G5K8
224460,S8EU57
224470,S8EX60
224480,S8F0F6
224490,S8GET6
224510,S8G5L2
224520,A0A125YGA3
224530,S8EX64
224540,S8F0G0
224560,S8GEU0
224570,S8G5L4
224575,S8EU66
224580,S8EX69
224590,S8F0G5
224600,A0A125YQW7
224610,S8G5L8
224620,A0A125YRS4
224630,S8EX73
224650,S8F0G9
224660,S8GEU8
224670,S8G5M2
224680,S8EX77
224700,S8F0H4
224710,S8GEV4
224720,S8G5M4
224730,A0A125YY39
224740,S8EX80
224750,S8F0I0
224760,S8GEV7
224770,S8G5M9
224780,S8EU84
224790,A0A125YSG3
224800,A0A125YY69
224810,S8GEW2
224820,S8EU85
224830,S8G5N2
224840,S8F0J0
224845,A0A125YGQ1
224850,S8GEW7
224860,S8G5N6
224870,S8EU89
224880,S8EX90
224890,S8F0J5
224900,A0A125YJX9
224905,S8G5N9
224910,S8EU94
224920,S8EX92
224928,S8F0J8
224932,A0A125YMP1
224935,S8G5P2
224940,S8EU98
224950,A0A125YQH0
224960,S8F0K5
224970,S8GEY4
224980,S8G5P6
224990,S8EUA2
225000,S8EXA0
225005,S8F0L0
225010,S8GEY9
225020,S8G5Q1
225028,S8EUA7
225050,S8F0L4
225060,S8GEZ4
225070,A0A125YGH3
225080,A0A125YQU0
225090,S8EXA8
225105,S8G5Q7
225108,S8EUB6
225110,S8EXB1
225120,S8F0M5
225125,S8GF05
225130,S8G5R0
225140,S8EUC1
225150,S8EXB9
225160,S8F0M7
225170,A0A125YSF8
225190,S8G5R4
225200,S8EXC3
225220,S8F0N2
225230,S8GF15
225240,A0A125YJY5
225250,A0A125YQP1
225260,S8EXC5
225270,S8F0N7
225280,S8GF20
225290,S8G5S0
225300,A0A125YJN5
225310,S8EXD0
225315,A0A125YTL6
225320,S8GF26
225330,S8G5S4
225340,S8EUD9
225350,A0A125YUU5
225360,S8F0P5
225370,S8GF31
225380,S8G5S9
225400,S8EUE3
225410,S8EXE0
225413,S8F0Q0
225420,A0A125YGY7
225430,S8G5T3
225435,S8EXE4
225440,S8EUE8
225450,S8GF40
225460,S8F0Q5
225470,A0A125YIM7
225480,S8EUF3
225490,S8EXE8
225500,S8F0Q9
225510,S8GF44
225530,S8EUF8
225540,S8EXF3
225550,S8F0R8
225555,A0A125YN67
225560,S8G5U2
225570,S8EUG2
225580,A0A125YLC7
225590,S8F0S3
225680,A0A125YVT2
225690,S8G5U5
225710,A0A125YKI7
225720,S8EXG3
225730,A0A125YLN5
225745,S8GF57
225770,S8G5U9
225780,S8EUG9
225790,A0A125YFI4
225800,S8F0T3
225810,S8GF62
225820,S8G5V2
225830,S8EUH2
225840,S8EXH1
225850,S8F0T7
225860,S8GF67
225870,S8G5V4
225880,A0A125YPT3
225890,S8EXH4
225900,S8F0U1
225910,S8G5V9
225920,S8EUI1
225930,A0A125YV68
225940,S8F0U5
225950,S8G5W2
225953,S8GF77
225955,S8EUI6
225958,S8EXI4
225960,S8F0U9
225970,S8GF82
225980,S8G5W6
225990,S8EUJ1
226000,A0A125YRE3
226010,A0A125YJC8
226020,A0A125YKC2
226030,A0A125YVN4
226040,A0A125YWI5
226050,S8EXJ1
226060,S8G5X3
226068,A0A125YK57
226072,S8EUK0
226080,S8EXJ5
226090,S8F0V9
226220,S8EUK4
226230,S8EXJ9
226240,S8F0W2
226245,S8GFA1
226250,A0A125YSI7
226260,S8EUK8
226270,S8EXK3
226280,A0A125YXA5
226290,S8GFA6
226300,A0A125YG94
226310,S8EUL3
226320,A0A125YPV2
226330,S8F0X0
226340,S8GFB2
226350,S8G5Z4
226370,A0A125YU58
226380,S8EXL5
226390,S8GFB8
226400,S8G5Z7
226410,S8EUM4
226420,S8EXL9
226430,S8F0X6
226440,S8GFC4
226450,S8G602
226460,S8EUM8
226470,S8EXM3
226480,S8F0Y0
226490,S8GFC9
226500,S8G606
226510,S8EUN3
226515,S8EXM7
226520,S8F0Y3
226532,S8GFD6
226540,A0A125YMZ6
226550,A0A125YX10
226560,A0A125YK67
226565,S8F0Y6
226570,A0A125YGY9
226580,S8G616
226590,S8EUP1
226600,A0A125YTW0
226610,S8F0Y9
226620,S8GFE6
226640,A0A125YHN8
226660,S8F0Z2
226670,S8EXN9
226680,S8GFF1
226690,S8G627
226700,S8EUQ1
226705,A0A125YSR0
226710,S8F0Z6
226720,A0A125YK52
226730,A0A125YJV5
226740,A0A125YVV3
226755,S8EXP7
226780,S8F101
226790,S8GFG0
226800,S8G635
226810,S8EUR1
226820,S8EXQ3
226825,S8GFG5
226830,S8F106
226840,S8G642
226850,S8EXQ8
226860,S8EUR6
226870,S8F111
226890,S8G645
226900,S8EUR9
226910,S8EXR5
226920,S8F115
226925,S8GFH5
226930,S8EUS4
226940,S8G650
226950,S8EXR9
226960,A0A125YKV6
226970,A0A125YQR6
226980,S8G656
226990,S8EXS4
227000,S8F125
227010,S8GFI5
227020,S8EUT2
227030,A0A125YJ56
227040,S8GFI9
227050,S8EXS9
227060,S8G668
227070,S8EUT9
227080,S8EXT3
227090,S8F134
227100,A0A125YVH4
227115,S8G672
227130,S8EUU2
227140,S8EXT5
227150,S8F139
227260,S8GFK2
227270,S8G679
227280,A0A125YY45
227290,A0A125YPH4
227300,S8GFK9
227310,S8G684
227320,S8EUV1
227330,S8EXU5
227335,A0A125YYS3
227350,S8GFL5
227360,A0A125YQV2
227370,S8EUV5
227380,S8EXU7
227390,S8F153
227400,S8GFM1
227410,S8G696
227420,S8EUV8
227430,S8EXV0
227440,S8F158
227450,S8GFM7
227560,S8G6A2
227570,A0A125YTP0
227580,S8EXV4
227600,A0A125YXF3
227610,S8G6A7
227615,A0A125YGN8
227620,A0A125YGN4
227630,S8F169
227650,S8G6B6
227660,S8EUW9
227780,S8EXW0
227790,S8F176
227800,S8GFP6
227810,S8G6C2
227820,S8EUX3
227830,S8EXW3
227840,A0A125YPK9
227850,S8GFQ1
227860,S8G6C8
227870,A0A125YRF3
227880,S8F187
227890,S8GFQ6
227900,S8G6D4
227910,A0A125YW21
227920,A0A125YWV1
227930,S8F193
227940,S8GFR1
227948,S8G6E0
227952,A0A125YQT1
227960,S8EXX5
227970,S8F1A0
227980,S8GFR5
227990,S8G6E6
228000,A0A125YVB0
228010,S8GFR9
228020,S8F1A5
228030,S8G6F2
228040,S8EUZ2
228050,S8EXY2
228060,S8F1B1
228065,A0A125YZJ2
228070,S8G6G0
228080,S8EUZ6
228100,S8EXY8
228110,A0A125YYC5
228120,S8GFS8
228130,S8G6G5
228145,A0A125YS86
228150,S8F1C5
228160,S8GFT4
228170,S8G6H2
228175,S8EV05
228180,A0A125YL26
228190,A0A125YGE0
228200,A0A125YSN4
228210,S8G6I9
228220,A0A125YHW8
228230,S8EY42
228240,S8F1E7
228250,S8GFW2
228270,S8G6K0
228280,S8EV76
228290,S8EYA4
228300,A0A125YV80
228310,A0A125YR60
228320,S8G6K3
228330,S8EV78
228340,S8EYA9
228350,S8F1J1
228360,S8GFX3
228370,S8G6K8
228380,S8EV84
228390,S8EYB3
228395,S8F519
228400,S8EVA1
228410,S8G6M8
228420,A0A125YWL0
228430,S8F1L5
228440,S8EYD3
228460,S8EVA0
228470,A0A125YX57
228480,S8GFY9
228490,S8F1L1
228620,S8G6M2
228630,S8GFY7
228640,S8F1K7
228660,S8EYC4
228670,S8EV93
228680,S8G6L8
228690,S8GFY2
228710,S8F1K5
228720,S8EYC1
228730,S8EV89
228750,S8G6L4
228760,S8GFY0
228770,S8F1K1
228780,S8EYB7
228980,S8GBD0
228990,A0A125YRP1
229000,A0A125YP46
229005,S8F6I4
229010,S8F0B5
229020,S8GBC4
229030,S8GKQ0
229140,A0A125YVZ4
229150,S8F381
229160,S8F0B0
229170,S8GBB9
229180,A0A125YUH4
229190,A0A125YG14
229200,S8F375
229210,A0A125YG92
229220,A0A125YRX5
229230,A0A125YV93
229240,A0A125YVQ5
229250,S8F371
229260,A0A125YYW1
229270,A0A125YXP1
229280,A0A125YR64
229290,S8F6G5
229300,S8F367
229310,S8F094
229320,S8GBA6
229330,A0A125YZ89
229340,S8F6G1
229350,S8F361
229360,S8F088
229370,S8GBA0
229380,S8GKM3
229390,S8F6F8
229405,S8F358
229420,A0A125YS54
229440,S8GB95
229450,A0A125YQA7
229460,S8F6F4
229470,A0A125YWR7
229480,A0A125YH73
229490,S8GB91
229500,A0A125YK41
229620,S8F6E9
229630,S8F350
229640,S8F075
229650,A0A125YQX4
229660,A0A125YFF0
229670,A0A125YRX2
229680,A0A125YY99
229690,A0A125YM80
229710,S8GKK2
229720,S8F6E1
229740,S8F063
229750,S8GB77
229770,A0A125YIT0
229780,A0A125YV41
229790,S8F059
229900,S8GKJ3
229910,A0A125YFQ2
229915,S8F337
229920,A0A125YS26
229930,A0A125YYS6
229940,A0A125YII8
229950,A0A125YVJ7
229990,A0A125YJ02
230000,S8F051
230010,S8GB64
230020,A0A125YY28
230030,S8F6C7
230050,A0A125YKW9
230060,A0A125YH14
230070,A0A125YWC2
230080,S8F6C5
230100,A0A125YFK0
230110,S8F042
230122,S8GKH2
230130,A0A125YKX6
230135,S8F322
230140,A0A125YVE6
230150,A0A125YHF2
230160,S8GKG7
230170,S8F6B8
230180,A0A125YG37
230190,A0A125YZ05
230200,S8GB43
230205,S8GKG3
230210,A0A125YHT9
230220,S8F315
230230,S8F031
230340,S8GB40
230350,A0A125YWX8
230380,A0A125YZ70
230400,S8F310
230410,A0A125YZK4
230420,A0A125YIC2
230430,A0A125YLL7
230440,S8F6A7
230450,A0A125YR57
230460,A0A125YQI5
230470,S8GB29
230480,A0A125YLF2
230490,S8F6A4
230500,S8F301
230510,A0A125YP30
230520,A0A125YLU4
230535,S8GKE8
230555,S8F6A0
230570,S8F2Z7
230580,S8F017
230590,S8GB19
230610,S8F015
230630,S8GB13
230640,S8GKE2
230650,A0A125YX23
230690,S8F688
230700,A0A125YM41
230705,S8F009
230710,S8GB07
230820,A0A125YX93
230830,S8F685
230840,A0A125YXW9
230850,A0A125YFA7
230860,A0A125YY16
230870,S8GKD3
230880,A0A125YHB6
230890,S8F2X3
230900,A0A125YQY9
230905,S8GAZ9
230910,S8GKD0
230920,A0A125YFX8
230940,S8F2W9
230950,S8EZZ8
230960,A0A125YIG4
230970,A0A125YU68
230980,S8F673
230990,S8F2W5
231000,A0A125YIF3
231010,S8GAZ2
231020,A0A125YXS7
231030,A0A125YZM1
231040,S8F2W2
231050,A0A125YGB3
231055,A0A125YQ22
231060,S8GKC1
231070,S8F667
231080,A0A125YR21
231090,S8EZY8
231100,A0A125YNP8
231110,A0A125YL33
231120,S8F665
231125,S8F2V4
231130,S8EZY4
231140,S8GAY1
231150,A0A125YRU0
231160,A0A125YPL6
231170,S8F2V2
231175,S8EZY1
231180,A0A125YRI1
231190,A0A125YT96
231200,S8F660
231210,A0A125YPI0
231220,A0A125YTW5
231230,S8GKA5
231280,S8F657
231350,S8F2U3
231360,S8EZX4
231370,S8GAX0
231380,A0A125YT13
231390,S8F655
231400,A0A125YQ52
231410,A0A125YYF7
231420,A0A125YK02
231430,A0A125YMR6
231440,S8F652
231450,A0A125YVK9
231460,S8EZW8
231470,S8GAW4
231480,S8GK91
231590,S8F649
231600,A0A125YHR2
231625,S8F646
231630,A0A125YPZ0
231640,A0A125YFV7
231750,S8GAV7
231770,A0A125YTP7
231780,A0A125YNL8
231790,S8F2S6
231800,A0A125YZF1
231815,S8GAV2
231840,A0A125YG78
231850,A0A125YZ64
231860,A0A125YYE6
231865,A0A125YIC0
231870,S8GAU8
231880,A0A125YH98
231890,S8F632
231900,A0A125YV71
231910,A0A125YUH1
231920,A0A125YJ58
231930,S8GK70
231940,A0A125YMG7
231950,A0A125YYQ9
231960,S8EZU9
231970,A0A125YYU2
231980,S8GK67
231990,A0A125YU17
231991,S8F2R4
231992,S8EZU4
231994,S8GAT7
231996,S8GK62
231998,S8F623
232000,A0A125YJJ8
232010,S8EZU1
232020,S8GAT4
232030,A0A125YM25
232040,A0A125YN56
232050,A0A125YZM0
232060,A0A125YFN2
232080,S8GK56
232085,S8F609
232090,A0A125YLX3
232100,S8EZT5
232110,S8GAS8
232120,S8GK54
232130,A0A125YLA3
232140,A0A125YHV7
232150,S8EZT1
232160,S8GAS3
232170,A0A125YSD0
232190,A0A125YQ40
232200,A0A125YHN2
232210,S8GAR9
232220,A0A125YYT8
232230,A0A125YGX9
232240,A0A125YPW0
232250,A0A125YV29
232260,A0A125YGI5
232270,S8GK43
232280,S8F5Z1
232290,S8F2P0
232300,S8EZS1
232310,A0A125YHJ1
232320,S8GK41
232340,S8F5Y7
232350,A0A125YWC9
232360,S8EZR8
232370,A0A125YTJ6
232380,A0A125YKQ0
232390,A0A125YMK5
232400,S8F2N4
232410,A0A125YMM3
232420,S8GAQ6
232430,S8GK34
232440,A0A125YMJ4
232450,S8F2N2
232475,S8EZR2
232500,S8GAQ1
232510,A0A125YXD9
232520,A0A125YQE2
232530,A0A125YH59
232540,A0A125YYB3
232550,A0A125YI65
232560,S8GK29
232580,A0A125YTI4
232590,A0A125YWW8
232600,S8EZQ6
232610,A0A125YNQ7
232620,A0A125YID8
232630,A0A125YYR3
232640,A0A125YXQ3
232650,A0A125YMY0
232655,A0A125YL88
232660,S8GK24
232670,S8F5W1
232680,A0A125YGE8
232690,S8EZQ0
232700,A0A125YMF6
232710,A0A125YZM9
232720,A0A125YLI2
232730,A0A125YHI8
232740,A0A125YSI4
232750,S8GAN6
232760,A0A125YXL5
232770,A0A125YRF1
232780,S8F2L4
232800,S8EZP4
232815,A0A125YRU8
232830,A0A125YQ93
232940,A0A125YY54
232950,S8EZP0
232955,S8GAN0
232960,A0A125YFP7
232970,A0A125YWX9
232980,S8F2K6
232990,S8EZN7
233000,S8GAM4
233010,S8GK09
233020,A0A125YXV6
233030,S8F2K4
233040,A0A125YY11
233080,A0A125YSI1
233090,S8F2K0
233100,A0A125YWW4
233110,A0A125YHW6
233120,S8GJZ9
233130,A0A125YYW5
233140,A0A125YVZ0
233160,A0A125YTX0
233170,A0A125YPC1
233180,A0A125YXY1
233190,A0A125YK64
233200,A0A125YVW0
233210,S8F5L7
233220,S8F2E2
233230,A0A125YP41
233245,S8GAI2
233260,A0A125YK70
233270,A0A125YVX0
233280,S8F2D6
233290,A0A125YWI9
233300,A0A125YUK6
233310,A0A125YP99
233315,S8F5K9
233320,S8F2D1
233330,A0A125YJ37
233340,S8GAH3
233350,A0A125YLB7
233360,A0A125YS97
233370,S8F5K5
233380,S8EZ82
233390,A0A125YL21
233400,A0A125YXY7
233405,S8F5K1
233410,S8F2C1
233430,S8EZ76
233450,S8GAG4
233460,A0A125YP09
233470,S8F5J5
233480,A0A125YHM6
233490,S8EZ72
233500,A0A125YP67
233520,A0A125YS58
233530,S8F2B2
233540,S8EZ66
233550,S8GAF2
233610,A0A125YK86
233670,A0A125YKU1
233680,A0A125YI33
233695,A0A125YIX0
233710,S8GAE7
233720,A0A125YZK9
233735,S8F5I3
233760,S8F2A3
233770,S8EZ59
233780,S8GAE1
233790,S8F5H7
233792,S8GJT6
233810,S8F297
233820,S8EZ53
233830,S8GAD3
233850,A0A125YKD7
233860,S8EZ47
233870,S8GAC8
233890,S8GJS5
233905,S8F5G5
233920,S8F280
233925,S8EZ42
233930,S8GAC3
233940,S8GJS0
233950,A0A125YTP1
233960,S8F275
234060,S8G8C8
234165,S8EWV8
234180,A0A125YRC7
234190,S8G5B9
234200,S8GEH9
234220,S8F046
234230,S8EWV4
234250,S8ETW5
234270,S8GEH3
234280,S8F041
234300,S8EWV0
234310,S8ETW3
234340,S8G5B4
234350,S8GEG1
234360,S8F040
234370,A0A125YWD7
234375,S8EWP4
234380,S8G5A5
234390,S8GEE6
234400,A0A125YZ68
234420,A0A125YNK2
234430,S8G590
234440,A0A125YFJ7
234450,A0A125YJX2
234460,S8EWM4
234470,S8ETM7
234490,S8G585
234505,A0A125YPN6
234507,S8F013
234510,S8EWL9
234520,S8ETM1
234530,A0A125YP38
234540,S8GED0
234550,A0A125YQ83
234560,S8EWL5
234570,A0A125YZ46
234580,S8G572
234590,S8F002
234600,S8GEC7
234610,S8EWL0
234640,S8G567
234670,S8GEC2
234900,S8EZZ6
234930,S8EWK5
234940,S8ETL2
234950,S8G561
234970,S8GEB4
234980,S8EZZ0
234990,S8EWK0
235000,S8ETK7
235010,S8G555
235020,S8GEA9
235130,S8EZY3
235140,S8EWJ6
235150,A0A125YY02
235160,S8G550
235170,S8GEA3
235200,S8GE96
235315,S8EZX1
235340,S8EWI7
235350,S8ETJ3
235360,S8G538
235370,A0A125YTH7
235380,S8EZW4
235390,S8EWI3
235398,S8ETI9
235402,S8G532
235420,S8GE84
235430,S8EZV9
235440,A0A125YWT5
235450,S8ETI6
235470,S8G527
235478,S8EZV3
235490,S8EWH2
235540,A0A125YH36
235550,S8EZU5
235560,S8EWG8
235580,S8ETH6
235590,S8G511
235600,S8GE63
235610,S8EZT9
235620,A0A125YU47
235630,S8ETH4
235635,S8G503
235640,A0A125YR07
235650,S8EZT2
235660,S8EWF9
235670,S8ETH0
235680,S8G4Z6
235690,S8GE50
235700,A0A125YJ68
235710,S8EWF4
235720,S8ETG7
235730,A0A125YQF4
235740,S8G4Z1
235750,A0A125YXB2
235860,S8EWE8
235880,A0A125YT77
235890,S8EZQ1
235905,S8EWE3
235920,S8ETG1
235930,A0A125YQ54
235950,S8EZP3
235960,S8EWD7
235970,A0A125YRD3
235980,S8G4W7
235990,S8GE29
236000,S8EZN5
236010,S8ETF6
236020,S8EWD3
236030,S8G4W2
236040,A0A125YGE6
236050,S8EZM9
236060,S8EWD0
236070,S8ETF2
236080,S8G4V7
236110,S8GE21
236120,S8EZM2
236130,S8EWC6
236140,S8ETE6
236150,S8G4V0
236160,S8GE16
236190,S8EZL3
236200,S8EWC0
236210,A0A125YS93
236220,S8G4U4
236230,S8EZK9
236240,S8GE11
236250,S8EWB5
236260,S8ETD0
236270,S8G4T7
236280,S8GE06
236290,S8EZK6
236400,S8EWB0
236510,S8G4T1
236520,S8ETC4
236530,A0A125YQD2
236540,S8EZK4
236550,A0A125YSL4
236560,S8EWA6
236570,S8G4S4
236580,A0A125YFG8
236595,S8EZK3
236620,S8EWA2
236630,S8ETB5
236635,S8G4R9
236640,A0A125YLL2
236650,S8EZK1
236660,S8EW99
236670,S8ETB0
236780,S8G4R3
236790,S8GDY8
236800,S8EZJ9
236820,S8EW95
236830,S8G4Q8
236840,S8ETA6
236850,S8GDY4
236860,S8EZJ7
236870,S8EW90
236880,S8ETA0
236890,S8G4Q4
236900,S8GDX8
236910,A0A125YHP5
236920,A0A125YZE2
236930,S8ET97
236940,S8G4Q1
236950,A0A125YVX5
236960,A0A125YH40
236970,S8EW83
236975,A0A125YH28
237000,A0A125YYL2
237010,S8EW79
237015,S8ET88
237020,S8G4P0
237045,S8GDW8
237070,A0A125YJK8
237080,S8ET83
237090,S8G4N6
237100,S8GDW3
237110,A0A125YUA5
237120,S8ET78
237130,S8EW71
237140,S8G4N2
237150,S8GDV7
237160,S8EZI7
237170,S8EW66
237180,S8ET73
237190,A0A125YPB4
237195,S8GDV3
237200,S8EW61
237210,S8EZI5
237220,A0A125YTJ3
237230,S8G4M3
237240,S8GDU7
237250,S8EZI3
237260,S8EW57
237270,S8ET62
237280,S8G4L8
237290,S8GDU3
237410,S8EZI2
237450,S8ET58
237460,S8G4L3
237470,S8GDT8
237480,S8EZI0
237490,S8EW49
237500,S8ET53
237510,S8G4K9
237520,S8GDT4
237530,S8EZH8
237550,S8ET48
237560,S8G4K4
237570,S8GDT0
237585,S8EZH6
237595,S8ET42
237600,S8EW41
237700,S8GPW8
237800,S8FC70
237810,A0A125YSC5
237820,A0A125YYN0
237830,S8F616
237835,A0A125YUE0
237840,A0A125YT47
237860,A0A125YIM3
237870,A0A125YM33
237880,A0A125YR90
237890,A0A125YGJ8
237893,A0A125YIL3
237894,A0A125YYN1
237900,S8F957
238000,S8FB56
238010,A0A125YU29
238020,S8F807
238040,S8GGD3
238050,A0A125YS68
238060,A0A125YP45
238070,A0A125YM83
238080,S8GQQ4
238100,A0A125YUL0
238110,A0A125YM22
238130,A0A125YV70
238140,S8GGC7
238150,A0A125YRJ5
238160,A0A125YS33
238165,S8F7Z5
238170,A0A125YZ20
238180,S8GGC2
238190,A0A125YK37
238200,S8FB39
238210,A0A125YYQ5
238220,A0A125YRU3
238230,A0A125YUC1
238240,A0A125YTA8
238250,A0A125YHS3
238260,A0A125YW02
238270,A0A125YXX1
238380,A0A125YKM9
238390,S8GQN5
238400,A0A125YS18
238410,S8F7Y5
238420,S8F4Y0
238440,A0A125YWA7
238450,A0A125YYA5
238460,A0A125YZQ8
238470,A0A125YR72
238480,S8F4X5
238490,A0A125YMN4
238500,A0A125YYI3
238505,S8FB23
238510,A0A125YMD4
238520,A0A125YS84
238530,S8GGA3
238850,A0A125YM29
238860,A0A125YXH2
238870,A0A125YPR8
238880,S8F4W9
238895,S8GG99
238915,S8GQL9
238930,S8FB14
238940,S8F7X1
238950,S8F4W5
238960,A0A125YVU9
238970,A0A125YGM9
238980,A0A125YK85
238995,S8F7W7
239010,S8F4W1
239020,A0A125YIS0
239050,A0A125YQ98
239070,S8FB06
239080,A0A125YS45
239083,S8F4V7
239087,A0A125YZ59
239090,A0A125YLF5
239100,A0A125YZ19
239130,S8GG86
239250,A0A125YVD7
239260,A0A125YHU4
239270,S8F7V3
239290,S8F4U7
239300,S8GG84
239310,S8GQK2
239320,A0A125YKY3
239330,A0A125YUV2
239340,S8F4T9
239350,S8GG79
239365,S8GQJ0
239400,A0A125YXW8
239410,A0A125YSV4
239420,S8GQI4
239430,S8GG65
239440,S8FAU3
239475,S8F7S2
239480,S8F4S1
239490,S8GG59
239500,A0A125YQC4
239510,A0A125YT97
239520,S8F7R6
239540,A0A125YJ86
239550,A0A125YJI3
239560,A0A125YIV9
239570,S8F7R0
239580,S8F4R0
239590,A0A125YMP2
239600,A0A125YL93
239610,A0A125YFL5
239620,S8F7Q2
239630,S8F4Q6
239640,A0A125YPU2
239650,S8GQG1
239660,S8FAS0
239670,S8F7P6
239680,A0A125YL23
239690,A0A125YRY8
239700,S8GQF5
239710,A0A125YGJ5
239720,A0A125YMH9
239730,S8F4P4
239740,A0A125YK96
239748,S8GG22
239752,S8FAQ9
239755,A0A125YMB0
239760,A0A125YT46
239770,S8GG14
239780,S8GQE3
239790,A0A125YHE3
239795,S8F7N0
239800,S8F4N2
239810,S8GG08
239820,A0A125YMY9
239830,S8FAQ0
239855,S8F7M4
239870,S8F4M7
239880,A0A125YXI5
239885,S8FAU8
239890,A0A125YJB6
239910,S8FAP4
239930,A0A125YM78
240050,S8F7L7
240060,A0A125YYK6
240070,A0A125YPU0
240080,S8FAN9
240090,A0A125YL00
240200,S8F4L4
240210,A0A125YKS7
240220,S8GQB9
240230,A0A125YXU3
240240,S8F7K5
240243,S8F4K9
240250,A0A125YII6
240255,S8FAM9
240260,A0A125YUM6
240270,A0A125YQ85
240280,A0A125YMH3
240300,S8F4J8
240310,S8GFW4
240325,S8GQA2
240330,S8FAM3
240340,S8F7I6
240350,S8F4J2
240360,S8GFV8
240365,S8GQ96
240370,S8FAL9
240380,S8F7I2
240390,S8F4I4
240400,A0A125YGN7
240410,S8GQ89
240430,S8FAL5
240440,S8F7H7
240450,A0A125YYC0
240460,S8GFU8
240470,A0A125YFH4
240480,S8FAL2
240490,A0A125YVH0
240500,S8F4H3
240510,S8GFU2
240520,A0A125YRY1
240525,S8FAK8
240530,A0A125YT75
240540,A0A125YTG0
240550,A0A125YM89
240560,A0A125YW32
240570,S8GQ73
240575,S8F7G3
240580,S8F4G0
240590,A0A125YNC1
240600,A0A125YM67
240610,A0A125YX63
240620,A0A125YW35
240630,A0A125YXJ5
240640,A0A125YXT2
240650,A0A125YGM1
240660,S8FAJ5
240670,A0A125YJU5
240680,S8F4E7
240690,A0A125YNS2
240700,S8GFS1
240710,S8FAJ1
240730,A0A125YSU2
240740,A0A125YFF3
240755,S8GFR7
240770,S8GQ48
240780,A0A125YI26
240790,S8F7E3
240800,A0A125YPF9
240810,A0A125YQS6
240830,S8FAI2
240840,A0A125YYD8
240850,A0A125YLA2
240860,A0A125YWP9
240870,S8GQ34
240880,S8FAH7
240890,A0A125YZ29
240900,S8F4C7
240910,S8GQ26
240920,A0A125YLG9
240930,A0A125YLT7
240940,A0A125YXI3
240950,A0A125YLM4
240960,A0A125YQV3
240970,S8GQ19
240980,S8FAH0
240990,S8F7C7
241000,A0A125YQU7
241010,S8F4B7
241130,S8GQ11
241140,S8FAG6
241150,A0A125YMU7
241155,A0A125YSD2
241160,A0A125YHN5
241165,A0A125YRV7
241170,S8FAG1
241175,S8F7B8
241180,A0A125YX29
241240,S8GFM4
241300,S8GPZ9
241305,S8FAF5
241310,A0A125YPF4
241610,S8F4A3
241710,S8GFL8
241820,A0A125YML5
241830,A0A125YVH7
241840,A0A125YYC1
241850,S8F497
241860,A0A125YKK1
241870,S8GPY9
241880,A0A125YJG3
241890,S8F7A6
242000,A0A125YYE7
242010,S8GFK7
242020,S8GPY2
242030,S8FAE0
242055,S8F488
242070,A0A125YLM6
242080,A0A125YWR0
242090,S8FAD7
242100,S8F795
242110,S8FZ79
242118,S8EMV5
242230,S8GP91
242240,S8GEY5
242250,S8F3P2
242260,S8F6Q9
242270,A0A125YYZ8
242290,A0A125YL91
242300,A0A125YJ98
242310,A0A125YJ08
242320,A0A125YZK2
242330,A0A125YNF9
242370,A0A125YQG2
242380,S8F9W9
242390,A0A125YT14
242400,A0A125YPM7
242415,S8F3Q3
242435,S8F6S2
242460,A0A125YHX8
242570,S8GPB1
242580,S8F3Q7
242590,S8GF03
242600,A0A125YV48
242610,S8F9X5
242625,S8GPB5
242640,S8GF12
242650,A0A125YRD2
242660,A0A125YH52
242670,S8F9Y0
242680,A0A125YZ94
242700,S8F3R4
242710,S8GF18
242720,S8F6T7
242730,S8F9Y3
242740,A0A125YMT9
242750,A0A125YSH2
242780,S8F9Y6
242790,S8GPD1
242800,A0A125YNA9
242810,S8F3S1
242820,A0A125YNX5
242830,A0A125YXQ5
242840,A0A125YNN9
242850,A0A125YN95
242860,S8F6V1
242870,S8F9Z4
242880,S8GPD8
242890,S8GF32
242900,S8F3S8
243100,S8F6V3
243110,S8F9Z8
243120,S8GPE3
243130,S8GF37
243140,S8F3T3
243150,S8F3S8
243160,A0A125YLU1
243170,S8GPE7
243180,S8GF39
243190,A0A125YNN0
243200,A0A125YT41
243210,A0A125YI58
243220,A0A125YKG8
243240,S8GF43
243250,A0A125YQD4
243265,S8F6W4
243280,S8FA10
243290,A0A125YMA5
243298,S8GF50
243302,A0A125YQY7
243310,A0A125YGP6
243330,S8FA14
243340,A0A125YLX7
243350,S8GF54
243390,S8F3U7
243400,S8F6X7
243410,S8FA21
243420,A0A125YSX2
243430,S8GF61
243440,S8F3V2
243450,S8F6Y1
243460,S8FA25
243470,S8GF65
243480,S8F3V5
243490,S8F6Y6
243500,S8FA29
243510,S8GF69
243520,S8GPH9
243530,S8F3V9
243540,S8F6Y9
243550,A0A125YIQ7
243560,A0A125YHA7
243570,A0A125YVY9
243580,A0A125YTN6
243590,S8FA35
243600,S8GPI8
243610,S8GF75
243620,S8F6Z8
243635,S8FA37
243655,S8GPJ3
243670,S8GF79
243680,S8F3X5
243690,S8F701
243700,S8FA40
243710,A0A125YLE3
243720,S8GF83
243730,S8F3X8
243740,S8F704
243750,S8FA42
243760,S8GPK0
243770,S8F3Y3
243780,S8GF89
243790,A0A125YFH2
243800,S8FA45
243900,S8GPK5
243910,S8GF93
243920,A0A125YSK8
243930,S8F712
243940,S8FA48
243950,A0A125YRG3
243960,S8GF98
243970,S8F3Z2
243980,S8F715
243990,S8FA52
244000,S8GPL4
244010,S8GFA2
244015,S8F3Z6
244020,S8F719
244030,S8FA55
244040,S8GPL9
244050,S8GFA8
244060,S8FA57
244070,S8F401
244080,S8F722
244090,S8GPM3
244100,A0A125YM09
244110,A0A125YU98
244120,S8FA60
244130,S8GPM8
244140,S8GFB5
244150,S8F408
244160,S8F728
244165,S8FA65
244170,S8GPN2
244180,S8GFC0
244190,S8F414
244200,S8F732
244210,S8FA68
244230,S8GFC5
244240,S8F419
244250,S8F736
244260,S8FA70
244270,A0A125YJE3
244280,S8GFD1
244290,S8F423
244300,S8F740
244310,A0A125YSF2
244320,S8GPP3
244335,S8GFD4
244350,S8F426
244360,S8F745
244370,A0A125YIE1
244380,S8GPP8
244390,A0A125YNK5
244400,S8F428
244420,S8GFE4
244430,S8F433
244440,A0A125YNC9
244450,S8FA90
244460,S8GPR1
244470,S8GFE9
244480,S8F438
244490,S8F755
244500,S8FA96
244510,S8GPR8
244515,S8GFF4
244520,S8F442
244530,S8FAA0
244540,S8F760
244550,S8GPS4
244560,A0A125YHZ8
244570,S8F446
244580,S8F764
244590,S8FAA4
244600,S8GPT0
244610,S8GFG3
244620,S8F454
244630,S8F769
244640,S8FAA9
244650,A0A125YV35
244660,S8F459
244670,S8F772
244680,S8FAB4
244690,S8GPU2
244700,S8GFH2
244720,S8FAB8
244840,A0A125YMX5
244850,S8FAC2
244860,S8GPV6
244870,S8GFI4
244880,S8F472
244890,A0A125YYL5
244900,A0A125YTA3
244910,S8GPW1
244920,S8GFJ0
244930,S8F477
244940,A0A125YUG5
244950,S8FAD2
245428,S8EUY6
245432,S8G946
245440,A0A125YX20
245450,A0A125YKF9
245460,A0A125YN52
245470,A0A125YYJ8
245475,A0A125YGQ8
245485,S8ERA6
245490,A0A125YRT0
245500,S8G961
245510,S8G002
245520,A0A125YTX4
245530,S8ERC7
245550,A0A125YTN7
245560,S8G005
245570,S8ENF1
245580,S8ERI8
245590,S8EV13
245600,A0A125YU78
245610,S8G007
245620,A0A125YIT7
245630,A0A125YXP3
245640,A0A125YPZ5
245650,S8G984
245660,A0A125YHP6
245670,S8ENF7
245680,A0A125YMU0
245710,A0A125YN20
245720,S8G988
245730,S8G013
245740,A0A125YQZ0
245748,S8EV24
245760,A0A125YLM3
245770,S8ENG3
245980,S8ERK2
245990,S8G994
246000,A0A125YX92
246010,A0A125YJR2
246020,A0A125YZI6
246030,A0A125YGX7
246040,S8G996
246050,S8G022
246060,S8ENG7
246070,S8ERL0
246080,S8G999
246090,A0A125YZJ4
246100,A0A125YW87
246110,A0A125YPF7
246120,S8ERL4
246130,A0A125YIR4
246140,S8G9A1
246160,A0A125YZB2
246170,S8ERL9
246178,S8EV39
246190,S8G033
246200,S8ENH7
246210,A0A125YS04
246220,S8EV43
246330,A0A125YZC7
246340,S8ENI0
246450,A0A125YYV9
246460,A0A125YFX5
246475,S8G9B2
246490,A0A125YYF8
246500,A0A125YJ10
246510,A0A125YJM5
246520,A0A125YGL3
246530,S8G043
246535,A0A125YY62
246540,A0A125YTU2
246550,A0A125YQD9
246555,S8G9C0
246560,A0A125YRR9
246570,A0A125YM20
246580,A0A125YJ87
246590,S8EV55
246600,S8G9C3
246610,S8G050
246620,A0A125YTC7
246630,A0A125YW68
246650,S8G054
246660,S8ENJ1
246670,A0A125YTC2
246690,S8EV62
246700,A0A125YKJ8
246710,A0A125YMD8
246720,A0A125YIW9
246730,S8ERP6
246740,A0A125YG39
246750,A0A125YNY9
246760,S8G062
246763,A0A125YL03
246770,S8ERQ0
246780,S8EV68
246800,A0A125YU32
246910,A0A125YG12
246920,S8ENJ8
246930,A0A125YXA6
246940,A0A125YH80
246950,A0A125YMK0
246960,A0A125YFQ3
246970,S8ENK1
246978,S8ERQ6
246982,S8EV72
246990,S8G9E8
246995,S8G076
247000,A0A125YYD1
247010,A0A125YN30
247015,S8EV77
247020,A0A125YL38
247025,S8G081
247030,A0A125YKG6
247040,A0A125YYV7
247050,S8EV82
247195,S8G9F5
247220,A0A125YZK6
247230,A0A125YHX7
247240,A0A125YTQ2
247250,A0A125YMQ5
247260,A0A125YV43
247270,S8G090
247280,S8ENL7
247290,S8ERR8
247300,S8EV90
247310,A0A125YK32
247320,S8ENM0
247330,S8ERS2
247340,S8EV94
247350,A0A125YFL4
247360,A0A125YJ70
247370,S8ENM3
247380,S8ERS6
247390,S8EV97
247400,A0A125YH39
247410,A0A125YRP2
247420,S8ENM7
247440,S8ERT0
247450,A0A125YQ84
247460,A0A125YTT1
247470,A0A125YGZ7
247485,S8ENN0
247500,A0A125YQU1
247510,A0A125YGG4
247520,A0A125YZ28
247530,A0A125YJ91
247540,A0A125YNB0
247550,A0A125YNH2
247560,S8EVB0
247570,S8G9I4
247580,S8G0B0
247590,S8ENN8
247600,S8ERU0
247610,A0A125YYF2
247620,A0A125YJ83
247630,A0A125YUN7
247640,S8ERU3
247648,A0A125YZM6
247652,S8EVB5
247660,S8G9J4
247670,S8G0B9
247680,S8ENP6
247690,A0A125YTQ9
247700,A0A125YU40
247710,S8G9J6
247720,A0A125YU04
247730,A0A125YTS8
247740,S8ERV1
247750,S8EVC2
247760,S8G9K1
247770,A0A125YGP7
247780,A0A125YS57
247790,S8ERV4
247850,S8EVC5
247920,S8G9K6
247930,A0A125YUN6
247940,S8ENQ6
247950,S8ERV7
247960,S8EVC8
247970,S8G9L0
247980,A0A125YLR3
248100,S8G0D6
248110,A0A125YXM7
248120,S8G9L3
248130,S8EVD1
248140,A0A125YG46
248150,S8ENR3
248160,S8ERW2
248170,S8EVD4
248180,A0A125YTF5
248190,S8G0E4
248200,A0A125YXC0
248210,A0A125YQN5
248225,S8EVD8
248240,S8G9M2
248250,A0A125YKX5
248260,A0A125YVE8
248270,S8ERX0
248280,A0A125YM59
248290,S8G9M5
248300,S8G0F1
248310,S8ENS4
248320,A0A125YYN4
248330,S8EVE5
248340,A0A125YV46
248350,S8G0F5
248360,A0A125YLY2
248370,A0A125YIJ1
248380,S8EVF0
248390,A0A125YI80
248400,A0A125YT70
248420,A0A125YIN6
248425,S8ENT0
248430,S8EVF4
248440,S8G9N8
248445,S8G0G3
248450,S8ENT3
248460,A0A125YL83
248470,S8EVG0
248480,A0A125YWF6
248490,A0A125YYH1
248500,A0A125YJ23
248510,S8ERY5
248520,A0A125YQZ6
248550,S8ENU3
248560,A0A125YKR1
248570,S8ERY9
248590,A0A125YUQ3
248600,S8G0H2
248610,S8ENU7
248620,A0A125YH86
248630,A0A125YU22
248640,S8G9Q5
248660,A0A125YPQ2
248670,A0A125YR49
248673,A0A125YHR7
248677,S8EVH7
248680,S8G9R0
248690,S8G0I0
248700,A0A125YQN0
248710,S8ERZ5
248720,A0A125YPP4
248730,A0A125YMB3
248740,S8G0I2
248750,S8ENV9
248760,S8ERZ9
248770,S8G9R7
248780,S8EVI6
248790,S8G0I7
248800,S8ENW2
248810,S8ES02
248820,A0A125YQM5
248830,A0A125YZD6
248840,A0A125YV81
248850,A0A125YXK8
248860,A0A125YJG6
248870,S8EVJ7
248880,A0A125YNJ9
248890,S8G0J3
248900,S8ENX7
248940,A0A125YP15
248950,S8EVK3
248960,S8G9T1
248970,A0A125YQU3
248980,S8ENY2
248990,S8ES16
249000,A0A125YSR5
249010,A0A125YH60
249020,S8G0K1
249030,A0A125YSS0
249160,S8G9T9
249170,A0A125YIX5
249180,A0A125YXY3
249190,A0A125YJN4
249200,A0A125YV52
249215,S8G9U3
249230,S8G0K9
249240,A0A125YS29
249250,A0A125YPQ7
249260,S8EVL9
249270,S8G9U7
249300,A0A125YX11
249310,S8EVM5
249320,A0A125YFL0
249330,A0A125YHG2
249340,S8ES38
249350,A0A125YSQ5
249360,A0A125YLV9
249365,S8G0M4
249370,S8EP13
249380,S8ES43
249390,S8EVN8
249400,A0A125YJQ1
249410,A0A125YNP0
249425,S8EP18
249440,S8ES45
249450,S8EVP2
249460,S8G9W4
249470,S8G0N4
249480,A0A125YTB0
249490,S8ES49
249510,A0A125YGE2
249520,A0A125YHG4
249530,S8G0P0
249540,A0A125YNH3
249550,S8EVQ2
249560,S8G9X3
249570,S8G0P5
249575,S8EP28
249580,A0A125YXL1
249590,A0A125YVM9
249600,S8G9X9
249610,S8G0Q1
249620,S8EP32
249630,S8EVR1
249650,A0A125YQX0
249660,S8G9Y2
249665,S8G0Q7
249670,A0A125YP92
249680,A0A125YK22
249685,S8G9Y7
249690,A0A125YS66
249698,S8G0R1
249702,A0A125YVW4
249710,S8ES66
249720,A0A125YJV3
249725,S8G9Z2
249730,A0A125YLM7
249750,A0A125YU30
249760,A0A125YJX7
249770,A0A125YXX7
249780,A0A125YP35
249790,A0A125YXT1
249800,S8ES76
249810,S8EVT5
249820,S8GA02
249840,A0A125YMS4
249850,A0A125YP06
249860,A0A125YXH5
249870,A0A125YU56
249880,A0A125YSP0
249890,S8G0T1
249900,A0A125YLS6
249910,A0A125YFU2
249920,A0A125YLL9
249930,A0A125YIF7
249950,A0A125YS51
249960,A0A125YPS1
249970,A0A125YY72
249980,S8GA16
249990,A0A125YQ73
250000,A0A125YX32
250010,S8ES94
250020,A0A125YW67
250030,S8GA21
250040,A0A125YMP7
250050,S8EP73
250060,A0A125YPE6
250090,S8GA26
250100,S8G0V3
250115,S8EP75
250220,S8ESA5
250330,S8EVW4
250340,A0A125YZN2
250350,A0A125YY74
250360,S8EP79
250500,S8ESA8
250670,S8EVW9
250680,S8GA33
250685,S8G0W4
250690,S8EP83
250700,A0A125YPU9
250710,A0A125YLT9
250720,A0A125YK12
250730,A0A125YXK1
250740,A0A125YYP5
250750,A0A125YR98
250760,S8EVX9
250770,A0A125YLG2
250780,S8G0X4
250790,A0A125YXA1
250800,S8ESC0
250810,A0A125YPP3
250820,A0A125YIE5
250830,A0A125YZ84
250840,S8EP93
250850,S8ESC4
250870,A0A125YQ38
250880,A0A125YIJ2
250890,A0A125YW63
250900,A0A125YY36
250905,S8ESC7
250910,S8EVZ7
250920,S8GA57
250930,A0A125YIR8
250940,S8G0Y9
250950,S8EQN6
250955,S8EU77
251390,A0A125YLT0
251400,S8G0Z3
251410,A0A125YFJ8
251440,A0A125YTK9
251450,S8G100
251460,S8EPB1
251480,S8EW15
251490,A0A125YTL9
251500,A0A125YRK5
251510,S8EPB5
251520,A0A125YY79
251530,A0A125YQ61
251540,A0A125YVM0
251550,A0A125YSH4
251560,A0A125YKZ4
251570,S8ESE2
251580,S8EW27
251590,S8GA80
251600,A0A125YT54
251610,S8EPC3
251620,A0A125YP07
251630,S8EW32
251640,S8G125
251650,A0A125YGA8
251660,S8EPC7
251665,S8ESF0
251670,A0A125YS30
251680,A0A125YGX4
251690,A0A125YTP8
251710,A0A125YGM3
251730,S8ESF4
251740,A0A125YNT3
251750,A0A125YKW0
251760,A0A125YQR3
251770,S8EPD3
251780,A0A125YYP6
251790,S8EW47
251800,A0A125YGP4
251810,A0A125YIS4
251840,A0A125YXP5
251850,S8GAA8
251857,S8EPF4
251860,A0A125YJ11
251870,A0A125YW38
251880,S8GAB5
251885,S8G152
251890,S8EPF8
251900,A0A125YMB9
251910,A0A125YUW7
251920,S8GAC0
251930,A0A125YZR0
251940,S8EPG3
251950,S8ESH2
251958,S8EW67
251962,S8GAC6
252065,S8GJ64
252070,S8F7Q7
252080,S8FAT3
252090,A0A125YI72
252190,S8GTK4
252200,A0A125YM35
252210,S8FAS9
252220,S8F7Q3
252230,S8GJ57
252250,S8GTJ9
252255,S8FDV0
252260,S8FAS7
252270,S8F7Q1
252280,S8GJ53
252290,A0A125YID0
252300,S8FAS4
252310,S8F7P8
252320,A0A125YVP1
252330,S8GTI7
252340,S8FDU5
252350,S8FAS1
252360,S8F7P3
252370,S8GJ45
252380,S8GTI2
252390,A0A125YX73
252395,S8F7P1
252400,S8GJ41
252420,S8FDT9
252430,S8FAR3
252440,A0A125YT52
252450,S8F7N7
252465,S8GTH0
252480,A0A125YH82
252490,A0A125YRI3
252500,S8F7N5
252510,S8GJ33
252620,S8GTG8
252630,A0A125YXK6
252640,S8FAQ7
252850,S8GTG8
252860,S8GJ28
252870,S8GTG4
252880,S8FDT0
252890,S8FAQ6
252990,S8F7M6
253000,S8GJ22
253020,S8FDS8
253030,S8GTF8
253040,S8F7M5
253060,S8GTF4
253070,S8FDS3
253080,A0A125YLV3
253090,S8FAP9
253100,S8GJ16
253110,S8GTF2
253120,S8FDS2
253130,S8FAP8
253140,S8F7L6
253150,S8GJ10
253160,S8GTE8
253170,S8FDR8
253180,S8EU90
253290,S8FAP5
253300,S8F7L5
253310,S8GJ07
253320,S8GTE2
253330,S8FDR4
253360,S8GJ01
253370,S8GTD8
253380,S8FDR0
253390,A0A125YTF7
253400,S8F7K9
253410,S8GIZ8
253420,S8GTD3
253430,A0A125YQ68
253440,S8FAN7
253460,A0A125YGB9
253470,A0A125YG72
253480,S8GTC7
253490,S8FDQ5
253500,S8FAN2
253510,S8F7K1
253520,S8GIZ1
253530,S8GTC2
253540,S8FDP9
253550,A0A125YJS5
253560,S8F7J6
253570,S8GIY6
253580,S8GTB3
253600,S8FDP2
253615,S8FAI4
253640,A0A125YM58
253650,S8GIX3
253660,S8GT97
253690,A0A125YUU8
253700,S8GIV8
253710,S8GT92
253730,A0A125YVZ6
253740,S8FAG7
253750,S8F7G4
253755,S8GIV4
253760,A0A125YMV6
253770,S8FDL8
253780,S8FAG2
253790,S8F7F9
253800,S8GIU7
253810,S8GT82
253820,A0A125YVL1
253830,S8FAF6
253850,S8F7F5
253860,S8GIU3
253870,S8GT76
253880,S8FDK9
253910,S8GIT6
253940,S8F7E1
253950,S8GIT0
253960,S8FDJ8
253970,S8GT65
253990,S8FAD8
254000,S8GIS3
254010,S8F7D5
254020,A0A125YNX8
254030,A0A125YQF2
254040,A0A125YT93
254050,A0A125YG82
254060,A0A125YSQ6
254070,A0A125YM08
254080,S8FDI8
254090,S8FAC4
254110,S8F7C3
254120,A0A125YKY6
254135,S8GT47
254140,A0A125YKK3
254150,S8FAC0
254160,S8F7B9
254180,S8GIQ2
254190,S8GT42
254200,S8FDH8
254210,S8FAB3
254220,S8F7B3
254230,S8GIP4
254250,S8GT35
254260,S8FDH3
254270,S8F7A9
254280,S8GIN7
254290,S8GT29
254300,S8FDG7
254330,S8GIN1
254340,A0A125YFG1
254365,A0A125YJA6
254370,S8GT16
254380,A0A125YTN1
254390,S8FA84
254400,S8F793
254410,S8GIL8
254420,S8GT11
254430,A0A125YNB1
254440,A0A125YT49
254450,S8F786
254460,A0A125YW13
254470,S8GT06
254480,S8FDE5
254485,S8FA74
254490,S8F782
254500,S8GIK8
254510,S8GT01
254520,A0A125YY52
254530,S8FA72
254540,S8F778
254555,S8GIK3
254570,S8GSZ6
254580,A0A125YW98
254590,S8FA69
254600,A0A125YWZ9
254603,S8GIJ6
254606,S8GSZ1
254610,A0A125YM31
254620,A0A125YT88
254625,S8F770
254630,S8GII9
254635,S8GSY6
254640,S8FA61
254650,A0A125YQM7
254660,S8F765
254670,A0A125YXE8
254680,S8GSY2
254690,S8FDB7
254700,S8FA58
254710,S8GII0
254720,S8F761
254730,S8GSX5
254740,S8FDB3
254750,A0A125YL59
254760,S8F758
254770,S8GIH6
254780,A0A125YVX6
254790,S8FDA6
254800,A0A125YV08
254810,S8F752
254820,S8GIH2
254830,S8GSW5
254835,S8FDA0
254840,S8FA41
254860,S8GSV9
254870,S8FA38
254880,S8FD94
254890,S8F742
254900,A0A125YJ30
254910,A0A125YH95
254920,S8FA36
254930,S8F737
254940,S8GIF7
254950,S8GSU9
254960,A0A125YUD5
255060,S8EMS9
255160,S8F0C2
255170,A0A125YJJ0
255175,A0A125YJW8
255180,S8GKR3
255190,A0A125YKI1
255195,S8F0C7
255200,S8F397
255220,S8GBD9
255240,S8F0D3
255245,A0A125YZK5
255250,S8F6J9
255260,S8GKS3
255270,A0A125YTH3
255300,S8F6K4
255310,A0A125YJ03
255320,A0A125YTV0
255330,S8F0E4
255340,A0A125YQ18
255350,S8F6L0
255360,A0A125YMU3
255370,S8GBF3
255380,A0A125YLK6
255390,S8F3B7
255400,A0A125YQX5
255410,A0A125YKX2
255420,A0A125YPB5
255430,A0A125YUV6
255440,A0A125YUW8
255450,A0A125YWL6
255460,S8GKU6
255470,S8GBG1
255480,A0A125YGT6
255490,A0A125YHQ5
255500,A0A125YG21
255510,A0A125YQA4
255620,S8GBG5
255635,S8F0G2
255650,A0A125YG22
255660,A0A125YGD6
255670,S8GKV8
255680,S8GBH0
255690,S8F0G8
255700,S8F3D7
255710,A0A125YIT4
255715,S8GKW3
255720,A0A125YGS4
255730,S8F0H2
255870,A0A125YWZ7
255880,A0A125YUB4
255890,S8F0H7
255895,S8F3E8
255900,A0A125YLC3
255910,A0A125YG70
255920,A0A125YTN3
255930,A0A125YFH1
255940,A0A125YN36
255960,S8F6Q3
255970,S8GKY1
255980,S8GBI9
256000,A0A125YGT5
256010,S8F6Q8
256020,S8GKY7
256025,A0A125YTQ5
256030,A0A125YHL5
256035,A0A125YVN0
256040,A0A125YIS2
256050,A0A125YZB6
256060,S8GBJ8
256070,A0A125YUD7
256080,A0A125YG00
256090,S8F6R9
256100,S8GKZ6
256220,S8GBK2
256650,S8F0K0
256700,S8F3H3
256760,A0A125YPV4
256770,A0A125YSV6
256780,S8GBK5
256788,S8F0K4
256792,S8F3H7
256800,A0A125YS12
256810,S8GL07
256820,S8GBL0
256830,S8F0K9
256840,S8F3I2
256850,S8F6T2
256865,S8GL13
256880,S8GBL3
256900,S8F0L5
256910,S8F3I9
256965,S8F0M1
256970,A0A125YNI8
256980,A0A125YR73
256990,S8GBM3
257000,S8F0M6
257010,S8F3K3
257020,A0A125YKD4
257030,S8GL28
257040,A0A125YT51
257050,S8F0N1
257060,A0A125YVW9
257070,A0A125YX80
257080,S8GL35
257090,S8GBN3
257100,S8F0N8
257110,S8F3L5
257120,A0A125YLJ0
257130,A0A125YUE7
257150,S8GBN9
257160,A0A125YFT2
257170,S8F3M3
257180,S8F6W7
257290,S8GL47
257300,S8GBP5
257310,A0A125YLQ0
257330,A0A125YRQ7
257340,A0A125YZS9
257350,A0A125YZL1
257360,S8GBQ2
257370,A0A125YUP8
257380,A0A125YGF0
257390,S8F6X6
257420,A0A125YRA1
257430,A0A125YXV7
257440,S8F0Q8
257460,A0A125YLR9
257470,A0A125YHI7
257480,S8GL69
257490,S8GBR5
257500,S8F0R2
257510,A0A125YG25
257520,A0A125YIB7
257530,A0A125YHI0
257540,A0A125YR79
257550,S8F0R7
257560,S8F3Q5
257568,S8F6Z1
257572,A0A125YFD3
257580,S8GBS6
257595,S8F0S2
257610,S8F3R2
257625,S8F6Z6
257640,S8GL86
257650,S8GBT4
257670,S8F0S6
257680,A0A125YYD4
257690,S8GL95
257700,S8GBU0
257710,S8F0T1
257720,S8F3S6
257730,S8F706
257740,A0A125YI06
257750,A0A125YXD7
257760,S8F3T2
257770,S8F711
257780,S8GLA6
257790,S8GBW3
257800,S8F0V0
257810,S8F3U8
257910,S8F727
257925,S8GLB8
257945,S8GBX9
257960,A0A125YY04
257970,A0A125YIV3
257980,S8F730
257990,S8GLC5
258000,S8GBY4
258010,A0A125YKR0
258020,A0A125YV72
258030,A0A125YP50
258040,S8GLC9
258050,A0A125YYA2
258060,A0A125YSN0
258070,S8F3W3
258080,A0A125YZG0
258085,S8GLD2
258090,S8GBZ2
258100,S8F102
258110,S8F741
258120,A0A125YS82
258130,A0A125YFT5
258150,A0A125YZI2
258160,A0A125YP68
258170,A0A125YG77
258180,S8GBZ8
258200,S8F107
258210,A0A125YPG6
258220,S8F746
258225,S8GC00
258230,A0A125YSX4
258240,S8F110
258350,S8F3X6
258360,A0A125YFG7
258370,A0A125YKG3
258380,S8GC03
258390,A0A125YTQ1
258400,S8F3Y0
258410,A0A125YLV0
258420,S8GLE7
258450,S8GC07
258470,A0A125YLP9
258480,S8GLE9
258490,A0A125YZJ6
258500,S8F119
258520,A0A125YVE1
258530,A0A125YZ09
258540,S8F122
258550,A0A125YLQ9
258560,S8F763
258580,A0A125YN45
258590,S8F3Z0
258610,A0A125YKU9
258625,S8F128
258630,S8F3Z5
258640,S8F768
258650,S8GLF8
258660,A0A125YZP9
258670,A0A125YFD6
258680,S8F3Z8
258690,S8F773
258700,A0A125YTA1
258710,S8GC27
258720,A0A125YUU2
258730,A0A125YGK6
258740,A0A125YPB8
258770,A0A125YYQ7
258780,A0A125YLU0
258790,A0A125YM02
258800,A0A125YXR7
258810,A0A125YT07
258820,A0A125YR32
258826,S8F409
258832,S8GLH0
258840,S8GC37
258850,A0A125YR23
258860,A0A125YTH2
258870,S8F787
258880,A0A125YWF1
258890,A0A125YT43
258900,S8F145
258910,S8F415
258920,A0A125YMG9
258930,A0A125YRG0
258940,A0A125YRH9
258950,S8F149
258970,S8F418
258980,A0A125YIK8
258990,S8GLH8
259000,A0A125YWT1
259010,A0A125YPI1
259020,A0A125YNI2
259030,A0A125YID2
259040,S8GLI1
259050,S8GC53
259070,A0A125YPK6
259080,S8F7A3
259090,S8GLI3
259100,A0A125YIN8
259115,S8F159
259130,S8F431
259140,A0A125YHD1
259150,S8GLI7
259155,S8GC63
259160,S8F161
259168,S8F434
259172,S8F7B2
259180,A0A125YSJ9
259190,S8GC67
259200,S8F167
259205,S8F439
259210,A0A125YR74
259220,S8GLJ5
259230,S8GC73
259240,A0A125YS46
259250,S8F444
259260,S8F7C1
259270,A0A125YFU8
259280,A0A125YWU5
259290,A0A125YGW8
259300,S8F448
259410,S8F7C6
259520,A0A125YMB5
259530,A0A125YXQ0
259550,A0A125YMN5
259560,S8F7D0
259570,A0A125YS21
259580,A0A125YNT5
259590,A0A125YIB5
259600,S8F457
259610,S8F7D4
259620,A0A125YX06
259630,S8GC95
259640,A0A125YI50
259650,A0A125YX91
259660,A0A125YGM5
259670,S8GLL2
259690,A0A125YRV4
259700,A0A125YV91
259710,A0A125YJ45
259720,S8GLL7
259830,A0A125YS22
259840,S8F470
259850,S8F7E5
259860,S8GLM0
259870,S8GCB1
259880,S8F1A2
259890,S8F474
259895,S8F7E8
259900,S8GLM5
259920,S8GCB5
259940,S8F1A4
259950,S8F479
259960,S8F7F2
259965,S8GLN1
259970,S8GCC2
259980,S8F1A9
259990,A0A125YQJ8
260000,S8F7F6
260010,S8GLN4
260020,S8GCC6
260030,S8F1B3
260140,S8F487
260150,S8F7G2
260160,S8GLN9
260170,S8GCD1
260180,A0A125YTD8
260190,A0A125YWL1
260200,S8F7G6
260210,S8GCD5
260220,S8F1C1
260230,S8F495
260240,S8F7H0
260250,S8GLP8
260260,A0A125YWZ2
260270,S8F1C3
260310,A0A125YSH6
260320,S8F1C8
260325,S8F4A2
260330,S8F7H8
260340,S8GLQ6
260360,S8GCE9
260370,A0A125YNF4
260375,S8F4A7
260380,S8F7I0
260390,S8GLR0
260400,A0A125YJV0
260410,S8F1D4
260420,S8F4A9
260430,S8F7I4
260440,A0A125YQM3
260450,S8GCG2
260460,A0A125YR66
260470,A0A125YJL2
260480,S8F7I8
260490,S8GLS3
260500,A0A125YRL0
260510,S8GCG7
260520,S8F4B9
260530,S8F7J1
260540,A0A125YGR4
260550,S8GCH2
260570,S8F1E4
260580,S8F4C2
260600,S8F7J5
260610,A0A125YPG4
260620,A0A125YR56
260630,S8F1F1
260640,S8F4C4
260650,S8F7J7
260660,A0A125YSK9
260670,A0A125YXG1
260680,S8F1F4
260790,A0A125YNK1
260800,S8F7K3
260810,A0A125YYD0
260820,A0A125YZB4
260825,A0A125YP94
260830,S8F4D4
260840,S8F7K8
260850,S8GLV2
260860,S8GCJ2
260870,A0A125YKJ5
260990,A0A125YX61
261000,S8F7L2
261010,A0A125YT33
261030,S8F4E0
261040,S8F7L9
261050,S8GLW0
261060,S8GCK6
261070,S8F1G8
261080,S8F7M3
261200,S8GLW6
261210,A0A125YZG9
261220,A0A125YJM8
261230,S8F4F0
261240,A0A125YSM1
261250,A0A125YX75
261260,S8GCL6
261300,S8F1H4
261370,S8F4F3
261380,A0A125YNF6
261390,S8GCM3
261400,S8GLX4
261410,S8F1H6
261430,S8F4F9
261440,A0A125YNN5
261450,S8GLX9
261460,A0A125YVQ6
261470,A0A125YG31
261475,S8F4G4
261480,S8F7P5
261490,S8GLY4
261500,S8GCN5
261510,S8F1I2
261520,S8F4G9
261530,S8F7Q0
261540,A0A125YT58
261560,S8GCP0
261570,A0A125YW75
261580,A0A125YFR3
261590,S8F7Q6
261600,S8GLZ3
261610,S8GCP6
261620,A0A125YI35
261630,S8F4H6
261660,S8GLZ8
261670,S8GCQ2
261680,S8F1J2
261690,A0A125YUH8
261700,S8F7R3
261710,A0A125YR38
261720,A0A125YGA5
261730,S8F1J5
261740,S8F4I7
261750,S8F7R7
261760,S8GM12
261770,A0A125YVP6
261780,A0A125YX17
261790,S8F4J1
261850,S8F7S3
261940,S8GM19
261950,A0A125YYY5
261955,S8F1K2
261960,S8F4J6
261970,S8F7S6
261980,S8GM27
261990,S8GCS3
262000,S8F1K6
262010,S8F4K2
262020,S8GM34
262030,S8F7T1
262040,A0A125YTI0
262050,S8F1L0
262060,S8F4K5
262070,A0A125YI24
262080,S8GM39
262090,A0A125YSY8
262100,S8F1L3
262110,S8F4L2
262120,S8F7T8
262130,S8GCT8
262140,S8F1L7
262150,S8F4L7
262160,S8F7U2
262170,S8GM51
262380,A0A125YJ84
262390,S8F1M2
262400,S8F4M1
262410,S8F7U6
262420,S8GM57
262430,S8GCU8
262440,S8F1M6
262450,S8F4M5
262460,S8F7V2
262470,S8GM62
262480,S8GCV3
262490,S8F1M9
262510,S8F7V9
262520,A0A125YQ35
262530,S8GCV9
262540,S8F1N2
262550,S8F4N6
262560,S8F7W6
262610,S8F4P1
262620,A0A125YHM2
262630,S8GM81
262640,A0A125YRH6
262650,S8F1P1
262660,S8F7X9
262670,A0A125YSP5
262680,S8GCX6
262690,S8F1P5
262700,S8F4Q0
262710,S8F7Y6
262715,S8GM94
262720,A0A125YPW4
262730,A0A125YY08
262740,S8F4Q5
262750,S8F7Z3
262760,S8GM99
262780,S8GCY7
262800,S8F1Q4
262810,S8F4Q9
262825,S8F7Z9
262850,S8GCZ1
262860,S8F1Q9
262880,S8F806
262890,S8GMB2
262900,S8GCZ6
262910,A0A125YK00
262920,S8F4S0
262930,A0A125YQ49
262933,S8GMC0
262935,S8GD01
262940,A0A125YH51
262950,S8F4S4
262960,A0A125YN00
262970,S8GMC5
262980,A0A125YGR6
262990,S8F1S3
263000,S8F4S8
263010,A0A125YVG0
263020,A0A125YWD8
263030,A0A125YGY4
263040,A0A125YT03
263050,A0A125YII1
263060,S8F830
263070,S8GMD6
263080,A0A125YLI0
263085,S8F1T3
263090,A0A125YLJ4
263100,S8F837
263110,S8GME4
263120,S8GD21
263130,A0A125YJE0
263135,S8F4U2
263140,S8F842
263150,S8GME9
263170,S8F1U2
263180,A0A125YIS8
263190,S8F847
263200,S8GMF3
263210,S8GD33
263220,S8F4V1
263230,S8F854
263240,A0A125YWL3
263245,A0A125YMT1
263250,S8F1V3
263260,S8F4V8
263270,S8F860
263280,A0A125YWA3
263290,S8GD47
263300,A0A125YUK0
263310,S8F4W4
263320,A0A125YZ15
263323,A0A125YHR3
263330,S8F1W1
263340,S8F872
263350,S8GMH6
263360,S8GD57
263380,S8F1W6
263390,S8F4X8
263400,S8F880
263410,S8GMI2
263420,A0A125YTC0
263430,A0A125YHA8
263440,S8F4Y5
263450,S8F886
263470,S8GD68
263480,A0A125YZP6
263490,A0A125YIU2
263500,S8F892
263510,S8GD76
263520,S8F1Y1
263530,A0A125YNE4
263540,S8F898
263550,A0A125YVS8
263560,A0A125YKK6
263570,S8F1Y6
263580,S8F505
263595,S8GMK3
263610,S8GD85
263630,A0A125YIA2
263650,S8F1Z3
263660,A0A125YUJ8
263670,S8F8B6
263680,S8GML4
263690,S8GD98
263700,A0A125YXW1
263710,S8F524
263720,S8F8C3
263730,S8GML9
263740,S8GDA4
263750,S8F205
263760,S8F531
263785,S8F8C8
263800,S8GMM7
263810,S8GDA9
263820,S8F210
263840,S8F8D3
263850,A0A125YKA1
263860,S8GDB5
263870,S8F214
263980,S8F543
263990,A0A125YPS5
264000,S8GMN9
264010,S8GDB9
264020,S8F219
264030,S8F550
264040,S8F8E7
264050,S8GMP5
264060,A0A125YMP5
264070,S8F234
264075,A0A125YUN0
264080,A0A125YUR0
264090,S8GMQ7
264100,S8GDE3
264110,S8F282
264120,S8F572
264130,S8F8H1
264140,S8GMR7
264150,A0A125YZT4
264160,S8F288
264170,S8F576
264178,S8GMS0
264190,S8F293
264200,S8F578
264210,S8F8H8
264220,S8GMS7
264225,S8GDF3
264230,S8F299
264240,S8F582
264250,S8F8I1
264260,S8GMT2
264440,S8GH99
264450,A0A125YU26
264460,S8EZL8
264472,S8G7W7
264485,S8GH92
264600,A0A125YW62
264610,S8EZL6
264620,S8EWL7
264630,S8G7W2
264640,S8GH82
264650,S8F2Q8
264660,S8EZL1
264670,S8EWI2
264690,S8GH68
264700,S8F2N9
264710,S8EZE7
264720,S8EWG7
264730,A0A125YQQ1
264740,S8GH62
264752,S8EWG1
264760,S8G7S8
264770,A0A125YP22
264780,S8F2M5
264790,S8EZE0
264805,S8EWF6
264820,S8G7S1
264830,S8GH49
264840,S8F2M1
264860,S8EWF0
264870,S8GH43
264875,A0A125YQ44
264880,S8F2L7
264890,S8EZD2
264900,S8EWE5
264940,S8G7Q7
264950,S8F2L1
264960,S8GH37
264970,S8EZC9
264980,S8EWD9
264990,A0A125YMG4
265000,S8GH29
265010,S8EZC6
265020,S8EWD4
265030,S8G7P3
265040,A0A125YTS2
265050,S8F2K3
265060,S8EZC2
265065,A0A125YSV7
265070,A0A125YS01
265080,S8GH19
265090,S8F2J8
265100,A0A125YTA6
265110,S8EWC2
265140,S8F2J5
265150,S8EZB5
265160,S8EWB7
265170,S8GH08
265175,S8G7M2
265180,A0A125YTR6
265190,S8EZB2
265205,S8EWB2
265220,S8G7L7
265230,S8GH02
265240,S8F2J0
265250,S8EZA8
265260,A0A125YPY3
265270,S8GGZ7
265280,S8F2I7
265290,A0A125YV49
265310,A0A125YIC6
265320,S8G7K9
265330,A0A125YY77
265340,S8F2I1
265360,S8EZA3
265370,A0A125YGW2
265380,S8G7K3
265390,S8GGY5
265400,S8F2H7
265410,A0A125YIT1
265420,A0A125YIZ0
265430,S8G7J8
265440,S8GGY0
265450,S8F2H3
265455,S8EZ96
265460,A0A125YUB1
265470,S8G7J3
265500,S8F2G9
265510,A0A125YFS3
265520,S8EW85
265530,A0A125YR63
265538,S8GGX1
265542,S8F2G5
265650,S8EZ85
265770,S8EW80
265780,S8G7I4
265790,A0A125YPD4
265810,S8F2G1
265820,S8EZ81
265830,S8EW74
265840,S8G7H9
265850,S8GGW0
265860,S8F2F7
265870,S8EZ77
265990,S8EW69
266010,S8G7H6
266030,S8GGV4
266050,A0A125YS92
266060,A0A125YJG2
266065,S8GGU8
266070,A0A125YYY3
266080,S8EZ69
266090,A0A125YZ44
266100,S8G7G8
266105,S8GGU3
266110,S8F2D8
266120,S8EZ63
266130,A0A125YL97
266140,S8G7G4
266150,S8GGT7
266260,S8F2D4
266270,S8EZ57
266280,S8G7F9
266290,S8EW43
266300,S8GGT2
266310,S8F2D0
266320,S8EZ51
266330,S8EW38
266335,S8G7F3
266340,S8GGS8
266360,S8F2C6
266366,S8EZ49
266368,S8EW33
266372,S8G7E8
266380,S8GGS2
266390,S8F2C3
266400,S8EZ45
266410,S8EW26
266435,S8G7E2
266450,A0A125YWB5
266460,A0A125YUS8
266470,S8EZ40
266480,S8EW22
266500,A0A125YWE3
266600,A0A125YTE2
266610,S8F2A8
266620,A0A125YSV3
266630,A0A125YLZ6
266640,A0A125YT21
266650,S8GGQ8
266660,A0A125YSS2
266670,S8EZ29
266675,S8EW12
266680,S8G7C8
266690,S8GGQ2
266700,S8F2A1
266710,S8EZ26
266720,S8EW06
266730,S8G7C3
266740,S8GGP6
266750,A0A125YPD6
266760,A0A125YV86
266770,S8EW01
266785,S8G7B8
266800,A0A125YL81
266810,S8F294
266830,S8EVZ6
266840,S8G7B2
266850,S8GGN6
266860,S8F291
266870,S8EZ11
266880,S8EVZ1
266890,S8G7A8
266900,S8F287
266910,S8GGN1
266920,S8EZ01
266930,S8EVY7
266940,S8G7A3
266950,S8F283
266960,A0A125YWG5
266970,S8EVY2
266980,S8EYZ9
266990,S8GGL3
267000,S8G7A1
267010,S8F279
267020,S8EYZ5
267030,S8EVX6
267040,A0A125YNS5
267045,A0A125YW56
267050,A0A125YZJ1
267060,A0A125YYV8
267070,S8EVX0
267080,S8G794
267090,S8GGK0
267100,S8F273
267120,S8EYY7
267130,S8EVW5
267140,S8G790
267150,S8GGJ5
267160,S8F269
267270,S8EVW0
267280,S8EYY3
267290,S8GGJ0
267300,A0A125YXB7
267330,S8EVV6
267340,A0A125YYH5
267350,A0A125YGA1
267360,S8F263
267370,S8EYX5
267380,S8EVV0
267390,A0A125YSE6
267400,A0A125YTP4
267410,S8F259
267420,S8EYX3
267430,S8EVU5
267435,S8GGH5
267440,A0A125YZS7
267450,S8F255
267460,S8EYX0
267470,A0A125YWI6
267480,S8EVU0
267490,A0A125YVZ5
267500,A0A125YWC0
267510,S8EYW6
267520,A0A125YWW0
267530,S8G762
267540,S8GGG5
267550,A0A125YNI5
267560,S8EYW2
267570,S8EVT1
267580,S8G760
267585,S8GGG1
267590,S8F244
267600,S8EYV9
267610,S8EVS6
267620,A0A125YH16
267642,S8F242
267650,S8EYV4
267660,S8EVS1
267670,S8G750
267680,S8GGF0
267690,S8EYV0
267700,S8F233
267710,S8EVR5
267720,S8G746
267725,S8GGE5
267730,S8F229
267740,S8EYU6
267750,S8EVR2
267760,S8G741
267775,S8F225
267790,S8GGE0
267800,S8EYU3
267810,A0A125YT53
267820,S8GGD6
267840,S8F224
267855,S8EYU0
267875,S8EVQ5
267980,S8GID4
267990,S8G8X2
268000,S8EXL4
268010,S8F0S5
268020,S8F417
268035,S8GID7
268170,S8G8X6
268176,S8EXL7
268178,S8F0T0
268182,S8F420
268190,S8GIE0
268200,A0A125YJ75
268210,S8EXM1
268220,S8F0T6
268240,S8G8Y8
268250,S8EXM5
268260,S8F0U0
268270,S8F430
268290,S8G8Z4
268300,S8EXM9
268310,A0A125YLB5
268320,S8F435
268330,S8GIF5
268340,S8G8Z9
268350,S8EXN3
268360,S8F0U8
268370,S8F440
268380,S8GIF8
268390,S8G901
268400,S8EXN8
268430,S8F0V2
268560,S8F447
268570,S8GIG3
268580,S8G906
268590,S8EXP2
268600,S8F0V4
268610,S8F453
268620,S8GIG6
268630,A0A125YNR4
268640,A0A125YTZ0
268650,S8F0V8
268660,A0A125YUM3
268670,A0A125YPW8
268680,S8G919
268685,S8EXQ5
268690,S8F0W1
268700,S8F468
268710,S8GIH4
268720,S8G926
268730,S8EXQ9
268740,A0A125YJP0
268750,A0A125YIH8
268760,A0A125YMS3
268765,S8G935
268770,S8EXR4
268780,S8F0W9
268790,S8F481
268800,S8GII3
268810,A0A125YK54
268820,S8EXS0
268830,S8F0X4
268835,S8F489
268840,S8GII7
268850,A0A125YLV5
268860,A0A125YK06
268870,S8F0X8
268880,A0A125YR04
268890,S8GIJ1
268900,S8G957
268910,A0A125YN64
268920,S8F0Y2
268930,S8F4A4
268940,A0A125YSY6
268950,S8G965
268960,S8EXT7
268970,S8F0Y5
268980,S8F4B1
268985,A0A125YHG1
268990,S8G972
269000,S8EXU2
269010,S8F0Y8
269020,S8GIK5
269060,S8F100
269085,S8GIL7
269110,S8EY38
269120,S8F157
269130,S8F4E2
269140,A0A125YRD0
269150,S8G9A9
269160,S8EY44
269170,S8F162
269175,S8F4E5
269180,S8GIM9
269190,A0A125YM60
269200,S8EY47
269210,S8F166
269240,S8GIN5
269250,A0A125YH12
269260,S8EY50
269270,S8F171
269280,S8F4F1
269290,S8GIN8
269300,S8G9C2
269310,S8EY53
269315,S8F175
269320,S8F4F6
269330,A0A125YPX2
269340,S8G9C5
269380,S8F4F8
269390,S8GIP5
269400,S8G9C9
269410,S8EY60
269417,S8F4G1
269420,S8GIP9
269425,S8G9D2
269430,S8EY63
269442,A0A125YUL9
269450,S8GIQ0
269460,S8G9D7
269470,S8EY67
269480,S8F190
269582,S8GIQ4
269600,S8G9E1
269620,S8EY69
269630,S8F194
269640,S8F4H1
269650,A0A125YUH6
269660,S8G9E4
269670,S8EY72
269680,S8F198
269690,S8F4H5
269700,S8GIR0
269710,S8EY76
269720,S8F1A3
269730,S8F4H9
269740,S8GIR3
269750,S8G9F3
269760,S8EY80
269770,S8F1A6
269775,S8F4I2
269780,S8GIR7
269800,S8G9F6
269830,S8EY82
269840,A0A125YUB3
269850,A0A125YND5
269860,S8GIR8
269885,S8G9G0
269900,S8EY86
269910,S8F1B4
269920,S8F4I9
269930,S8GIS2
269940,S8G9G5
269950,S8EY87
269960,S8F1B8
269970,S8F4J0
269980,A0A125YSW4
269990,S8G9G7
270000,S8EY91
270010,A0A125YTL4
270020,S8F4J5
270030,S8GIS9
270040,S8G9H1
270050,S8EY94
270060,S8F1C7
270070,S8F4J7
270090,S8G9H6
270100,S8EY98
270120,S8F1D0
270140,A0A125YPH3
270150,S8G9H8
270160,S8EYA1
270170,A0A125YU92
270190,S8F4K3
270200,S8GIT8
270210,S8G9I3
270220,S8EYA3
270230,S8F1D9
270240,S8F4K6
270250,S8GIU2
270260,S8G9I8
270270,S8EYA7
270273,S8F1E2
270277,A0A125YMV1
270280,S8GIU4
270290,S8G9J2
270300,S8EYB2
270310,S8F1E5
270320,A0A125YZH2
270330,S8GIU8
270340,S8G9J5
270350,S8EYB5
270360,S8F1E8
270370,A0A125YKN1
270380,A0A125YSG4
270450,S8G9K0
270510,S8EYC0
270520,S8F1F2
270530,A0A125YHC6
270540,A0A125YN13
270550,A0A125YZ41
270560,A0A125YV51
270570,S8F1F5
270610,S8G9K7
270620,S8EYD0
270630,S8F1F9
270640,S8F4M6
270650,A0A125YLW2
270655,S8G9L1
270660,S8EYD4
270670,S8F1G2
270680,S8F4M9
270690,S8GIW4
270700,S8G9L5
270710,S8EYD9
270720,S8F1G5
270740,S8F4N4
270750,S8GIW8
270760,S8G9L9
270770,S8EYE3
270780,A0A125YFP4
270790,A0A125YYV3
270800,S8GIX1
270805,S8G9M3
270810,S8EYE7
270820,S8F1H2
270830,S8F4P0
270840,S8GIX6
270850,S8G9M7
270865,S8EYF2
270880,S8F1H5
270890,S8F4P2
270900,S8GIX8
270910,S8G9N0
270920,S8EYF7
270930,S8F4P7
270940,S8GIY2
270950,S8G9N5
270960,S8EYG2
270975,S8F4P9
270980,S8GIY4
271000,S8G9N9
271010,S8F1I3
271015,S8EYG7
271025,S8F4Q3
271030,S8GIY9
271040,S8F1I6
271050,A0A125YIJ3
271060,A0A125YXG7
271070,A0A125YI99
271080,S8EYH5
271090,S8F1J0
271100,S8F4R1
271110,S8GIZ7
271115,S8G9Q0
271120,S8EYH8
271145,S8F1J4
271170,S8F4R4
271174,A0A125YVQ9
271190,S8F1J8
271200,S8F4R8
271210,S8GJ05
271220,A0A125YHH7
271240,S8EYI7
271250,S8F1K3
271260,S8F4S3
271270,S8GJ09
271280,A0A125YWY7
271285,S8EYJ1
271290,S8F1K8
271300,S8F4S5
271320,S8EYJ7
271335,S8F1L2
271350,S8F4S9
271360,S8GJ19
271370,S8G9S2
271375,S8EYK3
271380,S8F1L6
271390,S8F4T2
271400,S8GJ24
271410,S8G9S5
271420,S8EYK7
271430,S8F1M0
271440,A0A125YWP5
271460,S8G9T0
271470,S8EYL3
271570,S8F1M3
271580,S8F4U0
271590,S8GJ35
271600,S8G9T3
271610,S8EYL8
271625,S8F1N4
271740,S8F4U4
271750,S8GJ40
271760,S8G9T8
271770,S8EYM3
271780,S8F1N8
271790,S8F4U9
271800,S8GJ47
271810,A0A125YXQ4
271820,S8EYM8
271840,S8F1P2
271850,S8F4V3
271860,S8GJ59
271870,S8G9U6
271880,S8EYN4
271888,S8F1P4
271892,S8F4V6
271910,S8GJ63
271920,S8G9U9
271930,S8EYN9
271935,S8F1P9
271950,S8F4W2
271960,A0A125YPM2
271970,S8G9V3
271980,S8EYP3
271985,S8F1Q3
271990,S8F4W8
272000,S8GJ76
272010,A0A125YY66
272020,S8EYP7
272030,S8F1Q8
272040,S8F4X0
272155,S8GJ81
272180,S8G9W2
272190,S8EYQ2
272200,S8F1R4
272210,S8F4X6
272230,S8GJ86
272240,A0A125YK89
272260,S8EYQ6
272265,S8F1S0
272270,S8F4Y2
272280,S8GJ93
272285,S8G9X0
272290,S8EYR0
272300,S8F1S5
272320,S8F4Y7
272340,S8GJA0
272350,A0A125YTD6
272360,S8EYR4
272370,S8F1T1
272380,S8F4Z2
272383,S8GJA6
272390,S8G9X7
272400,A0A125YJS8
272410,S8F1T5
272415,A0A125YYG7
272420,S8GJB1
272430,S8G9Y1
272440,A0A125YSP8
272450,S8F1T9
272460,S8F501
272475,S8GJB9
272490,S8G9Y6
272500,S8EYS6
272510,S8F1U5
272520,S8F506
272530,S8GJC5
272540,S8G9Z1
272550,S8EYT3
272560,A0A125YI62
272570,S8F510
272590,S8GJD0
272593,S8G9Z5
272595,A0A125YQ12
272600,S8F1V8
272620,S8F516
272630,A0A125YFN3
272640,S8G9Z9
272650,S8F1W3
272660,A0A125YRK2
272670,S8GJE2
272680,S8GA04
272695,S8EYU2
272710,S8F1W8
272720,S8F527
272730,S8GJE6
272740,S8GA09
272760,S8EYU4
272770,S8F1X4
272890,S8F534
272900,A0A125YQJ7
272905,A0A125YPI8
272910,A0A125YUI8
273020,A0A125YUF6
273030,S8F540
273040,A0A125YFE0
273050,S8GA19
273060,A0A125YU95
273065,S8F1Y5
273070,S8F547
273075,S8GJG1
273080,S8GA24
273090,A0A125YX45
273100,S8F1Z0
273110,A0A125YG83
273120,A0A125YP19
273130,S8GA29
273140,A0A125YJP1
273150,S8F1Z7
273200,S8F556
273280,S8GJH0
273290,S8GA35
273300,S8EYW3
273310,A0A125YTC4
273320,A0A125YGK7
273330,S8GJH6
273340,A0A125YM45
273350,S8EYW7
273360,A0A125YNQ1
273370,A0A125YNC3
273380,A0A125YHS8
273390,A0A125YLA7
273400,S8EYX1
273410,S8F212
273430,S8F570
273445,S8GJI7
273460,A0A125YVE4
273490,A0A125YZH5
273500,A0A125YQJ1
273510,A0A125YYB0
273520,A0A125YQR2
273530,A0A125YJF3
273540,S8GA55
273550,S8EYY4
273560,A0A125YU28
273580,S8F590
273595,S8GJK2
273610,S8GA59
273630,S8F231
273640,S8F596
273650,A0A125YFH8
273660,S8GA64
273670,S8EYZ2
273690,S8F236
273705,A0A125YLA9
273720,S8GJL2
273730,S8GA67
273740,A0A125YG32
273750,S8F239
273760,A0A125YXI9
273770,A0A125YQ41
273780,S8GA72
273790,S8EZ00
273800,S8F243
273815,S8F5B6
273830,A0A125YJ05
273840,S8GA78
273850,S8EZ04
273860,S8F246
273870,S8F5C2
273885,S8GJN0
273905,S8EZ09
273915,S8GA83
273920,A0A125YUR9
273930,A0A125YLD3
273950,A0A125YX48
273960,S8EZ13
273970,A0A125YGS3
273980,A0A125YW42
273985,S8GJP1
273990,A0A125YYM0
273995,S8EZ17
274000,S8F258
274010,S8F5D7
274020,S8GJP6
274050,S8F262
274060,A0A125YNC4
274070,A0A125YKD9
274080,S8GAA7
274090,A0A125YYX6
274100,S8F267
274110,S8F5E8
274120,S8GJQ7
274130,S8GAB3
274140,S8EZ32
274150,S8F270
274160,S8F5F5
274170,A0A125YPF3
274180,A0A125YWJ3
274190,A0A125YWB2
274280,S8G717
274290,A0A125YGL1
274700,S8F203
275310,S8G468
275320,S8ESN0
275330,S8GDB4
275350,S8EZ90
275355,S8EVP1
275360,S8ESM6
275370,S8G463
275380,S8GDB1
275390,S8EZ88
275420,S8G459
275430,S8GDA8
275440,A0A125YS55
275450,S8EVN2
275460,S8ESM0
275470,A0A125YGQ9
275480,S8GDA5
275490,S8EZ80
275568,S8GAP4
275590,S8GTL1
275600,S8GJ69
275610,S8F7R1
275630,S8FAT8
275640,S8FDV7
275650,S8GTL7
275660,A0A125YZD8
275670,A0A125YIK3
275680,A0A125YID4
275690,S8FDW1
275700,A0A125YWR3
275710,S8GJ78
275740,S8F7R8
275750,A0A125YK48
275760,S8GTM6
275770,S8GJ85
275780,S8F7S1
275790,S8FDW6
275795,S8FAU7
275798,S8GTN0
275802,S8GJ89
275810,A0A125YIP8
275830,S8FAV1
275840,S8FDW9
275850,S8GTN4
275860,S8GJ92
275980,S8FDX2
275990,S8GTN7
276100,S8GJ97
276110,S8F7T0
276120,S8FAV5
276130,A0A125YLA1
276140,S8GTP2
276155,S8GJ99
276170,S8F7T2
276180,S8FAV8
276190,S8FDX8
276200,S8GTP6
276210,S8GJA5
276220,S8F7T5
276230,A0A125YM93
276810,S8G1J5
276820,S8GAT3
276830,S8EWK4
276840,A0A125YRA3
276850,A0A125YPE2
276860,A0A125YWT2
276870,A0A125YRK6
276880,A0A125YFM9
276890,A0A125YIQ5
276900,S8EQ15
276910,A0A125YNE1
276920,A0A125YPP0
276930,A0A125YPT5
276940,A0A125YJA3
276960,A0A125YR45
276970,S8G1I4
276980,S8GAR8
276990,A0A125YP82
277000,A0A125YZT1
277010,A0A125YUA8
277020,S8G1H9
277030,S8GAR3
277050,A0A125YXV9
277055,S8EWJ1
277060,A0A125YIJ8
277070,S8G1H7
277080,S8GAQ8
277090,A0A125YMI5
277150,S8ET06
277220,S8EQ05
277230,S8GAQ3
277240,S8G1H2
277260,S8ET02
277270,S8EWH6
277490,A0A125YFC0
277500,A0A125YSK6
277510,S8GAP9
277530,S8EWH4
277540,S8ESZ7
277550,S8EPZ9
277560,A0A125YGF9
277572,S8EWH0
277680,A0A125YUE9
277685,S8EPZ6
277690,S8G1G2
277700,A0A125YWE1
277705,A0A125YHZ7
277710,S8ESZ0
277720,A0A125YGF2
277730,A0A125YN89
277740,S8G1G0
277760,A0A125YIR0
277770,S8ESY5
277790,S8G1F7
277820,A0A125YZ42
277830,A0A125YWX2
277840,A0A125YQY6
277850,S8GAM6
277860,S8EWF5
277870,S8ESX6
277880,S8EPY4
277895,S8G1F0
277910,S8GAM2
277930,S8ESX4
277940,S8EPY2
277950,S8G1E7
277970,S8GAL8
277980,S8EWE9
277990,S8ESW9
278005,S8EPX8
278020,S8G1E5
278030,S8GAL4
278040,S8EWE6
278050,S8ESW5
278060,S8EPX6
278070,S8G1E2
278080,S8GAL2
278090,S8EWE4
278100,S8EPX1
278110,S8ESW2
278120,S8G1E0
278130,S8GAK9
278145,S8EWE1
278160,S8ESV8
278170,S8EPW1
278180,S8G1D6
278205,S8GAK6
278220,S8EWD8
278230,A0A125YG60
278240,S8EPV7
278245,A0A125YXY9
278250,S8GAK2
278260,S8EWD6
278270,A0A125YM52
278280,S8EPV3
278290,S8G1D0
278300,S8GAJ8
278310,S8EWD2
278320,S8ESU7
278330,S8EPV0
278340,S8G1C8
278350,S8GAJ5
278360,S8EWD1
278365,S8ESU4
278370,S8EPU7
278380,S8G1C5
278390,S8GAJ3
278400,S8EWC7
278410,S8ESU0
278420,S8EPU2
278430,S8G1C1
278440,S8GAJ1
278450,S8EWC4
278460,A0A125YKW6
278470,S8EPT9
278490,A0A125YVE3
278500,S8GAI8
278510,S8EWC1
278518,S8EST3
278522,S8EPT5
278530,A0A125YYC3
278540,A0A125YU64
278550,S8EWB6
278565,A0A125YQS8
278580,S8EPT3
278600,S8G1B3
278620,A0A125YMC7
278630,S8EWB4
278640,S8ESS7
278660,S8EPT0
278670,A0A125YHJ2
278680,A0A125YGG8
278690,S8EWA7
278700,S8ESL7
278710,S8EPK4
278720,S8G199
278730,S8GAG1
278740,S8EW98
278750,S8ESJ7
278753,S8EPI6
278757,S8G189
278760,S8GAF6
278770,S8EW93
278780,S8ESJ2
278790,A0A125YGW5
278800,S8G183
278815,S8GAF1
278830,A0A125YW58
278840,S8ESI9
278850,A0A125YWM0
278860,A0A125YL39
278870,A0A125YRU2
278878,S8EW84
278882,A0A125YXK3
278890,A0A125YWA6
278900,S8G171
278910,S8GAD6
278920,A0A125YLI1
278930,S8ESI1
278940,A0A125YRY7
278950,A0A125YMX1
278960,A0A125YMC3
278965,S8EW72
278975,S8ESH8
278990,A0A125YTR3
279000,A0A125YS67
279100,S8GJB7
279310,S8G734
279320,S8F220
279330,A0A125YT38
279340,A0A125YXH9
279350,S8G730
279355,S8F216
279360,S8EYT5
279370,S8EVP7
279380,A0A125YTY2
279390,S8GGC0
279400,S8F211
279405,A0A125YST5
279410,S8EVP3
279420,S8G720
279430,A0A125YTW8
279440,S8F207
279450,A0A125YFR1
279460,A0A125YG81
279540,A0A125YHV4
279550,A0A125YJ48
279560,A0A125YJM1
280070,S8GDF8
280370,S8GMW2
280375,A0A125YMT6
280380,A0A125YTH0
280390,S8F2D7
280400,A0A125YSP7
280410,A0A125YZR8
280420,A0A125YGU5
280430,A0A125YIV6
280435,A0A125YKX9
280440,A0A125YRY3
280450,A0A125YGH5
280460,A0A125YS32
280465,A0A125YQJ3
280470,A0A125YT56
280480,A0A125YVX1
280490,A0A125YQ09
280500,A0A125YT01
280510,A0A125YUX5
280518,A0A125YWM3
280522,A0A125YLB3
280530,A0A125YLW3
280540,A0A125YGP3
280550,A0A125YRD6
280560,A0A125YUJ3
280570,A0A125YZS5
280580,A0A125YQD7
280590,A0A125YM71
280600,A0A125YMK6
280605,A0A125YQB8
280610,A0A125YKT3
280670,A0A125YZI5
280680,A0A125YGD3
280690,A0A125YG40
280700,A0A125YK43
280710,A0A125YIB3
280720,A0A125YXK5
280725,S8F592
280730,A0A125YQ56
280740,A0A125YQA1
280750,A0A125YUB7
280760,A0A125YLJ9
280770,A0A125YQT3
280780,A0A125YWY1
280790,A0A125YN59
280800,S8GMT5
280810,A0A125YX24
281030,A0A125YRA7
281040,A0A125YU88
281350,S8G8D1
281360,S8F9R2
281370,S8GP45
281380,S8GEU3
281400,S8F3K1
281420,S8F6L4
281430,S8F9R4
281440,S8GP49
281450,S8GEU6
281460,S8F3K5
281470,S8F6L8
281480,S8F9R8
281490,S8GP52
281500,S8GEV0
281510,S8F3K8
281520,S8F9S2
281530,S8F6M1
281545,S8GP55
281555,S8GEV2
281560,S8F3L1
281570,S8F6M5
281580,S8GP58
281600,S8F3L4
281610,S8F6N0
281620,S8F9S9
281630,S8GP63
281640,S8GEV9
281650,S8F3L8
281675,S8F9T2
281900,S8GP68
281910,S8GEW1
281920,S8F3M1
281930,S8F6N8
281950,A0A125YPJ3
281960,S8GEW5
281970,S8F3M5
281980,S8F6P0
281990,S8F9U2
282000,S8GP76
282020,S8GEW9
282030,S8F3M8
282040,S8F6P5
282055,S8F9U5
282070,S8GP80
282090,S8GEX3
282130,S8F3N1
282140,S8F6P8
282150,S8F9V0
282160,A0A125YTG6
282170,S8GEX7
282180,A0A125YV77
282190,S8F6Q2
282200,S8F9V4
282210,S8GP85
282220,S8GEY0
282230,A0A125YFY5
283450,S8FBD6
283460,A0A125YGN3
283470,A0A125YW08
283480,S8GGK8
283490,A0A125YXT4
283495,A0A125YVC6
283500,S8F885
283510,S8F567
283520,S8GGK4
283530,A0A125YPQ8
283540,A0A125YJR9
283550,S8F878
283580,A0A125YX15
283590,S8FBC6
283710,A0A125YW34
283720,S8GQX3
283730,S8FBC1
283740,S8F870
283760,S8F555
283765,S8GGJ3
283770,S8GQW6
283780,S8FBB6
283790,S8F865
283800,S8F551
283810,S8GGI9
283820,S8GQW3
283830,S8FBB0
283840,S8F861
283850,S8F548
283855,S8GGI4
283860,S8GQV9
283870,S8FBA6
283878,S8F857
283882,S8F544
283890,S8GGI0
283900,S8GQV5
284010,S8FBA2
284040,S8F852
284160,S8GGH6
284170,S8GQV1
284180,S8FB98
284190,S8F846
284310,S8F538
284420,S8GGH3
284530,S8GQU8
284540,A0A125YKG0
284550,A0A125YSZ2
284560,A0A125YRM2
284570,S8GGG8
284580,S8GQU3
284590,S8FB88
284620,S8FB83
284630,A0A125YFC2
284645,S8F522
284660,A0A125YRD5
284670,S8GQT6
284680,S8FB79
284780,S8F828
285160,S8GQT1
285170,S8FB74
285180,A0A125YR52
285190,S8F514
285200,S8GGE9
285210,S8GQS8
285220,S8FB68
285230,A0A125YPV9
285240,S8F509
285250,A0A125YR93
285260,S8GQS2
285268,A0A125YQI1
285272,S8F814
285290,S8F507
285300,A0A125YR81
285350,S8GQR9
285425,S8F503
285445,S8GGD8
285470,S8F5K2
285480,S8GGW1
285490,S8GR91
285500,S8FBQ7
285510,S8F8M0
285520,S8F5J8
285530,S8GGV7
285540,S8GR85
285650,S8FBQ2
285660,S8F8L6
285665,S8F5J3
285670,A0A125YJE1
285680,S8GR81
285690,S8FBP8
285700,S8F8L1
285710,S8F5I9
285720,S8GGU9
285730,S8GR77
285740,S8FBP2
285750,S8F5I5
285760,A0A125YL73
285770,S8GGU6
285780,S8GR74
285790,S8FBN7
285800,S8F8J9
285810,S8GGU2
285820,S8F5I1
285825,S8GR68
285830,S8FBN3
285840,S8F8J4
285850,S8F5H8
285860,S8GGT9
285865,S8GR64
285870,S8FBM7
285895,S8F5H3
285920,S8GGT5
285930,S8GR60
285940,S8FBM4
285950,S8F8I2
285970,S8F5G8
285980,S8GGT0
285990,S8GR55
286000,S8FBL9
286010,S8F8H6
286020,S8F5G3
286030,S8GGS7
286040,S8GR51
286050,S8FBL1
286060,S8F8H2
286070,A0A125YRB6
286080,S8GGS4
286090,A0A125YYZ5
286120,S8F5F2
286130,S8GGS1
286140,S8GR44
286150,S8FBK4
286160,S8F8G3
286170,S8GGR6
286180,S8F5E7
286190,S8GR40
286200,S8FBK2
286210,S8F8G0
286220,S8F5E1
286230,S8GGR3
286240,S8FBJ8
286250,S8GR36
286260,S8F8F6
286270,S8F5D6
286410,S8GGQ9
286420,A0A125YKL3
286430,S8FBJ4
286440,A0A125YY60
286450,S8GGQ5
286460,A0A125YGC2
286465,S8GR29
286470,A0A125YQ00
286480,S8F8E8
286485,S8F5C7
286490,S8GGQ1
286500,S8GR25
286510,S8FBI6
286520,S8F8E2
286525,S8F5C4
286530,S8GGP9
286540,S8GR22
286550,S8FBI3
286560,A0A125YNH6
286570,S8GGP5
286580,S8F5C0
286590,S8GR18
286595,S8F8D6
286600,S8FBH9
286610,A0A125YHY5
286620,S8GGP0
286630,A0A125YMB2
286640,S8FBH4
286650,S8F8D1
286660,S8F5B0
286670,S8GGN7
286680,S8GR11
286690,S8FBG8
286710,S8F8C7
286720,S8F5A4
286730,A0A125YIS9
286740,S8FBG4
286750,A0A125YUI4
286760,S8F599
286770,S8GGM9
286790,S8F8B5
286800,S8F595
286910,S8GR02
286920,S8FBF5
286928,S8F8B2
286932,S8F591
287040,S8GGM2
287160,S8GQZ8
287170,A0A125YYY6
287180,S8F8A7
287200,A0A125YTQ7
287210,A0A125YFE9
287220,S8GQZ4
287230,S8FBE7
287235,S8F8A3
287240,S8GGL6
287250,A0A125YVW2
287260,S8GQZ2
287270,A0A125YH90
287280,S8GVL4
287430,S8GH18
287440,S8F5Q3
287450,S8F8T4
287460,S8FBW2
287470,S8GRF2
287480,S8GH21
287490,A0A125YFI2
287500,S8F8T7
287510,S8G872
287515,S8FZ07
287960,S8EZM1
287970,S8F2X5
287980,S8G7X5
287990,S8GHA2
288000,S8EWM8
288010,S8EZM4
288020,S8F2X9
288030,S8GHA6
288040,S8G7X8
288045,S8EWN1
288050,S8EZM6
288060,S8F2Y3
288190,S8GHB0
288210,S8G7Y3
288220,S8EWN5
288230,S8EZN1
288240,S8F2Y6
288245,A0A125YNZ5
288250,S8G7Y8
288260,S8EWN9
288265,A0A125YMQ0
288270,S8F2Y9
288280,S8GHB6
288290,S8EWP1
288300,S8G7Z2
288310,S8EZN9
288320,A0A125YGW1
288330,S8GHC0
288340,S8G7Z4
288350,S8EWP5
288360,A0A125YPR4
288370,S8GHC2
288380,A0A125YVB7
288390,S8G7Z7
288400,S8EWP8
288420,S8EZP9
288440,S8F300
288450,S8GHC6
288455,S8G801
288460,S8EWQ2
288465,S8F306
288475,S8EZQ5
288500,S8GHC9
288510,S8G806
288520,S8EWQ6
288530,S8EZR0
288540,S8F309
288550,S8GHD2
288560,S8G811
288570,A0A125YXS1
288580,A0A125YYQ1
288590,S8F314
288600,S8GHD4
288610,S8G816
288620,A0A125YQC6
288630,A0A125YGQ7
288640,S8F319
288650,S8GHD8
288670,S8G821
288680,S8EZS4
288685,S8EWR7
288700,S8F323
288710,S8GHE1
288720,A0A125YSQ4
288730,S8G824
288740,S8EZS8
288750,A0A125YYJ5
288800,S8GHE5
288820,S8G829
288830,S8EWS1
288840,S8EZT3
288850,A0A125YKQ8
288860,A0A125YQV8
288880,S8EWS5
288890,S8F344
288900,S8G838
288910,S8GHF3
288920,S8EWS9
288930,S8EZU3
288940,S8F347
288945,S8GHF8
288950,S8G842
288990,S8F351
289000,S8GHG2
289010,S8G847
289020,S8EWT6
289030,S8EZV0
289050,S8EWT9
289060,S8EZV6
289070,S8F357
289080,S8GHH0
289100,S8EWU3
289110,S8EZW2
289120,S8F360
289130,S8GHH4
289140,A0A125YVS1
289150,S8EZW6
289160,S8EWU7
289170,S8F365
289180,A0A125YMW5
289190,S8G865
289200,S8EWV1
289210,S8EZX0
289230,S8EWV6
289240,S8EZX5
289250,A0A125YZ79
289290,S8GHJ5
289300,S8G878
289310,S8EWW4
289320,A0A125YW65
289330,S8F383
289340,S8GHJ9
289350,A0A125YI39
289360,S8EWW9
289370,A0A125YV45
289380,S8F388
289490,S8GHK7
289510,S8G895
289520,S8EWX4
289530,A0A125YMW1
289540,S8EZZ7
289550,S8GHL4
289560,A0A125YFB2
289570,S8EWX9
289580,S8F003
289590,A0A125YNL2
289600,A0A125YQI4
289610,S8G8A4
289615,S8EWY3
289620,A0A125YXF9
289630,S8F3A0
289640,S8GHM5
289650,A0A125YIU8
289660,S8EWY7
289670,A0A125YI10
289680,A0A125YY17
289690,A0A125YJ40
289700,S8GHN0
289710,S8EWZ1
289730,S8F3B1
289740,S8GHN6
289745,S8G8B7
289750,A0A125YNY5
289760,S8F021
289770,A0A125YND4
289780,S8GHP0
289790,S8G8C0
289800,A0A125YFZ6
289810,S8F024
289820,S8F3B9
289830,A0A125YIM1
289860,A0A125YWC1
289870,A0A125YKS8
289880,S8GHQ1
289890,S8G8D0
289900,S8EX10
289910,S8F033
289920,S8F3C8
289930,S8GHQ6
289940,S8G8D4
289950,S8EX22
289960,S8F036
289970,S8F3D1
289980,S8GHR2
289990,S8G8D8
290000,S8EX27
290005,S8F038
290010,S8F3D5
290020,S8GHR7
290030,A0A125YIW7
290040,A0A125YP71
290160,S8F3E1
290170,S8GHS2
290180,S8G8E7
290190,S8EX36
290200,A0A125YGZ5
290225,S8GHS6
290240,S8G8F1
290250,S8EX40
290260,S8F052
290270,S8GHT0
290280,S8F3F0
290290,S8G8F6
290300,S8EX43
290310,S8F057
290330,S8F3F6
290340,S8GHT5
290460,S8G8G0
290570,S8EX47
290580,A0A125YIX1
290600,A0A125YS60
290605,S8EX51
290610,S8F067
290620,S8F3G6
290630,S8GHU6
290640,S8G8G9
290645,S8EX54
290650,S8F073
290660,S8F3H0
290670,S8GHV2
290678,S8G8H3
290700,S8EX63
290720,S8F3H5
290730,S8G8H6
290840,S8F082
290850,A0A125YRT3
290860,S8GHW2
290870,A0A125YWU9
290880,S8EX72
290890,S8F089
290900,S8F3I4
290910,S8GHW9
290920,S8G8I7
290923,S8EX76
290930,S8F3J1
290940,S8GHX4
290950,S8G8J0
290960,S8EX81
290970,A0A125YGM8
290980,A0A125YFZ0
290990,S8GHX9
291000,S8G8J4
291005,A0A125YXN0
291010,S8F0A7
291020,S8F3J9
291030,S8GHY4
291040,A0A125YPI5
291050,S8EX88
291080,A0A125YP75
291090,S8G8K3
291120,S8EX91
291130,S8F0B9
291140,S8F3L0
291150,S8GHZ4
291160,A0A125YZF4
291170,S8EX95
291180,S8F0C5
291300,A0A125YZA5
291310,A0A125YW44
291320,S8G8L1
291330,A0A125YM76
291340,S8F0D1
291350,S8F3M0
291580,A0A125YRL9
291590,A0A125YZI4
291600,S8EXA3
291620,S8F0D6
291630,A0A125YFC4
291640,A0A125YN71
291650,S8G8L9
291660,S8EXA7
291670,A0A125YM03
291680,A0A125YTJ1
291690,S8GI13
291800,A0A125YHK6
291810,A0A125YQ97
291820,S8F0E9
291830,A0A125YTG2
291840,A0A125YND9
291850,A0A125YL32
291860,S8F0F3
291880,S8EXB5
291890,A0A125YMF8
291900,A0A125YGC7
291910,A0A125YXK9
291920,A0A125YZA8
291930,A0A125YWS3
291940,S8F3P7
291950,S8GI31
291960,S8G8N6
291980,S8F0G4
292000,S8F3Q2
292010,A0A125YL74
292020,S8G8P0
292035,S8EXC6
292055,S8F0H0
292080,S8GI40
292100,A0A125YGH1
292110,S8EXD2
292120,A0A125YQ79
292130,A0A125YU06
292140,S8GI44
292150,S8G8P9
292160,S8EXD6
292170,S8F0I2
292190,S8F3R9
292200,S8GI49
292220,S8G8Q2
292235,S8EXE1
292245,S8F0I8
292250,S8F3S3
292260,A0A125YFL6
292270,S8G8Q6
292275,S8EXE7
292280,A0A125YK01
292300,S8G8R0
292310,S8GI59
292320,S8EXF2
292325,S8F0K1
292330,S8F3T4
292335,S8GI64
292340,S8G8R2
292350,S8EXF7
292360,S8F0K6
292375,S8F3T9
292390,S8GI69
292600,A0A125YTS6
292610,S8F483
292920,A0A125YFW3
292935,S8FCT1
292950,A0A125YMU5
292960,A0A125YW29
292975,A0A125YQR9
293000,A0A125YIU9
293010,A0A125YJ62
293040,A0A125YM87
293050,A0A125YUQ7
293060,A0A125YSA5
293170,A0A125YHL3
293180,A0A125YZM4
293190,A0A125YFF2
293200,A0A125YFG4
293220,A0A125YN96
293230,A0A125YK91
293240,A0A125YUY3
293250,S8FFQ3
293252,A0A125YXZ4
293258,S8F9P1
293260,S8GLG5
293280,A0A125YWH1
293300,A0A125YH22
293310,A0A125YU12
293320,S8GVI5
293330,A0A125YZF8
293340,A0A125YKE2
293350,A0A125YWM7
293360,A0A125YR47
293368,A0A125YKH3
293372,S8GJW4
293380,A0A125YLW9
293390,A0A125YRJ4
293400,A0A125YRZ2
293410,A0A125YJT2
293420,A0A125YQB7
293425,A0A125YHT3
293430,A0A125YHH8
293440,A0A125YRE1
293450,A0A125YQH8
293460,A0A125YQT5
293470,A0A125YZ07
293480,A0A125YLI8
293490,A0A125YJL8
293500,A0A125YJ24
293510,A0A125YUF2
293520,A0A125YT72
293540,A0A125YQW3
293550,A0A125YSG0
293560,A0A125YVI5
293570,S8GVG0
293580,A0A125YPK5
293590,A0A125YFZ8
293600,A0A125YP57
293610,A0A125YRM5
293620,A0A125YJ97
293630,A0A125YPX6
293660,A0A125YJH0
293670,A0A125YM38
293680,A0A125YZ53
293690,A0A125YS70
293700,A0A125YI09
293710,A0A125YUP6
293720,A0A125YFL8
293730,A0A125YY95
293740,A0A125YMH6
293760,A0A125YHB0
293770,A0A125YKR8
293780,A0A125YPH9
293790,A0A125YXV1
293800,A0A125YIR2
293810,A0A125YZ38
293820,S8F9K1
293830,A0A125YLP0
293840,S8GVD8
293850,A0A125YIX3
293860,A0A125YK72
293870,A0A125YIY3
293890,S8GLA8
293900,A0A125YR89
294010,A0A125YUK2
294020,S8FCJ9
294030,A0A125YN66
294040,A0A125YHM7
294050,A0A125YPH7
294060,A0A125YWL9
294180,A0A125YUK7
294190,A0A125YR83
294200,A0A125YWK7
294210,A0A125YJ78
294220,A0A125YZN7
294225,A0A125YIE8
294230,A0A125YK92
294240,A0A125YHS6
294250,A0A125YFJ0
294260,A0A125YKP0
294270,A0A125YJ53
294280,S8GVB8
294285,A0A125YTS1
294290,A0A125YKE4
294300,A0A125YI78
294310,A0A125YKA8
294320,A0A125YW89
294330,A0A125YRE5
294340,S8FFI1
294350,A0A125YTI6
294360,A0A125YRG5
294370,A0A125YN10
294380,S8GVB0
294390,A0A125YQD5
294400,A0A125YVA5
294410,S8F9G5
294420,A0A125YX88
294430,S8GVA6
294440,A0A125YK25
294550,S8FCG7
294560,A0A125YK14
294570,A0A125YLX4
294585,A0A125YFD4
294595,A0A125YUP3
294600,A0A125YZ23
294610,S8F9F6
294620,S8GL66
294630,A0A125YIN7
294640,A0A125YNJ1
294670,A0A125YLN3
294680,A0A125YTW3
294690,A0A125YG69
294700,A0A125YM10
294710,A0A125YVJ3
294720,S8FFF9
294730,A0A125YLT4
294740,A0A125YYT1
294750,A0A125YMK3
294760,A0A125YVD9
294770,A0A125YN22
294780,A0A125YWG3
294785,A0A125YKS5
294790,A0A125YPS8
294800,A0A125YKL3
294805,A0A125YN77
294808,A0A125YYI6
294812,A0A125YVN6
294820,A0A125YWR9
294830,A0A125YGN6
294840,A0A125YMR1
294850,S8FCD7
294860,A0A125YFV2
294870,A0A125YL49
294880,A0A125YML6
294890,A0A125YHC1
294898,A0A125YRM8
294902,A0A125YMY7
294920,S8GL40
294930,A0A125YW80
294940,A0A125YJS2
294960,A0A125YSJ2
294970,A0A125YSB8
294980,A0A125YGY3
294990,A0A125YGD1
295000,A0A125YMM9
295010,A0A125YSZ7
295030,A0A125YUS5
295035,A0A125YG03
295040,A0A125YVL8
295050,A0A125YWN0
295060,A0A125YW06
295070,A0A125YVK6
295080,A0A125YZ30
295090,A0A125YXC4
295100,A0A125YXF5
295105,A0A125YNF2
295110,A0A125YN32
295125,S8FFC5
295130,A0A125YPG2
295140,A0A125YM96
295300,A0A125YXH6
295310,A0A125YJN0
295320,S8GKW1
295330,A0A125YWN3
295340,A0A125YYY9
295350,A0A125YXT9
295360,A0A125YNR8
295370,A0A125YJ93
295380,A0A125YRX8
295390,S8FC92
295400,S8FF90
295410,S8GV22
295420,A0A125YIK6
295430,A0A125YIW5
295440,A0A125YT69
295450,A0A125YRV3
295460,A0A125YHZ0
295590,A0A125YR53
295600,A0A125YR42
295610,A0A125YJZ4
295620,A0A125YS07
295630,A0A125YYL4
295640,A0A125YLE1
295650,A0A125YFC5
295658,S8GV32
295662,S8GKY5
295680,A0A125YFJ2
295685,A0A125YKV2
295690,A0A125YN54
295710,S8GV37
295720,A0A125YP64
295730,A0A125YLG1
295740,A0A125YJT9
295760,A0A125YQF6
295770,A0A125YRI5
295850,A0A125YQM1
295910,A0A125YXJ3
295920,A0A125YTL2
295935,A0A125YW49
295945,A0A125YJ49
295970,A0A125YT19
295980,A0A125YPN1
295990,A0A125YI13
295995,A0A125YP51
296000,A0A125YU53
296010,A0A125YNS4
296015,A0A125YWT9
296020,A0A125YS74
296121,S8F938
296231,S8F612
296340,S8GRE9
296640,S8G453
296950,S8GU57
297060,S8GJT7
297065,S8F896
297070,S8FBC4
297080,S8FEB3
297090,S8GU63
297100,S8GJU2
297110,S8F8A0
297120,S8FBD0
297130,A0A125YFD9
297140,S8GU68
297150,S8GJU5
297160,S8F8A4
297170,A0A125YFY0
297180,S8FEB8
297190,S8GU72
297210,S8GJV0
297220,S8F8A8
297230,S8FBD8
297245,S8FEC1
297270,S8GU77
297280,S8GJV5
297290,S8F8B3
297320,S8GU80
297330,S8GJW0
297340,S8F8B7
297350,S8FBE6
297360,S8FEC7
297400,S8GU89
297410,S8GJW9
297420,S8F8C6
297430,A0A125YLE7
297460,S8GJX1
297465,S8F8C9
297470,S8FBF7
297480,S8FEE0
297500,S8FBF9
297510,S8GUA4
297520,A0A125YQC7
297530,S8F8D7
297640,S8FEE8
297643,S8FBG3
297647,S8GUA9
297650,S8GJY7
297680,A0A125YMP8
297690,S8GJZ2
297700,S8GUB5
297710,S8F8E6
297720,S8FBG9
297725,A0A125YUJ1
297730,A0A125YVV5
297745,S8GJZ6
297760,S8F8F0
297770,S8FBH3
297780,S8FEG4
297790,S8GUC5
297800,S8GK01
297810,A0A125YGW7
297820,A0A125YTK5
297830,S8FEG9
297840,S8GUD1
297845,A0A125YGA9
297850,A0A125YQ20
297870,S8FBI0
297880,A0A125YME4
297890,S8GUD6
297900,S8GK08
297910,S8F8G1
297920,A0A125YHR9
297925,S8FEH9
297940,S8GUE1
297960,S8GK12
297970,A0A125YW18
297980,A0A125YJA0
298010,S8FEI7
298020,S8GUE5
298030,S8GK18
298040,S8F8G9
298050,S8FBI9
298060,S8FEJ2
298070,A0A125YQ01
298080,A0A125YQ92
298090,S8F8H4
298590,A0A125YN72
298600,A0A125YP43
298610,A0A125YK80
298630,A0A125YS36
298820,S8FD48
298830,S8GIC8
298840,A0A125YKC7
298960,S8F708
298970,A0A125YZE8
298980,S8FD50
298990,A0A125YWS6
299000,S8GID3
299010,S8F713
299015,S8FA09
299020,S8FD55
299030,A0A125YH83
299040,A0A125YM28
299050,A0A125YQZ8
299060,A0A125YQE3
299070,A0A125YUJ7
299080,S8GSS4
299100,S8GIE1
299110,A0A125YNT7
299130,S8FD67
299150,S8GST0
299160,S8GIE5
299168,S8F723
299172,S8FD72
299180,A0A125YR27
299190,A0A125YX97
299200,A0A125YTG8
299210,A0A125YT78
299220,S8FA26
299230,A0A125YLC5
299240,S8GSU3
299250,A0A125YUL4
299260,S8F731
299270,A0A125YR94
299570,A0A125YVM5
299670,S8GAZ0
299780,S8G1N9
299790,S8EWP6
299800,S8ET67
299810,S8EQ47
299820,S8G1N2
299900,S8GAY6
299970,A0A125YGF8
299990,S8EQ43
299995,S8G1M8
300000,A0A125YRB1
300010,S8EWN6
300020,S8ET60
300030,S8EQ41
300040,A0A125YU10
300048,S8GAX4
300052,A0A125YZ73
300055,A0A125YXN2
300060,A0A125YZH4
300070,S8G1L9
300090,S8ET52
300100,B6KV60
300110,S8EQ36
300120,S8G1L7
300130,S8GAW3
300140,A0A125YG45
300150,S8ET47
300160,S8EQ35
300180,S8G1L3
300190,A0A125YTT4
300200,A0A125YP81
300220,S8ET43
300230,S8EQ31
300240,S8G1K9
300250,S8GAV3
300260,S8EWL8
300270,S8ET39
300280,A0A125YHJ7
300290,S8GAU7
300300,S8EWL4
300310,A0A125YWY3
300320,S8EQ26
300330,S8G1K1
300340,S8GAU2
300350,S8EWL1
300360,A0A125YFV4
300370,S8EQ23
300380,S8G1J8
300601,A0A125YUU7
300604,A0A125YLZ7
300606,S8ETV4
300608,A0A125YRZ9
300611,S8FYW9
300612,A0A125YYS7
300613,A0A125YWS1
300615,A0A125YMX7
300618,A0A125YJZ6
300621,A0A125YG38
300631,S8EMJ2
300641,A0A125YFF7
300650,S8ETV8
300660,S8G840
300680,S8FYX7
300690,S8EMJ5
300700,S8ETW6
300780,S8EWK8
300790,S8GAT6
300980,A0A125YZL3
300990,A0A125YWB3
301000,A0A125YIR5
301010,A0A125YRR5
301120,A0A125YTZ3
301130,A0A125YPB0
301140,A0A125YP26
301150,A0A125YJR1
301160,A0A125YIW3
301170,S8GRZ6
301180,A0A125YIZ5
301210,A0A125YHU1
301216,A0A125YZT2
301222,S8F977
301240,S8F693
301250,A0A125YZ98
301260,A0A125YM17
301270,A0A125YK18
301290,A0A125YGX2
301300,A0A125YWH3
301310,S8GRY6
301330,A0A125YJU8
301340,A0A125YX36
301350,A0A125YXW3
301360,A0A125YTV8
301370,A0A125YR08
301380,A0A125YL12
301390,A0A125YLE8
301400,A0A125YME2
301410,A0A125YS91
301415,A0A125YW71
301420,A0A125YIU0
301430,A0A125YK88
301440,A0A125YH30
301450,S8GRX6
301460,A0A125YG19
301470,A0A125YXI8
301480,S8F677
301690,A0A125YLQ6
301890,S8ESK0
301996,A0A125YHQ6
301998,A0A125YR67
302000,S8EMK0
302003,A0A125YNU2
302005,A0A125YX71
302007,A0A125YL10
302009,A0A125YHT8
302050,S8EMK4
302053,S8EQF5
302055,S8FYW6
302057,S8G827
302060,S8ETV0
302150,S8FZ46
302450,S8EMU4
303050,S8EQM8
303450,S8FZ63
304450,A0A125YW39
304460,A0A125YZI9
304470,A0A125YH44
304480,A0A125YRT7
304490,A0A125YVA8
304500,A0A125YXJ4
304520,A0A125YLK0
304630,S8F5D1
304640,A0A125YTH9
304650,A0A125YXC7
304660,A0A125YQ14
304670,A0A125YYU3
304680,A0A125YIN9
304690,A0A125YP63
304700,A0A125YQ37
304710,A0A125YSN1
304720,A0A125YLF1
304730,A0A125YPY8
304740,A0A125YSR3
304750,S8GMX7
304755,S8F2F4
304760,S8GDK9
304770,A0A125YYP2
304870,A0A125YFU3
304880,S8GFZ7
304890,A0A125YXP8
304900,A0A125YW54
304910,S8EYE0
304970,A0A125YUD2
304980,A0A125YFY8
304990,A0A125YQM6
305000,S8GG03
305010,A0A125YY00
305020,S8EVB3
305030,S8EYE9
305040,A0A125YZ95
305050,A0A125YT26
305060,A0A125YFI7
305070,A0A125YZA9
305080,A0A125YIW8
305090,A0A125YJ73
305100,S8GG09
305110,A0A125YS63
305120,S8EVC0
305140,A0A125YU24
305150,S8GG11
305160,A0A125YHE2
305180,S8EVC3
305190,S8EYG0
305200,S8F1N5
305220,S8GG15
305230,S8G6Q4
305240,A0A125YX83
305250,A0A125YZ47
305260,A0A125YS79
305270,S8GG18
305280,A0A125YVG7
305290,S8EVC9
305310,S8EYG8
305320,A0A125YYB5
305330,A0A125YZS3
305340,S8EVD3
305450,S8EYH3
305455,S8F1P7
305460,A0A125YP69
305470,S8G6R7
305480,A0A125YMC0
305485,S8EYH7
305490,S8F1P8
305498,S8GG26
305510,S8G6S2
305520,A0A125YUG3
305530,S8EYI1
305540,S8F1Q2
305560,A0A125YZF6
305570,S8G6S6
305580,S8EVE4
305590,A0A125YR82
305600,A0A125YM69
305610,S8GG32
305620,S8G6S9
305630,S8EVE8
305635,S8EYI8
305640,S8F1R0
305750,S8GG35
305760,S8G6T2
305770,A0A125YYQ3
305780,S8EYJ2
305790,S8F1R5
305800,A0A125YHD9
305810,S8G6T6
305820,A0A125YLY5
305830,A0A125YUA2
305840,S8F1R8
305850,A0A125YMV8
305860,A0A125YQG4
305870,A0A125YH45
305890,S8EYK0
305900,A0A125YLM8
305910,A0A125YFR0
305920,S8G6U3
305930,A0A125YFD7
305940,A0A125YUW2
305950,S8F1S7
305980,S8GG49
306000,S8EVH8
306010,A0A125YIZ6
306020,S8F1T0
306030,A0A125YIG5
306035,S8G6V2
306040,A0A125YPJ5
306050,A0A125YZG7
306060,S8F1T4
306070,A0A125YH23
306080,A0A125YLT5
306190,A0A125YVN5
306195,S8EYM0
306210,A0A125YTY4
306220,A0A125YQ80
306230,S8EVJ3
306250,S8GG63
306260,S8G6W2
306270,S8EVJ8
306280,A0A125YJP8
306290,A0A125YX49
306300,S8GG66
306310,S8G6W7
306320,S8EVK2
306330,S8EYN1
306334,S8F1V0
306350,S8EVK4
306380,A0A125YKU2
306400,S8G6X4
306410,A0A125YMH1
306430,S8F1W0
306440,S8EYP0
306450,A0A125YM48
306455,S8G6X7
306460,S8EVL0
306470,S8EYP5
306480,S8F1W5
306490,S8GG78
306500,S8G6Y2
306510,A0A125YML0
306520,A0A125YGW0
306530,S8F1W9
306540,A0A125YYM7
306550,S8G6Y7
306560,A0A125YIF1
306590,S8GG85
306600,A0A125YLJ2
306610,A0A125YZL5
306620,S8EYQ9
306630,S8F1X8
306640,A0A125YS09
306650,S8G6Z4
306660,S8EVM2
306670,A0A125YY21
306680,A0A125YZG2
306688,S8GG95
306692,S8G6Z9
306700,S8EVM4
306710,S8EYR7
306720,S8F1Z1
306730,A0A125YY82
306860,S8EVH6
306870,A0A125YFH9
306880,S8GD66
306890,S8G418
306895,A0A125YJW3
306900,A0A125YV24
306910,S8EZ46
306920,A0A125YIQ3
306930,A0A125YJD3
306950,S8EVI5
306960,S8EZ50
306970,A0A125YT91
306980,A0A125YN17
307000,S8EVI8
307010,A0A125YP02
307015,S8GD77
307020,A0A125YMY2
307030,A0A125YGH7
307040,S8EVJ1
307045,S8EZ58
307050,S8GD78
307060,S8G432
307070,S8ESJ8
307080,A0A125YRG8
307090,A0A125YU44
307260,S8GD83
307270,A0A125YGT2
307450,A0A125YRT2
307460,A0A125YHS0
307470,S8F573
307480,A0A125YMR5
307570,S8EVM9
307575,A0A125YHB2
307580,S8F1Z4
307603,S8EVN3
307605,A0A125YY07
307610,S8F200
307640,A0A125YT86
307650,S8EYS8
307760,S8EQQ4
307770,S8EU95
307800,S8EMW2
307810,S8EQQ8
307815,S8G8G2
307820,S8EU99
307830,A0A125YYU9
307840,S8EMW4
307850,S8EQR1
307860,S8EUA3
307980,S8G8G7
307990,S8FZA4
308000,S8EMW6
308010,S8EQR6
308020,A0A125YY85
308030,S8EUB0
308040,S8FZA9
308050,A0A125YM00
308060,S8EQS0
308070,S8EUB4
308075,S8G8H8
308090,A0A125YQ30
308093,S8EMX2
308096,S8EQS5
308580,A0A125YZP5
308590,S8G413
308810,S8GD61
308820,A0A125YU13
308830,A0A125YIP3
308840,S8ESH7
308850,S8G412
308860,A0A125YYN9
308870,A0A125YG75
308880,S8EVG7
308890,S8ESH5
308920,A0A125YHH5
308930,A0A125YRM7
308940,S8EZ33
308945,A0A125YMD1
308950,A0A125YWE2
308960,S8G405
308965,S8GD49
308970,A0A125YT37
308980,S8EVG1
308990,S8ESG7
309000,S8G3Z9
309010,S8GD46
309020,A0A125YJD2
309025,S8EVF9
309030,S8ESG1
309040,A0A125YYI2
309050,A0A125YUF0
309060,S8EZ16
309070,S8EVF5
309080,S8ESF7
309090,S8GD37
309095,S8G3Z3
309100,A0A125YZQ1
309110,S8EVF1
309120,S8ESF3
309130,A0A125YHU6
309140,A0A125YX34
309150,A0A125YXR4
309160,S8EVE6
309170,A0A125YQR4
309185,S8EYV7
309190,S8G3Y3
309200,A0A125YJS0
309210,S8G3X4
309220,S8EYS4
309230,A0A125YUI1
309240,S8EV81
309250,S8ESA1
309265,S8G3V4
309280,S8GD06
309290,A0A125YPB3
309300,S8EV75
309330,S8ES93
309352,S8GD02
309370,A0A125YWW7
309380,S8EV69
309390,A0A125YRP8
309400,S8G3U1
309405,S8GCZ8
309410,A0A125YX18
309420,A0A125YUE8
309550,S8GCZ3
309560,A0A125YU36
309570,A0A125YHN4
309580,S8ES78
309590,A0A125YP48
309600,A0A125YR84
309610,A0A125YNU8
309720,A0A125YUV4
309730,A0A125YKW4
309740,A0A125YS35
309752,A0A125YHZ4
309760,A0A125YL18
309770,S8EV51
309780,S8ES67
309790,S8G3R6
309800,A0A125YM05
309810,A0A125YFT4
309820,A0A125YTH5
309830,S8ES63
309840,S8G3Q8
309850,S8GCX7
309860,S8EYP1
309870,A0A125YM54
309880,S8G3Q3
309885,S8GCX2
309890,S8EYN6
309910,S8EV35
309920,S8ES55
309930,S8G3P6
309940,S8GCW7
309950,S8EYN2
309960,S8EV31
309980,S8ES51
309990,A0A125YYF0
310000,A0A125YM56
310010,A0A125YHF5
310030,A0A125YN74
310040,S8GCV6
310045,A0A125YLB9
310050,S8EV21
310055,S8ES44
310060,A0A125YIE6
310070,A0A125YVY6
310080,A0A125YRV0
310090,A0A125YJQ6
310100,A0A125YTS4
310110,A0A125YUD4
310118,S8GCU6
310130,A0A125YY96
310140,S8ES37
310150,A0A125YU48
310160,S8GCU1
310170,A0A125YTK4
310173,S8EYK8
310177,A0A125YPW9
310180,S8G3L1
310190,S8GCT6
310200,S8EYK4
310210,A0A125YJ13
310215,S8ES28
310220,S8G3K6
310235,S8EYJ9
310240,S8EUZ8
310250,S8ES23
310260,S8G3J5
310270,S8GCS5
310275,S8EYJ4
310280,A0A125YYZ7
310290,S8ES19
310300,S8G3J1
310310,A0A125YZ81
310320,A0A125YME5
310330,S8EUZ1
310340,A0A125YR44
310350,S8G3I4
310360,A0A125YSJ0
310370,S8EYI6
310380,A0A125YFV9
310390,A0A125YYA3
310400,A0A125YHG0
310410,A0A125YU74
310430,S8EUY3
310440,A0A125YJY8
310450,S8G3H0
310455,S8GCQ8
310460,A0A125YYB7
310470,A0A125YMT5
310480,S8ERZ8
310490,A0A125YTM2
310500,A0A125YYR6
310510,A0A125YWQ5
310515,S8EUX5
310520,S8ERZ4
310530,S8G3F7
310560,S8GCQ0
310570,A0A125YYJ2
310580,S8EUX1
310590,A0A125YGK3
310600,A0A125YL57
310610,S8GCP7
310620,S8EYF9
310630,A0A125YLY1
310640,A0A125YRW4
310650,A0A125YKN7
310660,S8G3E6
310670,S8EYF4
310680,S8EUW3
310690,S8ERY4
310700,A0A125YY13
310710,S8GCN9
310720,S8EYE8
310730,A0A125YQ26
310740,A0A125YMR3
310750,A0A125YIQ0
310760,S8GCN4
310770,A0A125YVS2
310780,S8EUV6
310790,A0A125YFW9
310802,S8GCN0
310810,S8EYD5
310820,A0A125YHA6
310830,A0A125YWY5
310840,S8GCM4
310850,A0A125YXS5
310860,A0A125YQE6
310870,A0A125YMH5
310900,A0A125YJB8
310910,S8GCM0
310930,A0A125YLS3
310940,A0A125YK65
310950,S8ERW4
310960,A0A125YI40
310970,S8EYB9
310990,A0A125YKR2
311000,S8ERW1
311010,A0A125YS25
311020,S8G3B4
311030,A0A125YY44
311040,A0A125YS88
311050,A0A125YRH0
311060,S8G3B0
311070,S8GCK7
311075,S8EYA8
311080,A0A125YNE7
311090,A0A125YG10
311100,A0A125YUW3
311110,A0A125YFZ2
311140,S8EYA2
311150,A0A125YJA1
311155,S8ERU9
311160,A0A125YVB3
311170,A0A125YV65
311180,S8EY96
311210,S8EUS1
311220,S8ERU4
311230,A0A125YPQ0
311240,A0A125YKU4
311250,S8EY92
311260,A0A125YRC5
311290,A0A125YHT2
311300,S8EY88
311310,A0A125YWN8
311320,A0A125YR70
311335,S8G387
311360,A0A125YJK5
311370,A0A125YYJ4
311375,A0A125YU85
311380,S8ERT1
311390,A0A125YWS7
311400,S8GCI0
311410,A0A125YVF3
311420,S8EUQ0
311425,S8ERS7
311430,A0A125YVR6
311440,A0A125YHA0
311450,S8EY75
311470,S8ERS3
311480,A0A125YRN8
311485,S8GCG9
311490,S8EY71
311500,S8EUP0
311510,S8ERR7
311625,S8G369
311650,A0A125YHJ9
311660,S8EUN4
311670,A0A125YQZ9
311680,A0A125YM24
311690,S8GCG0
311700,A0A125YTF3
311710,A0A125YSC2
311720,A0A125YJG5
311730,S8G363
311740,S8GCF8
311750,A0A125YLG4
311755,A0A125YVA2
311760,S8ERQ5
311765,S8G357
311770,S8GCF2
311780,A0A125YU50
311790,A0A125YMH8
311800,S8ERQ1
311810,S8G355
311815,S8GCE8
311820,A0A125YN69
311830,A0A125YHW1
311840,S8ERP5
311850,A0A125YVY3
311860,A0A125YG97
311870,A0A125YRG7
311880,A0A125YI95
311890,A0A125YWZ8
311905,S8G345
311920,S8GCE2
312050,A0A125YL14
312065,S8EUK9
312090,A0A125YJR7
312100,A0A125YSP6
312110,S8EUK3
312120,A0A125YX99
312130,S8ERN3
312140,S8GCD2
312150,A0A125YW17
312160,A0A125YHV1
312175,S8G335
312190,S8ERM9
312200,A0A125YH76
312210,S8EY33
312220,S8EUJ4
312230,S8ERM4
312240,S8G333
312245,S8GCC5
312250,A0A125YJN3
312260,A0A125YNP4
312270,A0A125YIL1
312280,A0A125YKC6
312300,S8GCC1
312310,S8EY28
312330,S8EUI4
312340,A0A125YXW2
312350,A0A125YM15
312360,S8GCB7
312370,S8EY24
312380,S8EUH9
312390,A0A125YYT2
312400,S8G320
312410,A0A125YV97
312420,S8EY22
312430,S8EUG5
312460,S8EUG1
312470,A0A125YN49
312480,A0A125YML3
312490,S8GCA5
312500,S8EY17
312510,S8EUF7
312520,S8ERJ8
312530,A0A125YMG0
312540,S8GCA2
312560,S8EY13
312570,S8EUF0
312580,S8ERJ4
312590,S8G304
312600,A0A125YS40
312618,S8EY10
312622,S8EUE6
312630,S8ERI9
312640,A0A125YT79
312650,S8EY07
312660,S8EUE2
312670,S8ERI6
312680,A0A125YTD0
312690,A0A125YV06
312700,S8EY05
312820,S8EUD8
312830,S8ERI3
312840,S8G2Z2
312850,A0A125YNV5
312860,S8GC86
312875,S8EUD3
312905,S8ERH9
312930,A0A125YN40
312940,A0A125YYV1
312950,A0A125YSM2
312960,A0A125YU39
312970,S8ERH6
312980,S8G2Y5
312990,A0A125YGG5
313000,S8EXZ5
313010,A0A125YUU4
313020,S8ERH2
313025,S8G2Y2
313030,S8GC74
313040,S8EXZ2
313050,A0A125YV83
313055,S8ERH0
313060,S8G2Y0
313070,S8GC70
313080,A0A125YIQ9
313100,A0A125YIZ8
313110,A0A125YSY9
313120,S8GC66
313130,A0A125YJC1
313140,S8EUA8
313150,A0A125YWD2
313160,A0A125YXL8
313180,S8GC60
313190,A0A125YME8
313200,S8EUA4
313210,S8ERF9
313220,S8G2X1
313230,A0A125YGI3
313235,A0A125YPF1
313240,S8EUA0
313250,A0A125YV59
313270,S8G2W7
313277,S8EXX6
313280,A0A125YRQ0
313290,A0A125YL40
313300,A0A125YMT3
313305,S8GC47
313310,A0A125YIE3
313318,A0A125YX00
313322,S8ERF0
313330,S8G2W1
313340,S8GC43
313350,A0A125YN87
313360,A0A125YQ74
313370,A0A125YQX7
313380,A0A125YKB4
313385,A0A125YNL4
313390,S8EXW9
313400,A0A125YKK9
313410,S8ERE3
313418,S8G2V6
313422,S8GC34
313430,S8EXW7
313440,A0A125YI56
313445,S8ERE1
313450,A0A125YFX4
313460,A0A125YSA0
313470,S8EXW5
313475,S8EU67
313480,S8ERD7
313495,S8G2U8
313520,A0A125YJZ3
313530,A0A125YSS4
313540,S8G2U6
313550,S8ERD4
313560,A0A125YHF9
313570,S8EXV8
313580,S8EU59
313590,S8ERD1
313600,S8G2U2
313630,S8GC16
313640,A0A125YXY5
313650,A0A125YMA2
313660,S8ERC6
313665,S8G2T9
313670,A0A125YFF4
313677,S8EU49
313680,A0A125YG98
313690,A0A125YTJ5
313700,S8GC10
313710,S8EXV1
313725,S8EU44
313740,A0A125YNL5
313750,S8G2T3
313760,S8GC06
313770,S8EU38
313775,S8EXU9
313780,A0A125YIG0
313790,S8G2T0
313810,A0A125YNW1
313820,S8EXU6
313830,A0A125YYP7
313840,S8ERB3
313848,S8G2S8
313852,S8GBZ9
313860,A0A125YUX3
313870,A0A125YSR4
313880,A0A125YG64
313900,S8GBZ5
313910,S8EXT8
313930,S8EU26
313940,A0A125YSK1
313950,S8G2S1
313960,S8GBY9
313970,S8EXT4
313980,A0A125YNS7
313990,S8ERA3
314000,S8G2R7
314020,S8GBY5
314030,A0A125YV23
314042,A0A125YX38
314055,S8G2R4
314070,A0A125YWT0
314080,A0A125YNQ9
314090,A0A125YJH5
314100,A0A125YVV0
314110,S8G2R1
314220,S8EXS5
314240,S8GBY0
314250,A0A125YYM5
314260,A0A125YJB2
314265,S8G2Q6
314270,S8EXS1
314280,A0A125YH74
314295,S8ER88
314320,S8GBX5
314330,S8EXR7
314340,S8ETZ9
314350,A0A125YTB2
314370,S8EXR3
314390,S8ETZ7
314400,A0A125YX31
314410,S8G2P7
314415,S8GBX0
314418,A0A125YX13
314422,S8EXR1
314430,A0A125YZF0
314440,S8GBW8
314450,A0A125YUX8
314460,S8ETZ1
314470,A0A125YXE1
314480,S8ER74
314482,S8G2P1
314485,S8GBW6
314490,A0A125YSV1
314500,A0A125YTZ4
314515,S8G2N6
314530,S8GBW1
314540,A0A125YH10
314550,S8ETY5
314560,S8ER66
314570,S8G2N5
314650,S8FYY9
314660,S8G853
314670,A0A125YZJ5
314700,S8G2N0
314710,S8GBV4
314715,S8EXN5
314720,A0A125YYL8
314730,S8ER60
314740,S8G2M6
314750,A0A125YLK2
314780,A0A125YV37
314790,A0A125YU70
314810,A0A125YUF7
314820,A0A125YU38
314830,A0A125YHT5
314840,A0A125YHG8
314850,S8GBT0
314860,A0A125YN08
314875,S8ETU3
314885,S8EQT5
314890,S8G2J2
314900,A0A125YHD3
314910,A0A125YKT9
314920,S8ETU0
314955,S8EQT2
314970,S8G2I6
315080,S8GBS0
315090,A0A125YXJ6
315100,S8ETT6
315110,A0A125YT66
315120,S8G2I0
315130,A0A125YJ76
315140,A0A125YYT5
315150,A0A125YXR9
315160,A0A125YS78
315170,S8ETS8
315190,S8EQS3
315210,S8G2G8
315220,A0A125YXB1
315230,A0A125YFE5
315240,A0A125YGQ5
315250,S8EQR9
315260,A0A125YPR3
315270,A0A125YNA3
315280,S8EXC8
315290,S8ETR9
315300,A0A125YSW6
315310,S8G2F3
315320,A0A125YJA5
315330,A0A125YI91
315340,S8ETR5
315345,S8EQQ9
315350,S8G2E6
315360,A0A125YSY0
315370,S8EXB7
315380,S8ETR2
315390,A0A125YSE1
315400,A0A125YXW6
315410,S8EXB4
315420,S8GBN6
315440,S8ETQ7
315450,A0A125YPI7
315460,S8G2D3
315470,S8EXA9
315480,S8ETQ3
315490,A0A125YX58
315495,S8EQP0
315500,A0A125YV42
315510,A0A125YVR2
315520,A0A125YWB6
315530,S8EQN5
315540,S8G2C3
315550,A0A125YSW8
315560,S8EXA2
315570,A0A125YI75
315580,A0A125YXV5
315590,S8G2B7
315600,S8GBL9
315610,A0A125YNL3
315620,A0A125YL36
315630,A0A125YGB0
315640,S8G2B0
315660,S8GBL5
315670,S8EX93
315680,A0A125YGT9
315690,A0A125YK84
315700,A0A125YLC1
315705,S8GBK9
315710,A0A125YXM6
315715,S8ETN3
315720,S8EQM1
315730,S8G298
315740,A0A125YLL5
315750,S8EX86
315760,A0A125YUE1
315770,S8EQL7
315780,A0A125YT29
315810,S8ETM8
315820,S8EQL4
315855,S8GBJ3
315860,S8ETM4
315885,S8EQK9
315900,S8G281
315910,S8GBI7
315920,A0A125YW99
315930,A0A125YV30
315940,S8EQK5
315950,S8G276
315958,S8GBI2
315962,S8EX70
315970,A0A125YQL0
315980,S8EQK2
316090,A0A125YRS6
316100,S8GBH5
316110,S8EX65
316120,S8ETL4
316130,S8EQJ0
316140,A0A125YU08
316150,S8GBH1
316180,S8EX61
316190,A0A125YVC4
316200,A0A125YTG3
316210,A0A125YS38
316220,A0A125YUX9
316230,S8EX57
316235,S8ETK9
316240,A0A125YKJ2
316250,A0A125YR48
316255,S8GBG4
316260,S8EX55
316270,A0A125YTJ7
316280,S8G252
316290,A0A125YPP6
316300,A0A125YWZ6
316310,A0A125YQP0
316320,S8ETK1
316330,A0A125YNW0
316340,A0A125YHU0
316350,A0A125YJ32
316360,A0A125YPM5
316370,A0A125YL68
316400,A0A125YQG0
316410,S8EX42
316420,A0A125YPR1
316430,S8EQG6
316450,A0A125YQD1
316470,S8GBE7
316480,A0A125YTN8
316490,A0A125YY30
316510,A0A125YIG9
316520,A0A125YVI1
316530,A0A125YNG5
316540,A0A125YUT6
316550,A0A125YGU1
316560,A0A125YI51
316570,S8G224
316580,A0A125YPR6
316600,A0A125YXH0
316610,S8ETI0
316620,A0A125YU43
316635,S8G220
316650,A0A125YR17
316660,A0A125YRJ1
316670,A0A125YQ58
316680,A0A125YFT7
316690,A0A125YKL0
316700,S8GBC8
316710,A0A125YSF0
316730,S8ETH3
316750,S8EQE7
316760,S8G210
316770,S8GBC3
316780,S8EX15
316890,A0A125YKA4
316900,S8EQE2
317705,A0A125YGH9
317720,A0A125YUR1
317820,A0A125YGJ6
317830,A0A125YLF6
318120,A0A125YN92
318130,S8F9F3
318140,A0A125YQG8
318150,S8GS64
318160,A0A125YLG8
318170,A0A125YXH8
318180,A0A125YWK1
318190,A0A125YR40
318210,S8GS68
318220,A0A125YJD6
318230,A0A125YVB9
318240,S8F9G2
318260,S8FCN0
318275,A0A125YIR1
318290,A0A125YUZ4
318300,A0A125YIX4
318310,S8F9G6
318320,A0A125YS39
318330,S8GS75
318340,A0A125YYG6
318350,A0A125YS08
318360,S8F9H2
318370,S8FCN9
318380,A0A125YT08
318390,A0A125YN06
318400,S8F6I9
318410,A0A125YLR8
318420,A0A125YN27
318430,A0A125YSM5
318440,A0A125YMN8
318450,A0A125YME9
318460,S8F9H9
318470,S8FCP8
318480,A0A125YPC6
318490,A0A125YG86
318500,A0A125YSG5
318510,A0A125YPA6
318525,S8FCQ3
318540,A0A125YWA8
318550,A0A125YHB1
318560,A0A125YPJ8
318570,A0A125YKM5
318580,S8GS96
318590,A0A125YN15
318600,A0A125YRS5
318610,A0A125YJZ2
318620,A0A125YSP2
318632,A0A125YPL9
318640,S8GHY3
318650,A0A125YRH2
318660,S8F9J5
318675,A0A125YK27
318690,S8GSA5
318700,A0A125YK97
318710,A0A125YVQ4
318720,S8F9J8
318730,A0A125YMZ8
318750,A0A125YRB4
318760,A0A125YHP8
318770,A0A125YZ48
318880,S8EMW1
319090,S8GSB3
319300,S8GHZ6
319320,A0A125YHF6
319340,A0A125YGF7
319350,A0A125YRK8
319360,A0A125YQN2
319370,A0A125YK58
319380,S8FCT9
319390,S8GSC3
319500,A0A125YUS0
319510,A0A125YM63
319520,S8F9M1
319530,S8FCU4
319540,S8GSC8
319550,A0A125YZ71
319560,A0A125YUG9
319570,A0A125YRU9
319580,A0A125YWU1
319590,A0A125YS76
319600,A0A125YWW9
319610,S8F6P9
319620,A0A125YV75
319630,A0A125YFL1
319640,S8GSD7
319650,A0A125YRQ6
319658,A0A125YPA7
319662,A0A125YKU3
319670,A0A125YWY0
319680,A0A125YV17
319690,A0A125YHF3
319695,A0A125YSY1
319700,A0A125YKS2
319710,S8FCV8
319720,A0A125YJJ3
319730,A0A125YRU5
319740,S8F6R5
319850,A0A125YLN8
319860,A0A125YJT4
319870,A0A125YWR5
319880,A0A125YLP6
319890,A0A125YK42
319900,S8F9P9
319910,A0A125YL41
319920,A0A125YJJ9
319930,S8GI39
319935,A0A125YQ06
319940,A0A125YMR7
319950,A0A125YJB4
319960,A0A125YWG8
319970,A0A125YIH0
320000,S8GSG4
320005,A0A125YU18
320010,A0A125YMQ2
320015,A0A125YTB1
320020,A0A125YJT1
320030,A0A125YRH1
320040,A0A125YV28
320050,A0A125YYH8
320060,S8F9S3
320070,A0A125YVC9
320080,A0A125YV73
320090,A0A125YRY5
320100,A0A125YP27
320105,A0A125YPT1
320110,A0A125YZR9
320120,A0A125YWX3
320130,A0A125YKC0
320135,A0A125YY73
320140,A0A125YU99
320150,S8FCZ3
320160,S8GSI0
320170,A0A125YHU9
320180,A0A125YV22
320190,A0A125YJX5
320200,A0A125YIR6
320210,A0A125YIX7
320220,A0A125YZC1
320230,A0A125YQ29
320240,A0A125YQY0
320250,A0A125YKG4
320260,A0A125YGR8
320270,A0A125YQK6
320280,A0A125YQQ4
320290,A0A125YI88
320300,A0A125YUI6
320410,A0A125YW73
320430,A0A125YY09
320440,S8F6W2
320450,A0A125YFE6
320460,S8FD11
320470,A0A125YZM2
320480,A0A125YTY7
320490,A0A125YX08
320500,S8FD16
320515,A0A125YJI7
320525,A0A125YND2
320530,S8F6W9
320540,A0A125YWQ7
320550,A0A125YGJ0
320560,A0A125YKF1
320570,A0A125YXC9
320580,A0A125YPD8
320588,S8F9X9
320592,S8FD25
320600,S8GSM3
320610,A0A125YU25
320620,A0A125YTJ8
320630,A0A125YIW4
320640,S8FD30
320650,S8GSM8
320660,A0A125YST3
320670,A0A125YWI2
320680,A0A125YLL0
320690,A0A125YXF8
320700,S8GSN6
320710,A0A125YI70
320715,A0A125YZQ7
320720,A0A125YJ18
320730,A0A125YQB9
320740,A0A125YW85
320750,A0A125YMZ4
320760,A0A125YND7
320770,A0A125YYQ6
320780,A0A125YMD2
321170,A0A125YLY6
321290,A0A125YI37
321300,S8GK31
321310,S8F8I0
321340,S8FBJ7
321360,A0A125YFB4
321370,S8GUF9
321390,S8GK37
321400,S8FBK0
321410,S8F8I5
321420,S8FEK9
321430,S8GUG4
321440,S8GK42
321450,S8FBK3
321460,A0A125YFN5
321470,S8FEL6
321480,S8GUG9
321490,A0A125YND1
321500,S8FBK6
321520,A0A125YQ87
321530,A0A125YST9
321540,S8GK53
321550,S8F8K2
321560,S8FEM9
321570,A0A125YY88
321580,S8GUI2
321590,S8GK59
321600,S8F8K7
321610,S8FBL2
321620,A0A125YT62
321630,S8GUI8
321640,A0A125YJG8
321650,S8F8L2
321660,S8FBL6
321680,S8FEP1
321685,S8GK74
321690,S8GUJ4
321700,S8F8L7
321710,S8FBM1
321800,S8FZ90
321900,S8G8F3
322000,S8EQP6
322010,S8EU86
322020,S8G8E4
322030,S8FZ84
322100,S8EMV3
322110,S8EQP2
322120,S8EU81
322130,S8G8E4
322200,S8G8E1
322210,S8FZ75
322300,S8EMV0
322400,S8FZ72
322500,A0A125YWY2
322600,S8EU72
322700,S8EU68
322800,S8EMS5
322900,S8G8B1
323000,S8EMU0
323010,S8EQL8
323020,S8EU64
323100,S8G8C4
323110,S8FZ59
323200,S8EU58
323300,S8G8B9
323310,S8FZ55
323320,A0A125YZC8
323330,S8EQL5
323400,S8EU52
323500,S8FZ51
323600,S8F957
323700,S8F957
323800,S8F957
323900,S8EQK4
324000,S8EMR3
324100,S8FZ38
324200,S8G8A1
324300,S8EU32
324400,S8EQJ9
324500,S8EMR0
324600,S8FZ33
324700,S8G897
324800,S8EU28
324900,S8EQJ6
325000,S8EMQ6
325100,S8FZ30
325200,S8G893
325300,S8EU23
325400,S8EQJ3
325500,S8EMQ1
325600,S8FZ25
325700,S8G890
325800,S8EU18
325900,S8EQI8
326000,S8EMP9
326100,S8FZ20
326200,S8G886
326300,S8EU07
326400,S8EQI4
326500,S8EMP4
326600,S8FZ16
326700,S8G882
326800,S8EU04
326900,S8EQI1
327000,S8EMP0
327100,S8FZ12
327200,S8G877
327300,S8EU01
327400,S8EQH6
327500,S8EMN6
327600,S8ETZ8
327700,S8EQH1
327800,S8EMM3
327900,S8FZ03
328000,S8G868
328100,S8ETZ3
328200,S8EQG7
328300,S8EMM0
328400,S8FYZ9
328500,S8G864
328600,S8ETY9
328700,S8EQG4
328800,S8FYZ5
328900,S8G861
329000,S8FYZ2
329100,S8G858
329200,S8ETX9
329300,S8EQF8
329400,S8EMK8
329500,S8ETX5
329600,A0A125YH69
329620,S8EQK7
329700,S8FZ41
329710,S8EMS1
329800,S8EU35
330000,S8EQL3
355200,S8EQE6
500004,S8GIF1
500007,S8EX82
500009,S8EX78
500012,A0A125YU46
500013,S8EWM7
500015,S8EUP9
500022,A0A125YWH8
500025,S8FAE5
500030,S8GKE0
500032,S8EUY1
500034,A0A125YJM1
500036,S8EU20
500039,S8GPG6
500040,S8ETI1
500042,S8ESS3
500043,A0A125YJM1
500044,S8F3Y4
500045,A0A125YP32
500046,S8G3T3
500047,A0A125YW07
500053,S8GMU2
500054,S8GF01
500055,A0A125YHH2
500057,A0A125YKI0
500058,S8F985
500061,S8GJR8
500062,S8GG70
500072,S8F1G6
500074,S8F7L1
500076,S8F7S8
500079,S8EQH0
500080,A0A125YND8
500082,S8F369
500083,S8GC19
500085,S8GF96
500086,S8EYM2
500087,A0A125YKN4
500098,S8F8N4
500099,S8EX05
500101,S8F2U9
500107,S8F3E3
500108,S8F7Q9
500109,S8F601
500113,S8F072
500116,S8GJT1
500117,A0A125YHW7
500120,A0A125YZB0
500124,S8ESM4
500125,S8EQU2
500127,S8EPD7
500128,A0A125YVT4
500130,S8EUP9
500132,A0A125YUM9
500134,S8F542
500135,S8GC31
500142,S8G9P5
500143,S8GAK4
500144,S8F749
500146,S8F2M0
500148,S8F946
500153,S8F7Q9
500156,A0A125YUI9
500160,A0A125YZB0
500163,S8F7H4
500168,A0A125YN44
500169,S8F8G7
500174,S8ESC9
500177,A0A125YQP7
500179,S8F6T8
500181,S8G8F8
500182,S8G708
500183,S8F2M0
500185,S8GEH7
500189,S8F4M4
500192,S8GRL9
500193,S8GIF1
500200,S8F519
500202,S8F542
500204,S8F265
500206,S8F8E1
500210,A0A125YVR4
500216,S8F7L1
500220,S8F963
500221,S8FZB9
500222,A0A125YTD4
500223,S8GIE6
500224,S8F400
500226,A0A125YZC4
500227,S8GJJ1
500228,S8FZB9
500230,S8GU94
500232,A0A125YRZ3
500237,S8G990
500241,A0A125YFC8
500245,S8EUQ3
500246,S8GKV2
500254,S8F3B5
500256,A0A125YKM2
500258,S8F0P0
500260,S8F9J3
500261,S8F4R6
500263,S8G9R6
500264,S8G8N3
500267,S8GDG0
500270,S8ER20
500271,A0A125YGT1
500272,S8F838
500273,A0A125YK07
500283,A0A125YNV1
500284,S8F3Y2
500287,S8F559
500290,A0A125YHK2
500291,A0A125YH94
500295,A0A125YHI2
500296,A0A125YR99
500300,S8EU20
500301,S8F601
500302,S8F7E9
500303,S8EWJ0
500306,S8F7Y2
500307,S8F0R9
500308,A0A125YRF4
500309,S8G2Q0
500310,S8F3G1
500314,S8G6N7
500322,S8G4P4
500325,S8F809
500327,S8G7X1
500330,A0A125YRR7
500333,S8F3P9
500335,A0A125YQ94
500339,S8GQU1
500340,A0A125YS94
500341,A0A125YJC9
500342,S8GK07
500344,S8EW54
500345,S8FBY8
500355,S8FEZ5
500358,S8F8C1
500361,S8GM75
500363,S8EZ71
500364,S8F8N4
500365,A0A125YGU6
500366,A0A125YT04
500373,S8F3C3
500374,A0A125YX56
500375,S8EQL5
500377,S8EVZ5
500380,A0A125YXM4
500383,S8G317
500384,S8FA98
500385,A0A125YID6
500389,S8F6J4
500391,S8FBG0
500392,S8GPU9
500393,S8EV59
500394,S8EW54
500398,B6KLP1
500400,A0A125YLQ3
500401,S8ES21
500404,S8G989
500408,A0A125YLW6
500411,S8EWW5
500416,A0A125YSQ9
500418,S8GBR7
500421,S8EWT3
500422,S8GBB7
500423,A0A125YWY9
500424,S8FAM6
500429,S8F4D2
500435,S8GMU2
500438,S8F378
500439,S8F180
