"plateID","well","well_type","cell_count_proxy_residual","cell_count_proxy_plate","cell_count_proxy_pooled","nuclear_area_residual","nuclear_area_plate","nuclear_area_pooled"
"BR00117010","A01","sample",1.31637171992661,0.134076218519101,0.142609772197349,0.263095092773256,0.00808002665367625,0.00767941400755369
"BR00117010","A02","negcon",0.635750000000016,0.0647529528576265,0.0688742862688675,56.2999999999997,1.729053536525,1.64332600835655
"BR00117010","A03","sample",-4.17524999999999,-0.425261134752336,-0.452327744780309,-2.27373675443232e-13,-6.98297082838029e-15,-6.63675087871201e-15
"BR00117010","A04","sample",19.927,2.02962185071788,2.15880126225669,32.8999999999996,1.01040606308476,0.960309514652401
"BR00117010","A05","sample",-5.76566545295714,-0.587249490001053,-0.624626178430955,33.3999999999996,1.02576177832921,0.974903884175994
"BR00117010","A06","sample",9.1438143978268,0.931323606199528,0.990599591703185,31.3365478515623,0.96239021110531,0.914674317878901
"BR00117010","A07","sample",0.289750000000019,0.0295118648690492,0.0313902075444832,19.5999999999997,0.601944037582409,0.572099285324832
"BR00117010","A08","sample",7.105427357601e-15,7.23708065623304e-16,7.69769937695701e-16,9.59999999999945,0.294829732693413,0.280211894852968
"BR00117010","A09","negcon",6.90182717418672,0.702970805570723,0.747712812541366,58.6359374999995,1.80079351868266,1.71150907847458
"BR00117010","A10","sample",1.93341802978517,0.196924147128213,0.209457785074024,-58.2320312500003,-1.78838897996177,-1.69971956434383
"BR00117010","A11","sample",0.428494447708147,0.0436433830471091,0.0464211549446645,-0.750000000000455,-0.0230335728666882,-0.0218915542854026
"BR00117010","A12","sample",7.34900000000002,0.748516634763171,0.796157498686427,24.7562499999997,0.760299851040794,0.722603721036884
"BR00117010","A13","sample",-6.95899999999999,-0.708794021134425,-0.753906658505759,31.9390624999996,0.980894297849337,0.932260960724246
"BR00117010","A14","sample",-35.9789,-3.66455370124923,-3.89779167634903,-606.464596176148,-18.6253952894419,-17.7019368391425
"BR00117010","A15","sample",-16.06525,-1.63629158615172,-1.74043669285237,-124.525129852295,-3.82434486957988,-3.63473152007557
"BR00117010","A16","sample",-11.306,-1.15154838381173,-1.22484102328871,-82.3000000000005,-2.5275507292364,-2.4022332235834
"BR00117010","A17","negcon",16.77075,1.70814877567757,1.81686737938432,1.9261901855466,0.0591560559918138,0.0562230626811701
"BR00117010","A18","sample",-5.94224999999999,-0.605235130347181,-0.643756551445013,-78.0000000000005,-2.39549157813413,-2.2767216456805
"BR00117010","A19","sample",-5.41602570150791,-0.551637682934213,-0.58674778545842,57.0653110504145,1.7525573336522,1.66566447289704
"BR00117010","A20","sample",3.23787500000002,0.329786814367099,0.350776767051207,-4.69120330810597,-0.144073564306189,-0.1369303091776
"BR00117010","A21","sample",5.92475000000002,0.603452705376664,0.641860680411268,35.7957519531246,1.09933874790626,1.04483286275755
"BR00117010","A22","sample",-0.429124999999992,-0.0437076065985493,-0.0464894661346858,-69.8023437500004,-2.14372982804037,-2.03744239660072
"BR00117010","A23","sample",0.23558468259872,0.0239949726249209,0.0255221814704902,-71.863452148438,-2.20702941534907,-2.09760355179068
"BR00117010","A24","sample",-29.22025,-2.97616589970588,-3.16559003279249,-242.66,-7.45243572243623,-7.08293941719011
"BR00117010","B01","sample",-0.678922528684126,-0.0691501981814591,-0.0735514032166303,28.2630950927735,0.868000080342853,0.824964107328762
"BR00117010","B02","sample",-53.7066442486107,-5.47017507380498,-5.81833549432788,-405.94,-12.4669980926636,-11.8488767288146
"BR00117010","B03","negcon",12.4034557513893,1.26332738582988,1.34373442728179,19.8999999999999,0.611157466729084,0.580855907038993
"BR00117010","B04","sample",-26.4572942486107,-2.6947509669219,-2.86626387413045,-32.1000000000001,-0.98583691869366,-0.936958523414667
"BR00117010","B05","sample",0.66104029843212,0.0673288419683292,0.0716141230821397,-9.80000000000018,-0.300972018791215,-0.286049642662426
"BR00117010","B06","sample",-0.383479850783935,-0.039058517813073,-0.0415444766358391,167.436547851562,5.14221590064446,4.88726170220089
"BR00117010","B07","sample",-2.24554424861072,-0.228715093779002,-0.243272131196571,22.5,0.691007186000226,0.65674662856168
"BR00117010","B08","sample",5.37970575138927,0.547938392304527,0.582813045951158,6.09999999999968,0.187339725982274,0.178051308187824
"BR00117010","B09","sample",4.15053292557598,0.422743630143675,0.449650008469482,25.3359374999998,0.778102883402331,0.739524068203302
"BR00117010","B10","sample",-0.568876218825572,-0.0579416672897148,-0.0616294825748209,18.0679687499999,0.554893166341219,0.527381224956453
"BR00117010","B11","sample",0.350200199097408,0.035668890260142,0.0379391093417989,-28.6500000000001,-0.879882483506957,-0.836257373701875
"BR00117010","B12","sample",-45.7016942486107,-4.65484805850393,-4.95111533252221,-494.13375,-15.175554315344,-14.4231410831573
"BR00117010","B13","sample",11.4297057513893,1.16414816782734,1.23824274618968,-27.9609375000002,-0.858720388435704,-0.816144508202178
"BR00117010","B14","negcon",10.1057057513893,1.02929498720053,1.0948065605507,-4.31459617614769,-0.132507420551429,-0.12593762187956
"BR00117010","B15","sample",-24.7425442486107,-2.52009878302475,-2.68049559669507,-44.5651298522949,-1.36865888768751,-1.30079994586259
"BR00117010","B16","sample",-36.4544942486107,-3.71299433350979,-3.94931541119235,-259.92,-7.98251501267461,-7.58673705314453
"BR00117010","B17","sample",2.15645575138928,0.219641175948508,0.233620685406728,-44.4738098144533,-1.36585431869309,-1.29813442910825
"BR00117010","B18","sample",6.53245575138928,0.665349271434102,0.707696779331316,41.3,1.26838207919152,1.20549492264877
"BR00117010","B19","sample",-1.27531995011865,-0.129894978542543,-0.138162408696606,-26.5346889495852,-0.81491825521974,-0.774514111447686
"BR00117010","B20","sample",9.59358075138928,0.977133593598941,1.03932524894167,38.4087966918942,1.17958908976536,1.12110434375611
"BR00117010","B21","sample",1.98145575138928,0.201816926243302,0.21466197506925,29.7957519531249,0.915070164972869,0.869700428474438
"BR00117010","B22","sample",1.63358075138927,0.16638486415074,0.176974767305535,20.2976562499998,0.623370059009434,0.592462991550724
"BR00117010","B23","sample",5.06229043398798,0.515608735860997,0.548425702755217,11.7365478515624,0.360446173522894,0.342575032554063
"BR00117010","B24","sample",-1.15254424861072,-0.117389922763062,-0.124861443203067,-6.10000000000014,-0.187339725982288,-0.178051308187837
"BR00117010","C01","sample",19.6702023547292,2.00346627727207,2.13098096413077,-0.26309509277371,-0.00808002665369022,-0.00767941400756696
"BR00117010","C02","sample",11.3985806348026,1.16097798582652,1.23487079150632,-26.5261901855472,-0.814657246018746,-0.774266043241957
"BR00117010","C03","negcon",9.3605806348026,0.953401866402467,1.01408306769044,3.97380981445281,0.122041383892672,0.115990497697209
"BR00117010","C04","sample",-38.0001693651974,-3.87042575774501,-4.116766878685,406.773809814453,12.4926055848212,11.8732145859036
"BR00117010","C05","sample",3.52816518184544,0.359353698299569,0.382225495459328,-7.12619018554733,-0.218855494534111,-0.208004505726557
"BR00117010","C06","negcon",8.92864503262938,0.909407991947017,0.967289113598745,22.6103576660153,0.694396427788971,0.659967829676856
"BR00117010","C07","sample",0.235580634802595,0.0239945603453272,0.0255217429505231,14.9738098144528,0.45986711927056,0.437066627216252
"BR00117010","C08","sample",-36.1331693651974,-3.68026647660433,-3.91450452325603,-374.006190185547,-11.4862651123014,-10.9167690873581
"BR00117010","C09","poscon_diverse",-36.7356421910107,-3.74163005424945,-3.979773710632,-81.0102526855472,-2.48794074424032,-2.36458712578502
"BR00117010","C10","sample",-45.0223513354122,-4.5856550429593,-4.87751838674422,-643.948221435547,-19.7765710410679,-18.7960365953816
"BR00117010","C11","sample",5.73432508251073,0.584057383779965,0.62123090411574,38.1238098144529,1.17083673508857,1.11278593615861
"BR00117010","C12","negcon",1.80383063480259,0.183725300917832,0.195418871446234,14.430059814453,0.443167778942227,0.42119525035935
"BR00117010","C13","poscon_cp",-27.7761693651974,-2.82908216353918,-3.00914485302573,164.412872314453,5.04935449956553,4.79900442598483
"BR00117010","C14","sample",-14.7791693651974,-1.50530060114743,-1.60110852013316,312.559213638305,9.59914056331773,9.12320932368209
"BR00117010","C15","negcon",-3.53641936519741,-0.360194410443444,-0.383119716437856,22.0086799621579,0.675918044810235,0.642405616188453
"BR00117010","C16","sample",5.12483063480259,0.521978633894902,0.555201025907742,68.0738098144525,2.09064407823108,1.98698867062181
"BR00117010","C17","sample",14.9805806348026,1.52581491407821,1.62292850824258,-2.27373675443232e-13,-6.98297082838029e-15,-6.63675087871201e-15
"BR00117010","C18","negcon",6.7285806348026,0.685325150836178,0.728944064214771,34.1738098144526,1.04952658465741,0.997490416922214
"BR00117010","C19","sample",8.98580493329467,0.915229891047492,0.97348155931093,25.539120864868,0.784342935188981,0.745454734419169
"BR00117010","C20","sample",-32.6471943651974,-3.32520996879802,-3.53684972172066,-603.927393493653,-18.5474741656222,-17.6278790921333
"BR00117010","C21","negcon",2.7555806348026,0.280663756100286,0.298527171810204,15.9695617675779,0.490448086163148,0.466131371131747
"BR00117010","C22","sample",-46.2051943651974,-4.70613098310188,-5.0056622631808,-627.868533935547,-19.2827408361284,-18.3266907929838
"BR00117010","C23","sample",-0.235584682598699,-0.0239949726249187,-0.0255221814704879,-16.6896423339849,-0.512562790424763,-0.48714961487755
"BR00117010","C24","sample",6.84958063480259,0.697649346346634,0.742052658219541,28.2738098144528,0.868329144772914,0.825276856543822
"BR00117010","D01","sample",3.68370369014145,0.375195739503245,0.399075835602799,11.6630950927733,0.358190334227127,0.340431039145474
"BR00117010","D02","sample",0.428081970214848,0.0436013710366043,0.0463764689942863,16.9999999999998,0.522094318311275,0.496208563802152
"BR00117010","D03","sample",-37.1899180297851,-3.78789934559435,-4.02898790514994,-399.79,-12.2781227951569,-11.6693659836744
"BR00117010","D04","sample",-3.01966802978515,-0.307561811369807,-0.327137208525937,-2.27373675443232e-13,-6.98297082838029e-15,-6.63675087871201e-15
"BR00117010","D05","poscon_diverse",1.3396665172577,0.136448860144595,0.145133425425751,-2.27373675443232e-13,-6.98297082838029e-15,-6.63675087871201e-15
"BR00117010","D06","sample",10.1761463680416,1.03646956514682,1.10243777910559,0.536547851562318,0.0164781520472242,0.0156611552255807
"BR00117010","D07","poscon_cp",-0.462918029785136,-0.0471495231767542,-0.0501504504953847,-30.7,-0.942840916009198,-0.896094288748605
"BR00117010","D08","poscon_diverse",-26.2416680297852,-2.67278882082284,-2.84290390256542,-186.27,-5.72061815716721,-5.4369864223193
"BR00117010","D09","sample",1.36715914440155,0.139249062723247,0.14811185259396,41.7359374999996,1.28177034342027,1.21821938857714
"BR00117010","D10","sample",-0.0702499999999873,-0.00715516309594545,-0.00761056800690042,17.9679687499997,0.551822023292325,0.524462351051731
"BR00117010","D11","poscon_diverse",-47.914873582077,-4.88026669325881,-5.19088119485409,-172.15,-5.28697275866396,-5.02484142697304
"BR00117010","D12","sample",-6.34766802978515,-0.646528114335085,-0.687677711400943,-5.44375000000014,-0.167185349723948,-0.158896198188122
"BR00117010","D13","sample",-3.46166802978515,-0.352580773482383,-0.375021494064024,-13.8609375000003,-0.425689218542232,-0.404583287636861
"BR00117010","D14","negcon",1.44833197021484,0.147516746817952,0.156905750261782,-19.4145961761476,-0.5962500209338,-0.566687581492063
"BR00117010","D15","negcon",3.54008197021485,0.360567457222886,0.383516506538463,-15.165129852295,-0.465742831313883,-0.442651017875325
"BR00117010","D16","poscon_cp",-26.3326680297852,-2.68205743066954,-2.85276243194091,-101.36,-3.11291059435481,-2.95857058982276
"BR00117010","D17","sample",-3.21391802978515,-0.327346728542585,-0.348181377000537,50.5261901855467,1.55173157775231,1.4747957803744
"BR00117010","D18","sample",0.0700819702148507,0.00713804878252725,0.00759236441818916,-37.8000000000002,-1.16089207248039,-1.10333433598363
"BR00117010","D19","sample",8.92130626870693,0.908660517885982,0.966494065030512,23.8653110504147,0.732937841420762,0.696598336530473
"BR00117010","D20","sample",3.42920697021485,0.349274521873945,0.371504809346075,-8.89120330810579,-0.273061572359559,-0.259523013175775
"BR00117010","D21","negcon",3.38308197021486,0.344576558915931,0.366507834978556,1.89575195312477,0.0582212543325858,0.0553346090579518
"BR00117010","D22","negcon",-9.06579302978515,-0.923376907077723,-0.98214710874984,-5.50234375000036,-0.168984847604164,-0.160606475866674
"BR00117010","D23","sample",0.79291665281356,0.0807608252295118,0.0859010122425985,1.33654785156227,0.0410472964383419,0.039012146463328
"BR00117010","D24","sample",2.88408197021485,0.293751984042231,0.312448426644832,41.4999999999998,1.2745243652893,1.2113326704582
"BR00117010","E01","sample",8.95071737155319,0.911656122693052,0.969680331199472,-13.3369049072267,-0.409595427995346,-0.38928743703417
"BR00117010","E02","sample",4.5930956516266,0.467819907511347,0.497595257208672,-37.1000000000001,-1.13939407113815,-1.0829022186506
"BR00117010","E03","sample",17.9330956516266,1.82653699932529,1.94279066236269,6.99999999999977,0.214980013422286,0.204321173330294
"BR00117010","E04","sample",7.44734565162659,0.758533420203247,0.806811822812934,-6.10000000000014,-0.187339725982288,-0.178051308187837
"BR00117010","E05","poscon_diverse",-38.5203198013306,-3.92340456493306,-4.17311762983107,492.1,15.1130949435872,14.3637784851201
"BR00117010","E06","poscon_diverse",-40.0121399505466,-4.07535070696096,-4.33473469317164,-85.0634521484376,-2.61242029780252,-2.48289490721352
"BR00117010","E07","negcon",-5.1199043483734,-0.521476877555283,-0.554667334265167,8.09999999999991,0.248762586960078,0.236428786282202
"BR00117010","E08","sample",8.65934565162659,0.881979081018727,0.938114433835923,-2.27373675443232e-13,-6.98297082838029e-15,-6.63675087871201e-15
"BR00117010","E09","poscon_orf",-0.0358271741867,-0.00364909999391789,-0.00388135438637718,-35.8640625000003,-1.10143666251828,-1.04682676148447
"BR00117010","E10","poscon_diverse",-9.44223631858825,-0.961718730960438,-1.02292927601216,6.56796874999986,0.201711715718881,0.191710725913817
"BR00117010","E11","sample",0.0148400993347266,0.00151150649252697,0.00160770939809417,-16.5500000000002,-0.508274174591283,-0.48307363123093
"BR00117010","E12","sample",0.847345651626597,0.086304574178357,0.0917976043709144,-44.1437500000002,-1.35571770964434,-1.28850039931421
"BR00117010","E13","poscon_diverse",-34.8036543483734,-3.54485157576609,-3.77047086558006,32.2390624999998,0.990107726996012,0.941017582438407
"BR00117010","E14","negcon",5.27934565162659,0.537716429569616,0.571940485603495,2.0854038238524,0.0640457345775271,0.0608703080224312
"BR00117010","E15","sample",2.99309565162659,0.304855338778039,0.324258476980302,6.83487014770503,0.209908639441893,0.199501241162762
"BR00117010","E16","sample",8.17234565162659,0.832376740410526,0.885355051353913,26.0999999999997,0.801568335760252,0.761826089131539
"BR00117010","E17","negcon",7.68709565162659,0.782952642299378,0.832785255975279,-53.1738098144533,-1.63304376394651,-1.55207645881876
"BR00117010","E18","sample",-1.55790434837341,-0.15867700641276,-0.168776327281763,-2.27373675443232e-13,-6.98297082838029e-15,-6.63675087871201e-15
"BR00117010","E19","sample",1.27531995011867,0.129894978542545,0.138162408696609,26.2653110504148,0.806645274594122,0.766651310243722
"BR00117010","E20","poscon_diverse",-10.2587793483734,-1.04488597014864,-1.1113898633252,-29.8912033081058,-0.918001612626437,-0.872486533166676
"BR00117010","E21","poscon_diverse",-37.3179043483734,-3.80093511760217,-4.0428533653858,135.395751953125,4.15819722460059,3.95203127185725
"BR00117010","E22","poscon_cp",-6.86677934837341,-0.699401084434031,-0.743915889241064,11.2976562499998,0.346967184609344,0.329764340126052
"BR00117010","E23","sample",-40.1331696657747,-4.08767792905225,-4.34784650639013,-297.823452148438,-9.14658424862066,-8.69309102689277
"BR00117010","E24","negcon",3.98209565162659,0.405587812826315,0.431402274258963,2.19999999999982,0.0675651470755721,0.0642152259038034
"BR00117010","F01","negcon",2.25820369014145,0.230004494047414,0.244643597968087,-5.03265686035184,-0.154560091341176,-0.146896907810839
"BR00117010","F02","sample",-3.15841802978515,-0.321693895064648,-0.342168757436365,36.7042480468747,1.1272399625389,1.0713507181634
"BR00117010","F03","negcon",20.1315819702148,2.05045910855955,2.18096474976282,1.90424804687473,0.0584821815252147,0.0555825993213396
"BR00117010","F04","sample",7.43183197021485,0.75695330745279,0.805131140572059,7.00424804687464,0.215110477018596,0.204445168461984
"BR00117010","F05","sample",8.64716651725769,0.880738601406243,0.936795001375001,9.50424804687441,0.291889053240837,0.277417016079942
"BR00117010","F06","negcon",12.8936463680416,1.3132546998548,1.39683946677471,-27.2592041015628,-0.837169151947854,-0.795661795154492
"BR00117010","F07","sample",-45.4554180297851,-4.62976412238507,-4.92443487826093,160.804248046875,4.93852848621125,4.69367323391916
"BR00117010","F08","sample",14.0548319702148,1.43152476915322,1.52263707522986,-19.4957519531256,-0.598742430937232,-0.569056416288445
"BR00117010","F09","negcon",-0.511340855598441,-0.0520815262552,-0.055396360942908,13.6401855468746,0.418909610278523,0.398139816482917
"BR00117010","F10","sample",0.0702500000000086,0.00715516309594762,0.00761056800690273,13.5722167968745,0.416822192737478,0.396155894375801
"BR00117010","F11","sample",-3.43567358207702,-0.349933164757248,-0.372205372895559,-37.2457519531251,-1.14387032211517,-1.08715653437598
"BR00117010","F12","sample",0.721831970214851,0.0735206473274851,0.0782000184893386,1.36049804687468,0.0417828411968745,0.039711222464431
"BR00117010","F13","poscon_cp",-4.11416802978516,-0.419039761668935,-0.445710399750906,18.2433105468745,0.560278163747731,0.53249923090949
"BR00117010","F14","sample",8.36983197021485,0.852491285872691,0.90674982798094,-32.1103481292728,-0.986154724546507,-0.937260572259633
"BR00117010","F15","sample",-0.893418029785153,-0.0909971774515612,-0.0967888779255819,21.8391181945797,0.670710560371681,0.637456322002233
"BR00117010","F16","poscon_diverse",-3.07916802978515,-0.313622056269577,-0.333583170040679,-1.5957519531255,-0.0490078251859385,-0.0465779873438173
"BR00117010","F17","sample",4.14858197021485,0.422544919769272,0.449438650769065,-24.7695617675784,-0.760708674465471,-0.722992274746994
"BR00117010","F18","sample",-0.0704180297851451,-0.00717227740936583,-0.007628771595614,0.0042480468746362,0.000130463596303974,0.000123995131683969
"BR00117010","F19","poscon_diverse",-14.0301937312931,-1.42901529416557,-1.51996787960161,-0.130440902710234,-0.00400602671649457,-0.00380740547028836
"BR00117010","F20","sample",3.01970697021486,0.307565777563765,0.327141427156378,-0.0869552612307416,-0.00267052046093197,-0.00253811442884399
"BR00117010","F21","sample",0.468581970214856,0.047726411682667,0.0507640562438178,-2.27373675443232e-13,-6.98297082838029e-15,-6.63675087871201e-15
"BR00117010","F22","poscon_diverse",-21.3522930297852,-2.17479201566633,-2.31321107767225,-78.3080957031252,-2.40495363790457,-2.28571457076057
"BR00117010","F23","sample",-1.89258334718645,-0.192765018103798,-0.205033939821954,-26.6592041015629,-0.818742293654517,-0.778148551726183
"BR00117010","F24","sample",2.88958197021485,0.294312174747251,0.313044271826867,3.4042480468745,0.104549327258556,0.0993657078921116
"BR00117010","G01","sample",10.6363717199266,1.08334483139061,1.1522965170276,-0.993154907226881,-0.0305012078980072,-0.0289889394204774
"BR00117010","G02","sample",-11.68825,-1.19048163781067,-1.26625226344014,-1.55625000000032,-0.0477946636983587,-0.0454249751421922
"BR00117010","G03","sample",-25.06725,-2.55317099098749,-2.71567275261223,45.9437499999997,1.41099828452434,1.34104012959913
"BR00117010","G04","negcon",1.44800000000001,0.147482934703643,0.156869786106674,15.9437499999997,0.489655369857372,0.465377958183559
"BR00117010","G05","sample",-2.18266545295714,-0.222310708893905,-0.236460126207052,-20.2562500000006,-0.622098413840777,-0.591254395324574
"BR00117010","G06","sample",-42.5135856021732,-4.33013008935292,-4.60573002765239,-610.239702148438,-18.7413341940981,-17.8121274222431
"BR00117010","G07","sample",2.22575000000001,0.22669899303635,0.241127711620808,-1.95625000000041,-0.0600792358939211,-0.0571004707610691
"BR00117010","G08","sample",-1.629,-0.165918301541598,-0.176478509370007,-15.5562500000005,-0.477754690542951,-0.4540673218028
"BR00117010","G09","negcon",4.13882717418672,0.421551365939393,0.448381860184501,25.6796874999995,0.788659937632883,0.749557697250765
"BR00117010","G10","negcon",2.28641802978517,0.232878205104998,0.247700212211907,18.4117187499996,0.565450220571771,0.537414854003917
"BR00117010","G11","sample",3.19249444770814,0.325164675533896,0.345860442789171,4.69374999999968,0.14415177685726,0.137004643902719
"BR00117010","G12","sample",7.105427357601e-15,7.23708065623304e-16,7.69769937695701e-16,-2.27373675443232e-13,-6.98297082838029e-15,-6.63675087871201e-15
"BR00117010","G13","negcon",4.06000000000001,0.413522593160767,0.439842079829486,-21.5171875000005,-0.660823608222872,-0.628059570966884
"BR00117010","G14","sample",-0.696999999999996,-0.0709914402544463,-0.0755098348869826,9.4291538238524,0.289582802230379,0.275225110400202
"BR00117010","G15","sample",5.84975000000001,0.595813741217289,0.633735518838062,9.17862014770481,0.281888554650243,0.267912348304597
"BR00117010","G16","sample",9.72000000000001,0.990009755054839,1.05302093988734,19.4437499999995,0.597145376568512,0.567538544848703
"BR00117010","G17","poscon_orf",-2.06324999999999,-0.210147904024371,-0.223523194878862,71.2699401855468,2.18880181395641,2.08027968598447
"BR00117010","G18","negcon",-1.19024999999999,-0.121230361209261,-0.128946314166759,2.54374999999959,0.0781222013061241,0.0742488549512669
"BR00117010","G19","sample",3.22497429849208,0.3284728410811,0.349379163262411,1.10906105041477,0.0340608513577583,0.0323720935879544
"BR00117010","G20","sample",15.326875,1.56108598400269,1.66044447716417,-2.54745330810579,-0.0782359351956065,-0.07435694984519
"BR00117010","G21","poscon_cp",-9.41524999999999,-0.958970097353915,-1.02000570002822,-31.2604980468752,-0.960054612814969,-0.912454519975302
"BR00117010","G22","sample",8.160875,0.831208421788391,0.884112372716367,2.54140624999945,0.0780502213909115,0.074180443844121
"BR00117010","G23","sample",-9.56741531740128,-0.974468569432958,-1.0364906038912,-43.4197021484379,-1.33348116438044,-1.26736635551728
"BR00117010","G24","sample",3.30675000000001,0.33680192978679,0.358238373762599,32.9437499999995,1.01174968816865,0.961586521985711
"BR00117010","H01","sample",-50.8806282800734,-5.18233727783866,-5.51217767629024,-181.622842407227,-5.57789729978579,-5.30134175203269
"BR00117010","H02","sample",-4.36524999999999,-0.444613177289416,-0.472911487432427,4.36406249999959,0.134026602117948,0.127381481498097
"BR00117010","H03","poscon_cp",-1.86424999999999,-0.189879185788166,-0.201964432837959,59.5640624999996,1.82929756510517,1.73859987690275
"BR00117010","H04","negcon",-5.53899999999999,-0.564162966383616,-0.600070266053083,20.6640624999998,0.634622919087006,0.603157927967231
"BR00117010","H05","poscon_diverse",-9.39466545295713,-0.956873502459285,-1.01777566308642,40.4640624999995,1.2427092427672,1.1810949611015
"BR00117010","H06","sample",10.7868143978268,1.09866784771754,1.16859479790019,-0.199389648437773,-0.00612354132820265,-0.00581993241696026
"BR00117010","H07","poscon_cp",-1.19824999999999,-0.122045184052927,-0.1298129980679,-2.13593750000018,-0.0655976960598881,-0.0623453223086037
"BR00117010","H08","sample",2.35000000000001,0.239354210327045,0.254588395960417,-11.2359375000005,-0.34507171350888,-0.327962847638005
"BR00117010","H09","sample",0.0358271741867142,0.00364909999391934,0.00388135438637872,-2.27373675443232e-13,-6.98297082838029e-15,-6.63675087871201e-15
"BR00117010","H10","negcon",10.4314180297852,1.06246971281299,1.13009275906195,-19.2679687500004,-0.591746882927913,-0.562407711813091
"BR00117010","H11","poscon_orf",2.51849444770814,0.256515850954991,0.27284232411797,10.3140624999999,0.316759613526905,0.301054478828861
"BR00117010","H12","sample",7.105427357601e-15,7.23708065623304e-16,7.69769937695701e-16,-14.7796875000001,-0.453905345303903,-0.431400441636458
"BR00117010","H13","negcon",8.50800000000001,0.86656409423936,0.92171832886435,20.5031249999995,0.62968029824269,0.598460365276816
"BR00117010","H14","sample",0.69700000000001,0.0709914402544478,0.0755098348869841,5.34946632385231,0.164289763157696,0.156144176568633
"BR00117010","H15","sample",1.46375000000001,0.149087117177112,0.158576070037048,-5.30106735229515,-0.162803361506984,-0.154731471617699
"BR00117010","H16","sample",-6.886,-0.701358762685968,-0.74599816790784,5.4640624999995,0.167809175655734,0.159489094449999
"BR00117010","H17","negcon",12.59575,1.28291310413909,1.36456671847592,-30.6097473144532,-0.940069126930591,-0.893459926661871
"BR00117010","H18","negcon",1.75075000000001,0.178318886693649,0.189668354990511,-12.5359375000003,-0.38499657314444,-0.365908208399338
"BR00117010","H19","poscon_cp",-39.3146257015079,-4.00430688897351,-4.25916914686428,-466.230626449585,-14.3186094760022,-13.6086840912429
"BR00117010","H20","sample",9.90987500000001,1.00934906598499,1.0735911406035,17.3728591918943,0.533545357465292,0.507091853455707
"BR00117010","H21","poscon_orf",4.67875000000002,0.476544047475601,0.506874662808426,-31.7401855468752,-0.974786502127612,-0.926455993236997
"BR00117010","H22","sample",2.72587500000001,0.27763815237244,0.295308997378128,14.7617187499995,0.453353499287287,0.430875956481686
"BR00117010","H23","sample",-6.56541531740128,-0.668706297347091,-0.711267469987719,7.50061035156205,0.230354473436313,0.218933358246365
"BR00117010","H24","sample",-40.92455,-4.16828227584665,-4.4335810808093,-401.1059375,-12.3185371182159,-11.7077765399643
"BR00117010","I01","sample",16.5996217199266,1.69071887170242,1.79832811371311,3.36309509277339,0.103285461169267,0.0981645050538336
"BR00117010","I02","negcon",1.82600000000001,0.185983314066888,0.197820600435627,35.8999999999999,1.10254035455147,1.04787573179397
"BR00117010","I03","sample",12.958,1.31980930102887,1.4038112488745,-153.17,-4.70406980798465,-4.47083915985745
"BR00117010","I04","sample",23.75525,2.41954004462618,2.57353659282497,8.29999999999973,0.254904873057853,0.242266534091634
"BR00117010","I05","poscon_diverse",-48.0352154529571,-4.89252385643915,-5.20391849011973,-637.5,-19.5785369366731,-18.6078211425809
"BR00117010","I06","poscon_diverse",-28.6599356021732,-2.91909627833281,-3.10488809927068,7.63654785156245,0.234529308518411,0.222901202460604
"BR00117010","I07","sample",-29.45,-2.99956659324743,-3.19048011107841,-305.41,-9.37957798561462,-8.91453279240101
"BR00117010","I08","sample",-0.656749999999995,-0.066891862822249,-0.0711493315093626,7.19999999999959,0.22112229952006,0.210158921139726
"BR00117010","I09","negcon",10.4110771741867,1.06039793858782,1.12788912255162,24.1359374999997,0.741249166815651,0.704497581346678
"BR00117010","I10","negcon",4.73166802978516,0.481933899914446,0.512607563370292,38.4679687499997,1.18140634831475,1.12283150151904
"BR00117010","I11","sample",10.1787444477081,1.03673418697956,1.10271924333319,0.749999999999773,0.0230335728666672,0.0218915542853827
"BR00117010","I12","sample",4.76825000000001,0.48565987803912,0.51657068895245,4.15624999999977,0.127644382969479,0.121315696664859
"BR00117010","I13","sample",8.67725,0.883802690025679,0.940054110147882,-10.7609375000002,-0.330483784026641,-0.314098196590581
"BR00117010","I14","poscon_diverse",-31.11575,-3.16922798722712,-3.37093994961928,58.1854038238523,1.78695698500475,1.69835856856955
"BR00117010","I15","sample",4.35300000000001,0.443365479810054,0.471584377708806,-14.2651298522951,-0.438102543873878,-0.416381152732862
"BR00117010","I16","poscon_cp",0.0732500000000087,0.00746072166232258,0.00793557446983094,-2.27373675443232e-13,-6.98297082838029e-15,-6.63675087871201e-15
"BR00117010","I17","poscon_diverse",-27.7626,-2.82770008494706,-3.00767480923006,-349.953809814453,-10.7475821044419,-10.2147104332426
"BR00117010","I18","poscon_cp",-16.504,-1.68097952648406,-1.78796888805562,65.5999999999997,2.01466984007176,1.91478128149538
"BR00117010","I19","sample",-18.7717757015079,-1.91195895722163,-2.03364947454282,-274.724688949585,-8.43718818825957,-8.01886725556873
"BR00117010","I20","sample",-34.219075,-3.4853104998923,-3.70714017680816,-725.281203308106,-22.2744232603019,-21.1700437791892
"BR00117010","I21","negcon",16.565,1.68719255066702,1.79457735280183,-2.10424804687523,-0.0646244676230099,-0.0614203471307914
"BR00117010","I22","negcon",8.04312500000001,0.819215248058175,0.871355869046436,15.2976562499998,0.46981290656494,0.446519296314795
"BR00117010","I23","sample",9.27283468259872,0.944464690615594,1.00457706716975,3.13654785156223,0.0963278713183586,0.091551876748261
"BR00117010","I24","sample",1.4210854715202e-14,1.44741613124661e-15,1.5395398753914e-15,-2.27373675443232e-13,-6.98297082838029e-15,-6.63675087871201e-15
"BR00117010","J01","sample",-2.7173782800734,-0.276772737185885,-0.294388501081515,4.4630950927733,0.137068034707053,0.130272118005735
"BR00117010","J02","sample",-4.32399999999999,-0.440411747001761,-0.468442648567165,-11.1000000000001,-0.340896878426782,-0.323995003423766
"BR00117010","J03","sample",7.105427357601e-15,7.23708065623304e-16,7.69769937695701e-16,-13.2,-0.405390882453467,-0.385291355422854
"BR00117010","J04","poscon_cp",-5.25975,-0.535720556496881,-0.56981758112885,-53.4000000000001,-1.63999038810721,-1.55867866511972
"BR00117010","J05","sample",1.63158454704286,0.166181545037979,0.176758507534231,6.29999999999973,0.193482012080055,0.183889055997262
"BR00117010","J06","poscon_diverse",-3.2219356021732,-0.328163341184152,-0.349049964614908,-63.7634521484376,-1.95826682838898,-1.86117476550846
"BR00117010","J07","sample",1.4210854715202e-14,1.44741613124661e-15,1.5395398753914e-15,-12.6000000000001,-0.386964024160131,-0.367778111994545
"BR00117010","J08","sample",7.60325000000001,0.774412723263448,0.82370179641959,1.99999999999977,0.0614228609777909,0.0583774780943649
"BR00117010","J09","poscon_cp",-2.15592282581328,-0.219586895956846,-0.233562950654575,-1.16406250000045,-0.0357500245534979,-0.033977516547128
"BR00117010","J10","sample",-6.52733197021484,-0.664827399690742,-0.707141691999208,-51.2320312500001,-1.57340896653948,-1.49539839101352
"BR00117010","J11","sample",-3.23225555229186,-0.329214457571925,-0.350167981443461,9.74999999999977,0.299436447266758,0.284590205710055
"BR00117010","J12","sample",0.395250000000011,0.0402573411199008,0.0428196014907904,17.6562499999998,0.542248694569615,0.515363673801867
"BR00117010","J13","sample",5.33225,0.54310488851761,0.577671903982949,2.03906249999977,0.0626225262312635,0.0595176632133956
"BR00117010","J14","negcon",10.67825,1.08761025379777,1.15683342092099,-13.0145961761477,-0.399696865804851,-0.379879651590078
"BR00117010","J15","sample",7.105427357601e-15,7.23708065623304e-16,7.69769937695701e-16,20.0348701477051,0.615299521895361,0.584792596585616
"BR00117010","J16","sample",11.00025,1.12040687325535,1.19171744794194,-18.7000000000003,-0.574303750142418,-0.545829420182382
"BR00117010","J17","poscon_cp",2.90000000000001,0.295373280829119,0.314172914163919,-48.8738098144534,-1.50098461284425,-1.42656488091587
"BR00117010","J18","sample",7.105427357601e-15,7.23708065623304e-16,7.69769937695701e-16,-4.40000000000032,-0.135130294151165,-0.128430451807627
"BR00117010","J19","negcon",0.577224298492084,0.0587919430413425,0.0625338758563728,9.86531105041468,0.302977814576177,0.287955989869872
"BR00117010","J20","poscon_diverse",2.79312500000001,0.284487756902012,0.302594558922102,52.5087966918941,1.61262025965883,1.53266556432143
"BR00117010","J21","sample",-38.5317,-3.92456367066322,-4.17435050920339,17.1957519531247,0.528106140812738,0.501922316479893
"BR00117010","J22","poscon_cp",0.429125000000013,0.0437076065985515,0.0464894661346881,25.7976562499998,0.792282926698378,0.753001056310246
"BR00117010","J23","negcon",6.19883468259872,0.631369012936728,0.671553778156002,-20.2634521484379,-0.622319602121879,-0.591464616955889
"BR00117010","J24","sample",-2.39699999999999,-0.244141294533584,-0.259680163879624,-2.27373675443232e-13,-6.98297082838029e-15,-6.63675087871201e-15
"BR00117010","K01","sample",-51.8214782800734,-5.27816553689661,-5.61410511983891,-712.212842407227,-21.8730752028907,-20.788594803079
"BR00117010","K02","sample",6.67900000000002,0.680275221606099,0.723572721965797,-6.33593750000023,-0.194585704113265,-0.184938026306785
"BR00117010","K03","poscon_orf",-21.818,-2.22222560038955,-2.36366366938909,202.9640625,6.23331669721328,5.9242650562692
"BR00117010","K04","poscon_cp",2.71325000000001,0.276352260072279,0.293941261846639,92.6640624999998,2.84584591428773,2.70474713936461
"BR00117010","K05","negcon",0.429584547042865,0.0437544127770833,0.0465392513876701,-19.1359375000004,-0.587692014371177,-0.558553886110769
"BR00117010","K06","negcon",-1.8899356021732,-0.192495337713673,-0.20474709507479,39.7006103515623,1.21926253517887,1.15881075556575
"BR00117010","K07","sample",5.36800000000002,0.546746128100246,0.581544897666178,11.1640624999998,0.342864329442466,0.325864907018966
"BR00117010","K08","sample",-15.62475,-1.59142540332233,-1.69271491054575,-84.7759375000005,-2.60359031166251,-2.47450271716805
"BR00117010","K09","sample",20.0720771741867,2.04439837517062,2.17451826866803,-2.27373675443232e-13,-6.98297082838029e-15,-6.63675087871201e-15
"BR00117010","K10","poscon_cp",13.8656680297852,1.41225788167071,1.50214390749899,-6.56796875000032,-0.201711715718895,-0.19171072591383
"BR00117010","K11","poscon_diverse",-40.8635555522919,-4.16206981718048,-4.42697321757334,-527.0859375,-16.1875631312074,-15.3849738851288
"BR00117010","K12","sample",3.93425000000001,0.400714596586884,0.426218892258413,24.8203124999998,0.762267302056492,0.724473624632097
"BR00117010","K13","negcon",3.30525000000001,0.336649150503602,0.358075870531135,11.7031249999995,0.359419709940381,0.341599461661583
"BR00117010","K14","sample",-33.22075,-3.38362824796687,-3.59898615110723,15.7494663238524,0.483688640242248,0.459707062659368
"BR00117010","K15","sample",7.105427357601e-15,7.23708065623304e-16,7.69769937695701e-16,8.99893264770481,0.276370094484269,0.262667496757056
"BR00117010","K16","negcon",0.388250000000006,0.0395443711316921,0.0420612530772907,52.3640624999996,1.6081752655851,1.52844095576301
"BR00117010","K17","sample",-29.964,-3.051918960953,-3.24616455172677,-247.379747314453,-7.59738591400921,-7.22070288992033
"BR00117010","K18","sample",10.479,1.0673160723477,1.13524757500817,-4.93593750000036,-0.151589701428811,-0.144073791640729
"BR00117010","K19","negcon",7.81522429849209,0.796002910848639,0.846666135414455,39.4293735504148,1.21093246501439,1.15089369535707
"BR00117010","K20","poscon_diverse",-2.93587499999999,-0.299027252018684,-0.3180594497831,20.4728591918943,0.628750791980876,0.59757694450198
"BR00117010","K21","sample",-31.477,-3.20602233126143,-3.41007614453022,-143.360185546875,-4.40279637329851,-4.18450304568387
"BR00117010","K22","sample",1.77312500000001,0.180597844334529,0.192092361526518,-5.4382812500005,-0.167017396588473,-0.158736572271468
"BR00117010","K23","sample",9.41983468259873,0.959437060367967,1.02050238385324,0.200610351562091,0.00616103086735273,0.00585556320191006
"BR00117010","K24","sample",7.105427357601e-15,7.23708065623304e-16,7.69769937695701e-16,37.8640624999996,1.16285952349606,1.10520423957882
"BR00117010","L01","sample",-38.6906282800734,-3.94075096980178,-4.19156808192536,-317.505967407226,-9.75106244783764,-9.2675988285738
"BR00117010","L02","negcon",15.90375,1.6198423499952,1.72294051159807,6.76093749999995,0.207638062071039,0.197343240401831
"BR00117010","L03","sample",23.11575,2.35440514356059,2.50425604847744,10.1609375,0.312056925733298,0.296584953162266
"BR00117010","L04","sample",-36.472,-3.71477734427573,-3.95121190530566,-311.3590625,-9.56228220505749,-9.08817842528891
"BR00117010","L05","negcon",23.2513345470429,2.36821481683292,2.51894466649815,2.36093749999986,0.0725077679198806,0.0689127885942112
"BR00117010","L06","negcon",19.5048143978268,1.98662104160315,2.11306357916951,7.89748535156241,0.242543072411606,0.230517639055727
"BR00117010","L07","sample",9.96275000000002,1.01473453571735,1.07931937951261,16.3609375000001,0.502467794764473,0.477555135254819
"BR00117010","L08","poscon_orf",8.85900000000001,0.902314446505229,0.959744085026949,-55.3390625000002,-1.69954177128959,-1.61527745442841
"BR00117010","L09","poscon_diverse",-13.1471728258133,-1.33907709351307,-1.42430537920773,-184.873125,-5.67771812770303,-5.39621340246276
"BR00117010","L10","sample",14.1384180297852,1.44003824799697,1.53169241175355,25.2289062499999,0.77481580060782,0.736399960977162
"BR00117010","L11","sample",-34.6204055522919,-3.52618716262589,-3.75061851789663,-509.4490625,-15.6459094706035,-14.8701757431459
"BR00117010","L12","poscon_diverse",-39.63,-4.03642866181309,-4.2933353752814,-194.1328125,-5.9620963767082,-5.66649200455875
"BR00117010","L13","sample",16.914,1.72273919722197,1.83238643798914,-2.27373675443232e-13,-6.98297082838029e-15,-6.63675087871201e-15
"BR00117010","L14","sample",-10.893,-1.10948315450744,-1.18009846689226,406.846341323853,12.4948331312303,11.8753316892042
"BR00117010","L15","negcon",10.19175,1.0380588396173,1.1041282061828,26.1958076477051,0.804510725673063,0.764622593559138
"BR00117010","L16","sample",7.105427357601e-15,7.23708065623304e-16,7.69769937695701e-16,51.9609374999998,1.59579472016926,1.51667424533462
"BR00117010","L17","sample",15.58675,1.58755499481492,1.68859816201533,1.28712768554692,0.0395295324450116,0.0375696341338373
"BR00117010","L18","negcon",16.89375,1.72067667689894,1.83019264436438,13.3609374999999,0.410333503297769,0.389988918113255
"BR00117010","L19","sample",14.2059742984921,1.44691904686888,1.53901115306723,-0.173751449585097,-0.00533615556627814,-0.00507158572100966
"BR00117010","L20","sample",-13.922125,-1.41800818529762,-1.50826020089805,420.369734191894,12.9101558712713,12.2700624746621
"BR00117010","L21","sample",-28.97535,-2.95122213540414,-3.13905867186878,-115.273310546875,-3.54020826408561,-3.36468258065795
"BR00117010","L22","sample",9.798875,0.998043399029113,1.06156590147516,-2.54140625000014,-0.0780502213909325,-0.074180443844141
"BR00117010","L23","sample",-12.7064153174013,-1.29418468271661,-1.37655569960173,43.2974853515623,1.32972771171862,1.2637990013261
"BR00117010","L24","sample",18.51875,1.8861875670187,2.00623781178381,20.9609375,0.643740375013405,0.611823334871871
"BR00117010","M01","negcon",21.9180371728838,2.23241467209974,2.37450124529585,-2.43690490722656,-0.0748408356663453,-0.0711301814198426
"BR00117010","M02","sample",-1.81558454704283,-0.184922470442307,-0.196692237260491,-2.27373675443232e-13,-6.98297082838029e-15,-6.63675087871201e-15
"BR00117010","M03","sample",19.2244154529572,1.95806160840068,2.08268642274255,-2.27373675443232e-13,-6.98297082838029e-15,-6.63675087871201e-15
"BR00117010","M04","negcon",-3.92533454704284,-0.399806532245491,-0.425253032314742,20.8999999999999,0.641868897217983,0.610044646086179
"BR00117010","M05","sample",7.105427357601e-15,7.23708065623304e-16,7.69769937695701e-16,-25.4000000000003,-0.780070334418043,-0.741393971798528
"BR00117010","M06","sample",0.383479850783957,0.0390585178130752,0.0415444766358414,42.6365478515625,1.30942937562987,1.24450706911211
"BR00117010","M07","sample",3.02541545295718,0.308147202831405,0.327759858417968,-2.27373675443232e-13,-6.98297082838029e-15,-6.63675087871201e-15
"BR00117010","M08","sample",-0.0863345470428385,-0.00879342014101347,-0.00935309525430015,31.0999999999997,0.955125488204747,0.907769784367468
"BR00117010","M09","sample",16.0744926271439,1.63723297411826,1.7414379973711,46.8359374999995,1.43839863891365,1.36708195771779
"BR00117010","M10","poscon_diverse",-41.0069165172577,-4.17667154082351,-4.44250429762184,-372.33203125,-11.4348492965249,-10.8679024990649
"BR00117010","M11","sample",-0.0148400993347053,-0.0015115064925248,-0.00160770939809186,-76.3500000000003,-2.34481771782744,-2.22856022625264
"BR00117010","M12","sample",-44.4553345470428,-4.52790276397107,-4.8160903464746,212.55625,6.52790649685602,6.20424891409838
"BR00117010","M13","sample",-0.210334547042841,-0.021423174217845,-0.022786695721999,43.1390624999997,1.32486231932501,1.25917483805273
"BR00117010","M14","sample",14.5806654529572,1.48508241086612,1.57960350200163,-26.1145961761476,-0.802016605209424,-0.762252133108209
"BR00117010","M15","sample",-15.2445845470428,-1.55270446639204,-1.65152950081472,-95.885129852295,-2.9447695003778,-2.79876603376416
"BR00117010","M16","poscon_cp",-46.4873345470428,-4.73486776626237,-5.03622805736463,-482.21,-14.809358896052,-14.0751018559435
"BR00117010","M17","negcon",12.5554154529572,1.27880491534916,1.36019705565319,-37.0738098144532,-1.13858973307524,-1.08213776015907
"BR00117010","M18","poscon_cp",4.33241545295716,0.441268884915424,0.469354340767015,14.1999999999998,0.436102312942359,0.414480094470033
"BR00117010","M19","sample",-37.3005602485508,-3.79916857150987,-4.04097438387379,4.86531105041468,0.149420662131682,0.142012294633943
"BR00117010","M20","poscon_cp",-41.5491595470428,-4.23190054175949,-4.50124846067449,-227.071203308106,-6.97368147642753,-6.62792209849077
"BR00117010","M21","sample",2.03941545295717,0.207720287349504,0.220941067602235,-2.10424804687523,-0.0646244676230099,-0.0614203471307914
"BR00117010","M22","negcon",7.65154045295716,0.779331243788509,0.828933366189192,21.2976562499998,0.654081489498333,0.62165173059791
"BR00117010","M23","negcon",9.27225013555587,0.94440515283013,1.00451373998082,0.636547851562227,0.0195492950961113,0.0185800291302966
"BR00117010","M24","sample",0.256415452957164,0.0261166460673248,0.0277788931352459,3.29999999999973,0.101347720613358,0.0963228388557051
"BR00117010","N01","sample",0.678922528684154,0.069150198181462,0.0735514032166334,21.4412536621094,0.658491571438722,0.625843157987827
"BR00117010","N02","sample",22.1123008087576,2.2522009781252,2.39554689101949,9.87815856933571,0.303372380260475,0.288330992747062
"BR00117010","N03","sample",-32.0800991912424,-3.26744970601408,-3.47541318951041,-194.341841430664,-5.96851595418246,-5.67259329546922
"BR00117010","N04","poscon_diverse",-9.05644919124245,-0.922425210441207,-0.981134839444861,49.6781585693357,1.52568731371865,1.45004280682505
"BR00117010","N05","sample",1.68988535580041,0.172119648885465,0.183074554080946,-40.5218414306644,-1.24448371638003,-1.1827814552311
"BR00117010","N06","poscon_cp",-33.8482347934156,-3.44753936593293,-3.66696502219032,-22.0852935791017,-0.678270958581509,-0.644641871060888
"BR00117010","N07","negcon",5.07530080875757,0.516933879681862,0.549835188050295,17.2781585693358,0.53063696587833,0.504327661696239
"BR00117010","N08","negcon",10.3765508087575,1.05688132968026,1.12414869191632,12.4781585693356,0.383222099531609,0.364221714269742
"BR00117010","N09","poscon_cp",-26.5356220170557,-2.7027288737997,-2.8747495511209,769.114096069336,23.6205940994657,22.44947064768
"BR00117010","N10","sample",14.5539688385427,1.48236328445694,1.57671131126063,-7.65387268066434,-0.235061378803105,-0.223406892376296
"BR00117010","N11","poscon_cp",7.06204525646569,0.719289474746891,0.765070116614241,20.9281585693357,0.642733687162807,0.610866559218464
"BR00117010","N12","sample",-31.3884491912424,-3.19700317853633,-3.40048294948231,743.434408569336,22.8319341618328,21.6999129504292
"BR00117010","N13","sample",13.4075508087576,1.36559733457442,1.45251355496143,-0.0827789306642899,-0.00254225937504172,-0.00241621260576504
"BR00117010","N14","poscon_cp",1.74955080875755,0.178196745641364,0.189538440022483,-110.106437606811,-3.38152620494188,-3.21386807472046
"BR00117010","N15","sample",-36.9544991912424,-3.7639212646601,-4.00348369047613,-321.886971282959,-9.8856093438388,-9.39547480746727
"BR00117010","N16","sample",9.21355080875755,0.93842645878224,0.998154519787822,42.9781585693356,1.31992072944303,1.25447825520891
"BR00117010","N17","negcon",22.4923008087576,2.29090506319936,2.43671437632373,-4.69565124511723,-0.14421016681453,-0.13706013885032
"BR00117010","N18","poscon_diverse",-25.0266991912424,-2.54904077532439,-2.71127966097117,525.678158569336,16.1443282264345,15.3438825932855
"BR00117010","N19","poscon_cp",-31.4473748927504,-3.2030049294948,-3.40686669408986,-358.336530380249,-11.0050274444062,-10.4593914763431
"BR00117010","N20","poscon_cp",29.2824258087576,2.98249868336827,3.17232587935382,0.0869552612300595,0.00267052046091102,0.00253811442882408
"BR00117010","N21","poscon_diverse",-27.9896991912424,-2.85083078604738,-3.03227771085658,-233.666089477539,-7.17621986460229,-6.82041850993626
"BR00117010","N22","negcon",-0.591574191242451,-0.060253520593488,-0.0640884784851047,14.4758148193357,0.444572980594202,0.422530781256975
"BR00117010","N23","sample",9.24613549135626,0.941745301749122,1.00168459726684,11.4147064208983,0.350561962796605,0.333180887019835
"BR00117010","N24","sample",-0.692699191242447,-0.0705533906017098,-0.0750439046729754,-82.7218414306643,-2.54050608301157,-2.41454624302234
"BR00117010","O01","sample",-2.57537828007339,-0.262309631710804,-0.279004861836247,-2.77406311035202,-0.0851954463853947,-0.0809714042284896
"BR00117010","O02","sample",1.4210854715202e-14,1.44741613124661e-15,1.5395398753914e-15,27.7628417968747,0.852636586019014,0.810362344417277
"BR00117010","O03","sample",5.20200000000001,0.529838554094165,0.563561206717484,-8.73715820312532,-0.268330626825796,-0.255026630805003
"BR00117010","O04","sample",5.98325,0.609411097420973,0.648198306438366,-24.0371582031253,-0.738215513305948,-0.701614338226945
"BR00117010","O05","sample",-9.12841545295714,-0.929755179693509,-0.988931339501547,11.3628417968746,0.348969126001069,0.331667024043428
"BR00117010","O06","sample",2.0520643978268,0.20900861850301,0.222311397212852,0.199389648437091,0.00612354132818171,0.00581993241694035
"BR00117010","O07","negcon",-16.824,-1.71357244023072,-1.82263624410129,12.3628417968748,0.379680556489975,0.36085576309062
"BR00117010","O08","sample",2.97325000000001,0.302834002491441,0.322108488633749,4.16284179687455,0.127846826480996,0.121508102903689
"BR00117010","O09","sample",-1.28592282581328,-0.13097491170811,-0.139311076405399,14.4987792968745,0.445278252549849,0.423201085399211
"BR00117010","O10","sample",7.57866802978517,0.771908979404275,0.821038696689147,8.6308105468745,0.265064538173192,0.251922476818419
"BR00117010","O11","sample",-1.90025555229186,-0.193546454101447,-0.205865111903344,23.6128417968746,0.725184149490081,0.689229077371454
"BR00117010","O12","sample",-6.43874999999999,-0.655805073082236,-0.697545121059629,-19.9809082031254,-0.613642273385356,-0.583217515466801
"BR00117010","O13","sample",4.72325,0.481076499543494,0.511695592008526,-3.59809570312541,-0.110502666078942,-0.105023876545328
"BR00117010","O14","sample",1.02025,0.103915375781348,0.110529281267496,-28.7517543792728,-0.883007506052933,-0.839227455725375
"BR00117010","O15","sample",3.96100000000001,0.403439160470394,0.429116866552856,2.99771194457958,0.0920640220116977,0.0874994316889651
"BR00117010","O16","sample",-42.01975,-4.2798315231446,-4.55223010687562,-220.347158203125,-6.7671764325817,-6.43165570057999
"BR00117010","O17","sample",1.4210854715202e-14,1.44741613124661e-15,1.5395398753914e-15,18.7890319824216,0.577038049681841,0.548428151484133
"BR00117010","O18","negcon",-0.224999999999987,-0.02291689247812,-0.0243754847196129,4.36284179687459,0.133989112578777,0.127345850713128
"BR00117010","O19","sample",4.96622429849208,0.505824125647894,0.538018331120316,-18.7718471527103,-0.576510278978697,-0.547926547974118
"BR00117010","O20","sample",-9.313875,-0.948644764131829,-1.00902318996843,32.1716384887691,0.988037039161817,0.939049560569079
"BR00117010","O21","sample",7.105427357601e-15,7.23708065623304e-16,7.69769937695701e-16,19.1585937499997,0.588387820218169,0.559215193479785
"BR00117010","O22","sample",-51.500975,-5.24552136263738,-5.57938324070106,-252.979501953125,-7.76936238934968,-7.3841526667968
"BR00117010","O23","sample",3.01783468259872,0.307375079723822,0.326938591964476,-0.200610351562773,-0.00616103086737367,-0.00585556320192997
"BR00117010","O24","sample",-1.40999999999999,-0.143612526196225,-0.152753037576249,-13.4371582031254,-0.412674350123623,-0.392213704326778
"BR00117010","P01","sample",-8.99862828007338,-0.916535985533435,-0.974870782837413,32.128224945068,0.986703747132166,0.937782373970876
"BR00117010","P02","sample",1.78975000000001,0.182291148056524,0.193893439008578,26.2651298522944,0.806639709740644,0.766646021299071
"BR00117010","P03","sample",12.98675,1.3227375706233,1.40692589414423,3.46512985229447,0.10641909459375,0.101142771023237
"BR00117010","P04","sample",1.4210854715202e-14,1.44741613124661e-15,1.5395398753914e-15,-5.73487014770558,-0.176126065904121,-0.167393628210874
"BR00117010","P05","negcon",-4.41866545295714,-0.450053693698701,-0.478698276576197,8.16512985229451,0.250762817891576,0.238329844545011
"BR00117010","P06","sample",7.7738143978268,0.791785194221635,0.842179973632645,-15.2983222961429,-0.469833361794767,-0.44653873736186
"BR00117010","P07","sample",-23.19525,-2.36250244556952,-2.51286871974504,-50.8348701477055,-1.56121158095346,-1.48380575923895
"BR00117010","P08","sample",-8.67399999999999,-0.883471668245438,-0.939702019813042,16.3651298522943,0.502596547900542,0.477677504731929
"BR00117010","P09","sample",11.1418271741867,1.13482691271399,1.20705528014654,-18.2989326477057,-0.561986398031056,-0.534122769895909
"BR00117010","P10","negcon",6.80741802978517,0.693354964632048,0.737484951844691,39.6330986022945,1.21718915278404,1.15684017273376
"BR00117010","P11","sample",-8.67950555229186,-0.88403242446724,-0.940298466505324,4.81512985229438,0.147879525753761,0.140547568736935
"BR00117010","P12","sample",5.80800000000001,0.591561384501904,0.629212512228978,-24.2786201477056,-0.745631155032642,-0.708662307917126
"BR00117010","P13","sample",1.4210854715202e-14,1.44741613124661e-15,1.5395398753914e-15,-15.1958076477056,-0.466684990295189,-0.443546464040108
"BR00117010","P14","sample",8.41600000000001,0.857193631537195,0.911751464001219,-5.34946632385277,-0.16428976315771,-0.156144176568647
"BR00117010","P15","sample",5.88875,0.599786002580163,0.637960602856128,-2.27373675443232e-13,-6.98297082838029e-15,-6.63675087871201e-15
"BR00117010","P16","sample",1.4210854715202e-14,1.44741613124661e-15,1.5395398753914e-15,12.8651298522943,0.395106541189396,0.375516918066779
"BR00117010","P17","sample",-30.66925,-3.12375068726498,-3.3225681543868,357.491320037841,10.9790698257269,10.4347208522185
"BR00117010","P18","sample",0.216750000000019,0.0220766064205921,0.0234817169465638,-20.4348701477056,-0.627584094090937,-0.596468092204506
"BR00117010","P19","sample",9.30197429849208,0.947432643701291,1.00773392166728,0.130440902709779,0.00400602671648061,0.00380740547027509
"BR00117010","P20","sample",-2.79312499999999,-0.28448775690201,-0.3025945589221,23.473926544189,0.72091786336338,0.68517431631114
"BR00117010","P21","sample",3.36575000000002,0.342811248258832,0.364630167533522,43.5608818054195,1.33781699360228,1.27148721168369
"BR00117010","P22","sample",-7.31212499999999,-0.744760810718143,-0.792162627579598,32.4627861022943,0.996978598856606,0.947547792284478
"BR00117010","P23","sample",-12.2174153174013,-1.2443786363975,-1.32357964614443,-66.7983222961432,-2.05147203197307,-1.94975879829193
"BR00117010","P24","sample",-9.14824999999998,-0.931775384946544,-0.991080124827606,-11.0348701477055,-0.338896647495284,-0.322093945160957
"BR00117011","A01","sample",-4.73328759765625,-0.507544302271617,-0.512783020045377,36.1724134178828,1.24155702645685,1.0558271359615
"BR00117011","A02","negcon",-2.257408203125,-0.242058959604447,-0.244557418494247,5.9666666666044,0.204795760760221,0.174159476313058
"BR00117011","A03","sample",-2.8128056640625,-0.301613510427543,-0.304726673260445,16.6166666666043,0.570339032065097,0.485019547165582
"BR00117011","A04","sample",4.87719975280761,0.522975816386853,0.528373813551416,20.6369791666043,0.708329471775699,0.602367399616223
"BR00117011","A05","sample",3.273591796875,0.35102301100185,0.354646163657694,4.36666666660403,0.149878461784828,0.12745749383755
"BR00117011","A06","sample",11.9148984375,1.2776191366636,1.29080633244017,10.7208509181346,0.367975109463554,0.312928119813213
"BR00117011","A07","sample",2.324591796875,0.249262969398998,0.251835785884744,-7.10000000018636,-0.24369551420965,-0.207240047240458
"BR00117011","A08","sample",-2.397283203125,-0.257057574798544,-0.259710844828273,14.7999999999067,0.507985015519073,0.431993337895627
"BR00117011","A09","negcon",-6.5923861541748,-0.706893034047307,-0.71418936874171,25.7777191876896,0.884776694708605,0.752419118601106
"BR00117011","A10","sample",16.4504582748413,1.76396134713787,1.78216841915132,-56.0407703956591,-1.92350483914319,-1.63575942308215
"BR00117011","A11","sample",-0.494400123596193,-0.0530138852956838,-0.0535610784804198,-4.7066350816749e-11,-1.61547303717724e-12,-1.37380743189339e-12
"BR00117011","A12","sample",1.498591796875,0.160692058583449,0.162350673091848,16.789035735218,0.576255309362078,0.490050782929156
"BR00117011","A13","sample",3.574591796875,0.383298851383787,0.387255145438156,10.5369791666042,0.361664021993602,0.307561135239642
"BR00117011","A14","sample",-33.9318069335937,-3.63846373574547,-3.67601885074986,-728.239061974772,-24.9955764325122,-21.256379943949
"BR00117011","A15","sample",-15.197283203125,-1.62958500632279,-1.64640508665522,-161.611297470145,-5.54703496310451,-4.71722998893318
"BR00117011","A16","sample",-8.040408203125,-0.862162564018877,-0.871061543532156,-80.2833333333956,-2.75558988713141,-2.34336926650672
"BR00117011","A17","negcon",10.501716796875,1.1260854985789,1.13770861027531,4.39166666660435,0.150736544581329,0.128187212313739
"BR00117011","A18","sample",-14.295408203125,-1.53287811747076,-1.54870001873743,-59.3833333333957,-2.0382326692655,-1.73332462042054
"BR00117011","A19","sample",-3.4403861541748,-0.368908154034462,-0.372715911691825,6.89035120091103,0.236499673091129,0.201120663146855
"BR00117011","A20","sample",0.00279589843749761,0.00029980057040791,0.000302895020625852,-18.7166666667913,-0.642417986976704,-0.546315899170132
"BR00117011","A21","sample",8.71583300781251,0.934587491547432,0.944234019113973,14.2999999999067,0.490823359589267,0.417398968372034
"BR00117011","A22","sample",7.5733984375,0.812085711354032,0.820467812839255,-45.0225872876533,-1.54532430420078,-1.31415255156846
"BR00117011","A23","sample",0.0717958984374931,0.00769858125596781,0.00777804366797376,-24.3856770833959,-0.836997199441219,-0.711787164876181
"BR00117011","A24","sample",-25.245408203125,-2.70703244365752,-2.73497360842533,-270.921297470145,-9.29891618247882,-7.90785105418106
"BR00117011","B01","sample",4.41313287353515,0.473214525616282,0.478098901886595,37.472413417976,1.28617733187754,1.09377249672556
"BR00117011","B02","sample",-48.7683877319336,-5.22937109010073,-5.28334706648877,-252.193333333303,-8.65611042891433,-7.36120539610571
"BR00117011","B03","negcon",19.5926148071289,2.10089072484942,2.12257547932649,14.5166666666971,0.498260077163096,0.423723195169202
"BR00117011","B04","sample",-12.278379776001,-1.31659477009639,-1.3301842604957,-49.0630208333027,-1.68400536483615,-1.43208771196991
"BR00117011","B05","sample",-0.677987731933598,-0.0726997468996695,-0.0734501315548151,6.66666666669698,0.228822079065128,0.19459159364879
"BR00117011","B06","sample",-9.17968109130859,-0.984325321130113,-0.994485227431667,205.420850918227,7.05072392853342,5.99597561230299
"BR00117011","B07","sample",-2.3729877319336,-0.254452402871044,-0.257078783109243,22.4999999999065,0.772274516838089,0.656746628558952
"BR00117011","B08","sample",9.64713726806641,1.03445004188289,1.04512732029233,-4.54747350886464e-13,-1.5608435141809e-14,-1.3273501757424e-14
"BR00117011","B09","sample",0.583034317016597,0.0625180151269752,0.0631633070464393,-4.12228081221724,-0.141490329890632,-0.12032417890703
"BR00117011","B10","sample",3.36687874603272,0.36102604980827,0.364752450785399,1.25922960443381,0.0432209304158391,0.0367553243243095
"BR00117011","B11","sample",-3.00497965240478,-0.322220078445137,-0.325545935999755,4.61568561149761e-11,1.58425616689362e-12,1.34726042837854e-12
"BR00117011","B12","sample",-40.1711877319336,-4.30750446242102,-4.35196521212669,-520.760964264689,-17.8742409807698,-15.2003558918829
"BR00117011","B13","sample",1.02701226806641,0.110125196127584,0.111261874876041,14.1369791666973,0.485227944691406,0.412640595812229
"BR00117011","B14","negcon",15.1643135375977,1.62604971176463,1.6428333018629,-33.5290619746786,-1.15082845051719,-0.978671040475813
"BR00117011","B15","sample",-22.5348627319336,-2.41638416134471,-2.44132534302602,-43.9112974700524,-1.50718115722485,-1.28171540307671
"BR00117011","B16","sample",-37.1998877319336,-3.9888958095079,-4.03006797769385,-112.903333333303,-3.87521631998881,-3.2955059342232
"BR00117011","B17","sample",6.55413726806641,0.702791655499727,0.710045657013366,-30.9083333333028,-1.06087636405983,-0.90217527604921
"BR00117011","B18","sample",7.90101226806641,0.847215318338339,0.855960016932169,22.8166666666971,0.783143565597884,0.665989729260843
"BR00117011","B19","sample",-0.646965682983399,-0.0693732927460573,-0.0700893427541186,-48.3096487989958,-1.65814714155632,-1.41009773225508
"BR00117011","B20","sample",4.29721636962891,0.460784948946148,0.465541030910071,50.3833333333018,1.72932286252576,1.47062596899312
"BR00117011","B21","sample",11.8602534790039,1.27175962849716,1.28488634421428,-4.54747350886464e-13,-1.5608435141809e-14,-1.3273501757424e-14
"BR00117011","B22","sample",13.3688189086914,1.43352114681711,1.44831751568044,30.0774127124394,1.03235641645935,0.8779217508779
"BR00117011","B23","sample",-2.2737836303711,-0.243814875471493,-0.246331458390311,36.0143229166972,1.23613083688261,1.05121267357656
"BR00117011","B24","sample",12.6730122680664,1.35891070140347,1.37293696396328,-21.9112974700522,-0.752068296313355,-0.639563144038616
"BR00117011","C01","sample",21.7586206054687,2.33314872290113,2.35723077372662,0.116289111971582,0.00399142745607809,0.00339433254336748
"BR00117011","C02","sample",-1.20950000000001,-0.129693119408483,-0.131031772303883,-41.2894576393073,-1.41719093106823,-1.20518720443357
"BR00117011","C03","negcon",14.8631025390625,1.59375124628288,1.61020146145324,-3.53945763930733,-0.121485908367836,-0.10331230540231
"BR00117011","C04","sample",-33.2298920440674,-3.56319831070873,-3.59997655890932,425.380854860693,14.6004797404924,12.4163307681976
"BR00117011","C05","sample",2.4025,0.257616965174765,0.260276009061659,12.3105423606926,0.42253858460703,0.359329208495582
"BR00117011","C06","negcon",10.069806640625,1.07977233159397,1.09091741288011,9.56472661222301,0.328293094363272,0.279182309141851
"BR00117011","C07","sample",9.84249999999999,1.05539853474823,1.06629203712357,-31.156124306098,-1.06938137089508,-0.909407982092378
"BR00117011","C08","sample",-36.109375,-3.87196154083561,-3.91192674909921,-335.166124306005,-11.5040114093329,-9.7830765398246
"BR00117011","C09","poscon_diverse",-41.3096779510498,-4.42958329494126,-4.47530410519112,-29.4784051182219,-1.01179649199675,-0.860437474523004
"BR00117011","C10","sample",-44.4736335220337,-4.76885015535527,-4.8180727748536,-842.616894701571,-28.9214024550208,-24.5949246561942
"BR00117011","C11","sample",7.0715080795288,0.758268657921767,0.76609527616526,15.1438756940418,0.519787968209811,0.442030635796404
"BR00117011","C12","negcon",8.9935,0.964361363704163,0.974315208114895,0.132911429306432,0.0045619604377916,0.00387951702641393
"BR00117011","C13","poscon_cp",-39.2935,-4.21339114301546,-4.25688048368962,277.480854860693,9.52406191645561,8.09931626311879
"BR00117011","C14","sample",-20.9311987304688,-2.24442534626983,-2.26759162141223,327.514813719317,11.2413930899312,9.55974443174081
"BR00117011","C15","negcon",11.578625,1.24156097123691,1.25437598560731,-11.0674217760568,-0.379870569101471,-0.323044086146463
"BR00117011","C16","sample",1.2095,0.129693119408482,0.131031772303882,27.0605423606928,0.928807434536332,0.789863109441579
"BR00117011","C17","sample",8.47062499999999,0.908294154269925,0.917669290013701,-0.164457639307102,-0.00564473084163344,-0.0048003111180512
"BR00117011","C18","negcon",10.0845,1.08134788150049,1.09250922513311,-14.3394576393073,-0.492177676451656,-0.418550687111915
"BR00117011","C19","sample",7.6525220489502,0.82057003379127,0.829039707869765,7.23422689499967,0.248302625780275,0.211157961046278
"BR00117011","C20","sample",-37.4196958984375,-4.01246555467974,-4.0538810025999,-491.642790972703,-16.8748088380867,-14.3504331301323
"BR00117011","C21","negcon",12.8417412109375,1.37700328754274,1.39121629626866,-11.8561243060049,-0.406941452001344,-0.346065318478972
"BR00117011","C22","sample",-37.251693359375,-3.9944508598806,-4.03568036560535,-500.418711593565,-17.1760274984117,-14.6065911870335
"BR00117011","C23","sample",8.90570410156249,0.954947123158789,0.964803796644636,-12.541801389307,-0.430476160366514,-0.366079367934114
"BR00117011","C24","sample",1.7225,0.18470144537504,0.186607877464603,18.2325782239434,0.625802468385201,0.532185967936086
"BR00117011","D01","sample",5.34812060546874,0.573472049852023,0.57939125376559,24.4354342512781,0.838705030231693,0.713239513865223
"BR00117011","D02","sample",5.562,0.596406060479519,0.602561982268866,2.52968749999945,0.0868272529698464,0.0738383883084118
"BR00117011","D03","sample",-41.7033974609375,-4.47180132835119,-4.51795790028927,-327.330312500001,-11.2350603970422,-9.55435907379629
"BR00117011","D04","sample",13.5766079559326,1.45580209738811,1.47082844344013,-4.54747350886464e-13,-1.5608435141809e-14,-1.3273501757424e-14
"BR00117011","D05","poscon_diverse",-5.378,-0.576675978651358,-0.582628252542604,10.2296874999993,0.351116754288862,0.298591678971737
"BR00117011","D06","sample",5.357306640625,0.574457056511314,0.580386427363747,-13.1161282484702,-0.450188960262925,-0.382843244754019
"BR00117011","D07","poscon_cp",13.635,1.46206340069008,1.47715437400863,-28.1369791667912,-0.965754310729213,-0.821282942475571
"BR00117011","D08","poscon_diverse",-23.891875,-2.56189483031627,-2.58833792882416,-144.616979166698,-4.96373367613375,-4.22118726668905
"BR00117011","D09","sample",6.29202204895019,0.674685379839025,0.68164927693183,-1.259259978915,-0.0432219729686293,-0.0367562109171145
"BR00117011","D10","sample",-1.36913352203369,-0.146810415344582,-0.148325747757529,65.222250437736,2.2386436419602,1.90375524809727
"BR00117011","D11","poscon_diverse",-43.0384919204712,-4.61496177908447,-4.66259600961196,-210.066979166652,-7.21019443734384,-6.131590237326
"BR00117011","D12","sample",0,0,0,-12.8479434313867,-0.440983969150155,-0.375015268111752
"BR00117011","D13","sample",0,0,0,-4.54747350886464e-13,-1.5608435141809e-14,-1.3273501757424e-14
"BR00117011","D14","negcon",4.85530126953125,0.520627670370791,0.526001430687035,-10.0660411413764,-0.34549986928716,-0.293815048113873
"BR00117011","D15","negcon",1.09412500000001,0.117321607501287,0.118532565417103,6.45172336325004,0.221444513028783,0.188317669654537
"BR00117011","D16","poscon_cp",-23.467,-2.51633603402964,-2.54230888851195,-111.4903125,-3.82671676526324,-3.2542616378517
"BR00117011","D17","sample",2.912125,0.312263394259964,0.315486481951586,67.0546874999995,2.30153895071139,1.95724177532808
"BR00117011","D18","sample",-1.983,-0.21263452318067,-0.214829271995534,-38.1203125000004,-1.30841537412342,-1.11268385395969
"BR00117011","D19","sample",1.79402204895019,0.192370662104958,0.194356253514829,22.8533720343064,0.784403415377261,0.667061112657623
"BR00117011","D20","sample",9.38520410156249,1.00636328748815,1.01675066296933,32.846354166604,1.12739565751165,0.958743660420447
"BR00117011","D21","negcon",13.2222412109375,1.41780381001891,1.43243794931672,-17.636979166698,-0.605359536200075,-0.514801182477399
"BR00117011","D22","negcon",14.165806640625,1.51898110968173,1.53465957026474,-4.35956645425813,-0.14963475898221,-0.127250247592205
"BR00117011","D23","sample",-0.0717958984375002,-0.00769858125596857,-0.00777804366797453,10.0773437499995,0.345887812247756,0.294144957007524
"BR00117011","D24","sample",-1.417,-0.151943075817958,-0.153511385989749,53.5517233632502,1.83807250161657,1.56310727877699
"BR00117011","E01","sample",2.91506423950195,0.312578565107171,0.315804905896329,-21.9460457908924,-0.753260973766151,-0.640577403707948
"BR00117011","E02","sample",2.04894363403319,0.219705573699807,0.221973307745454,-6.75179254217119,-0.231743881036352,-0.19707631061417
"BR00117011","E03","sample",7.06254617309569,0.757307684295344,0.76512438366162,-2.20179254217123,-0.0755728120751137,-0.0642675479494759
"BR00117011","E04","sample",14.1505515899658,1.51734533034587,1.53300690691256,-27.2814800421711,-0.936390747479251,-0.796312001771939
"BR00117011","E05","poscon_diverse",-43.6430563659668,-4.67978844201939,-4.72809179362618,533.548207457829,18.3131415167126,15.5735993965803
"BR00117011","E06","poscon_diverse",-42.2829497253418,-4.53394596748376,-4.58074397746795,-110.517608290641,-3.79333033533824,-3.22586962851461
"BR00117011","E07","negcon",4.3819436340332,0.469870143836219,0.474720000415944,-26.0184592089618,-0.893039689535818,-0.759446016260232
"BR00117011","E08","sample",9.39906863403321,1.00784996335857,1.01825268385548,-4.1184592088689,-0.141359159807103,-0.120212631124153
"BR00117011","E09","poscon_orf",-0.583034317016605,-0.062518015126976,-0.0631633070464401,1.25925997891432,0.0432219729686059,0.0367562109170946
"BR00117011","E10","poscon_diverse",-8.11218988800049,-0.869859621172989,-0.878838047366959,-1.25922960443449,-0.0432209304158625,-0.0367553243243294
"BR00117011","E11","sample",7.09595171356201,0.76088971715901,0.768743389178008,8.38154079117771,0.287682238439661,0.244646606967029
"BR00117011","E12","sample",-1.6550563659668,-0.17746955179752,-0.179301338483218,-32.0294234735575,-1.09935589056653,-0.934898483601476
"BR00117011","E13","poscon_diverse",-45.5540563659668,-4.88470249839774,-4.93512091051144,15.118519957829,0.51891767536835,0.441290533828741
"BR00117011","E14","negcon",-3.46675509643555,-0.371735661580802,-0.375572603910266,-23.747521183547,-0.815093575475652,-0.693160198844068
"BR00117011","E15","sample",0.5510686340332,0.0590903763174345,0.0597002891926,-18.4297566789207,-0.632570285987385,-0.537941358404147
"BR00117011","E16","sample",5.2379436340332,0.561657915819403,0.567455177838122,32.798207457829,1.12574310301135,0.957338318702033
"BR00117011","E17","negcon",2.1500686340332,0.230549076552377,0.232928733933325,27.2732074578289,0.936106804986989,0.796070535466329
"BR00117011","E18","sample",0.625943634033199,0.0671191256483233,0.0678119088298493,10.6982074578286,0.367197910913891,0.312267185759217
"BR00117011","E19","sample",0.646965682983392,0.0693732927460566,0.0700893427541179,11.7718919921358,0.40405032002376,0.343606683450108
"BR00117011","E20","poscon_diverse",-15.0128522644043,-1.60980871549342,-1.62642467097251,5.36487412443353,0.184140247660501,0.156593910839089
"BR00117011","E21","poscon_diverse",-35.4298151550293,-3.79909321828993,-3.8383063019119,254.881540791131,8.74837861183271,7.43967078209696
"BR00117011","E22","poscon_cp",-0.877249725341805,-0.0940663525256826,-0.0950372767793557,3.15895350357096,0.108425746253084,0.0922058694779259
"BR00117011","E23","sample",-40.7653522644043,-4.37121595614405,-4.41633431649192,-262.024136292171,-8.99353614470197,-7.64815413829642
"BR00117011","E24","negcon",-0.860056365966805,-0.0922227308551949,-0.0931746258072484,-25.3297566789206,-0.869401137818711,-0.739343657829725
"BR00117011","F01","negcon",-3.42648735046387,-0.36741780330332,-0.371210178014151,48.9539238346736,1.68026079452925,1.42890330814609
"BR00117011","F02","sample",7.44639204406738,0.798466980184873,0.806708513272987,-18.6518229166052,-0.640192334716919,-0.544423191867108
"BR00117011","F03","negcon",3.34899458312988,0.359108354169677,0.362814961276238,27.1981770833947,0.933531514046342,0.793880493446357
"BR00117011","F04","sample",0,0,0,-3.98151041660503,-0.136658623701433,-0.116215268563936
"BR00117011","F05","sample",3.60739204406738,0.386815979433187,0.390808576212545,-7.85182291660522,-0.269500566633098,-0.229184810157503
"BR00117011","F06","negcon",15.7426986846924,1.68806920241882,1.70549293881872,2.50236133492513,0.085889328484073,0.073040772006897
"BR00117011","F07","sample",-46.6296079559326,-5.00003250318271,-5.0516413164953,265.481510416604,9.11220467499025,7.749070529403
"BR00117011","F08","sample",9.84051704406738,1.05518590495034,1.06607721262564,3.98151041669735,0.136658623704601,0.116215268566631
"BR00117011","F09","negcon",-6.17458590698242,-0.662092854346592,-0.668926775224871,13.2592296044804,0.455100672732797,0.387020192891899
"BR00117011","F10","sample",0.0272585220336907,0.00292289603391004,0.00295306527693999,13.9407400211317,0.478492367299092,0.406912622601471
"BR00117011","F11","sample",0.494400123596186,0.053013885295683,0.053561078480419,-16.4184895832561,-0.56353693822991,-0.479235007994601
"BR00117011","F12","sample",0.352392044067386,0.0377865427447959,0.0381765639354588,14.3705461520085,0.493244737168352,0.419458121596516
"BR00117011","F13","poscon_cp",-5.59960795593262,-0.600438712913978,-0.606636258514073,-9.18151041660508,-0.315139845371423,-0.267996711609304
"BR00117011","F14","sample",3.71669331359863,0.398536213084129,0.402649782547182,-10.6475515579809,-0.36545923266589,-0.310788603917362
"BR00117011","F15","sample",3.86951704406739,0.414923303885398,0.419206015910897,5.17021294664528,0.177458831348315,0.15091199651801
"BR00117011","F16","poscon_diverse",-12.2776079559326,-1.31651200882952,-1.33010064499223,44.4981770833949,1.52732480921766,1.29884567896268
"BR00117011","F17","sample",-2.65748295593261,-0.284958457486379,-0.287899711933204,-19.0268229166049,-0.653063576664266,-0.555368969009796
"BR00117011","F18","sample",5.13339204406739,0.550446984160219,0.556128530355352,-10.2018229166051,-0.350160349503186,-0.297778346918387
"BR00117011","F19","poscon_diverse",-19.3615859069824,-2.07611779493333,-2.09754685076956,22.8718616177018,0.785038039114296,0.667600800282443
"BR00117011","F20","sample",-0.770403854370123,-0.0826094080839846,-0.0834620772450263,31.7648437499995,1.09027463820312,0.927175735093365
"BR00117011","F21","sample",5.51563325500489,0.591434214431372,0.597538818339414,24.3815104166972,0.836854185640705,0.711665545129217
"BR00117011","F22","poscon_diverse",-15.0978013153076,-1.6189176922627,-1.63562766782691,-80.0910768708626,-2.74899100861087,-2.3377575427917
"BR00117011","F23","sample",-4.05440385437012,-0.434748477234423,-0.439235818663752,12.995833333395,0.446060040377673,0.379331987869185
"BR00117011","F24","sample",-1.12460795593262,-0.120590255408432,-0.121834951312854,-6.32978705335449,-0.217259255037228,-0.184758502524619
"BR00117011","G01","sample",-2.18087939453125,-0.233852874518759,-0.236266632696525,24.172413418069,0.829677284147881,0.705562267400709
"BR00117011","G02","sample",-2.785,-0.298631945062111,-0.301714333085004,10.3666666667903,0.355818332948898,0.3025899281261
"BR00117011","G03","sample",-29.7473974609375,-3.18977492434308,-3.22269881003278,108.01666666679,3.70748973604013,3.15287029608379
"BR00117011","G04","negcon",13.3546079559326,1.43199732474761,1.44677796518345,23.4369791667903,0.804434744988998,0.68409586895377
"BR00117011","G05","sample",0,0,0,-25.5333333332098,-0.876388562811217,-0.745285803667872
"BR00117011","G06","sample",-42.605793359375,-4.56856407246841,-4.61571939999329,-647.369149081679,-22.2198531922229,-18.8958891597438
"BR00117011","G07","sample",-5.865,-0.628896358272632,-0.635387635024613,-4.54747350886464e-13,-1.5608435141809e-14,-1.3273501757424e-14
"BR00117011","G08","sample",4.13312500000001,0.443189643782707,0.44776411236336,28.0000000000928,0.961052732072353,0.81728469332391
"BR00117011","G09","negcon",5.7010220489502,0.611313214836617,0.617623003734977,13.6777191878757,0.469464621213673,0.39923537613559
"BR00117011","G10","negcon",13.5568664779663,1.45368524425939,1.46868974079786,-7.24077039547296,-0.248527220387673,-0.211348957574049
"BR00117011","G11","sample",18.9160080795288,2.02833906125684,2.04927495954958,-1.19999999986067,-0.0411879742267534,-0.0350264868525559
"BR00117011","G12","sample",9.472,1.01567029932794,1.02615373895194,-8.61096426459585,-0.295556811865708,-0.25134318886393
"BR00117011","G13","negcon",-5.087,-0.545472425325299,-0.551102625638569,-11.4630208332098,-0.393448838911504,-0.334591123793016
"BR00117011","G14","sample",7.08130126953125,0.759318769009304,0.767156226179753,-21.8290619745853,-0.749245701756515,-0.637162793621017
"BR00117011","G15","sample",-3.773875,-0.404667731300278,-0.408844588427708,13.9887025300409,0.480138599449953,0.408312587758071
"BR00117011","G16","sample",2.868,0.307531927625901,0.310706178559351,3.51666666679057,0.120703646710559,0.102647065652887
"BR00117011","G17","poscon_orf",-8.074875,-0.865858394033541,-0.874795520779092,114.191666666791,3.91943618677324,3.33311075970017
"BR00117011","G18","negcon",2.654,0.284584984630105,0.287522384203807,-0.583333333209794,-0.0200219319138674,-0.0170267644405857
"BR00117011","G19","sample",2.92002204895019,0.313110184596857,0.316342012600544,-13.3096487989028,-0.456831226466667,-0.388491865600863
"BR00117011","G20","sample",15.5442041015625,1.66678488520361,1.6839889313609,2.48333333339497,0.0852362244534881,0.0724853686356437
"BR00117011","G21","poscon_cp",-3.2167587890625,-0.344928881139452,-0.348489132042124,9.27684595808387e-11,3.18412076892904e-12,2.7077943585145e-12
"BR00117011","G22","sample",10.851806640625,1.16362517936365,1.17563576421673,-9.42258728746742,-0.323414401992171,-0.275033441483217
"BR00117011","G23","sample",-3.1627958984375,-0.339142510227956,-0.342643035971654,-38.0856770832095,-1.30722657191152,-1.11167288981719
"BR00117011","G24","sample",0,0,0,3.68870253004093,0.126608487295939,0.107668575572059
"BR00117011","H01","sample",-43.4173676757813,-4.65558813590498,-4.70364169931948,-156.194253248722,-5.36110406493527,-4.55911329874698
"BR00117011","H02","sample",11.10251171875,1.19050796037529,1.20279602110991,-4.54747350886464e-13,-1.5608435141809e-14,-1.3273501757424e-14
"BR00117011","H03","poscon_cp",-8.0478857421875,-0.862964370853531,-0.87187162637286,19.1499999999996,0.65729142211158,0.558964352753597
"BR00117011","H04","negcon",-1.27688032531739,-0.136918224474353,-0.138331452704668,-40.3296875000001,-1.38424844126325,-1.17717272429205
"BR00117011","H05","poscon_diverse",-5.32248828125001,-0.570723528904841,-0.576614363421937,-4.54747350886464e-13,-1.5608435141809e-14,-1.3273501757424e-14
"BR00117011","H06","sample",0.00281835937499864,0.000302209027662434,0.000305328337242938,9.85418425153011,0.338228239187357,0.2876312126408
"BR00117011","H07","poscon_cp",-8.31048828125001,-0.891122901201282,-0.900320800498415,52.933333333209,1.81684730776459,1.54505725356074
"BR00117011","H08","sample",7.28363671875,0.781014937323563,0.789076335738277,-9.36666666669794,-0.321495021086117,-0.27340118907622
"BR00117011","H09","sample",2.97653376770019,0.319169863048963,0.322464237208853,-14.0889474789149,-0.483579338092505,-0.411238611411552
"BR00117011","H10","negcon",2.2433781967163,0.240554540177853,0.243037470908329,-9.50743706226376,-0.326326727273723,-0.27751009941796
"BR00117011","H11","poscon_orf",6.5795197982788,0.705513391358946,0.712795485801532,2.43333333334863,0.083520058858917,0.0710259316819318
"BR00117011","H12","sample",-2.03548828125,-0.218262773637638,-0.220515615540282,-8.57763093138669,-0.29441270147465,-0.250370230899315
"BR00117011","H13","negcon",-1.06148828125001,-0.11382201439509,-0.114996850576263,-11.1296875000003,-0.382007734962548,-0.324861544114233
"BR00117011","H14","sample",4.81481298828125,0.516286164380877,0.521615112994,7.60427135862392,0.261003777307173,0.221959092330862
"BR00117011","H15","sample",-0.763363281250008,-0.0818544565417182,-0.0826993333227743,-25.47796413675,-0.874488108613709,-0.743669646641152
"BR00117011","H16","sample",-9.06348828125001,-0.971866116508919,-0.981897422693391,6.34999999999968,0.217953030308533,0.18534849294962
"BR00117011","H17","negcon",13.43463671875,1.44057870539431,1.45544792022871,-22.1750000000002,-0.761119440486928,-0.64726028837135
"BR00117011","H18","negcon",2.10751171875,0.225985753612748,0.22831830976355,-25.5500000000004,-0.87696061801313,-0.745772282655609
"BR00117011","H19","poscon_cp",-39.5923662322998,-4.24543818224888,-4.28925830270577,-445.586315465693,-15.293998066105,-13.0061026851251
"BR00117011","H20","sample",6.02871582031248,0.64645139376899,0.653123868252996,-2.48333333339565,-0.0852362244535116,-0.0724853686356636
"BR00117011","H21","poscon_orf",2.51175292968749,0.269332015406833,0.272111978475751,22.433333333302,0.76998629604958,0.654800712624287
"BR00117011","H22","sample",0.0893183593749924,0.0095774920610092,0.00967634801833844,-0.689253954257765,-0.0236574784224608,-0.0201184538080708
"BR00117011","H23","sample",5.58171582031249,0.59852016237123,0.604697905276696,18.9476562499997,0.650346314477487,0.553058193837019
"BR00117011","H24","sample",-33.66348828125,-3.60969227396958,-3.64695041870456,-363.87796413675,-12.4894968419068,-10.6211389402088
"BR00117011","I01","sample",14.6261206054687,1.56833998029592,1.58452790811484,-7.54425324872182,-0.258943757003779,-0.220207239382825
"BR00117011","I02","negcon",6.302,0.675755302614515,0.682730243124486,-8.15000000000055,-0.279734991655866,-0.23788822323458
"BR00117011","I03","sample",9.7086025390625,1.04104088333041,1.05178619039879,-168.080000000001,-5.7690622573638,-4.90604325905101
"BR00117011","I04","sample",11.1266079559326,1.19309176869792,1.20540649871544,8.52031249999959,0.292445343078846,0.248697178162963
"BR00117011","I05","poscon_diverse",-44.5382,-4.77577353521196,-4.82506761572945,-546.480000000001,-18.7570034650414,-15.9510621145061
"BR00117011","I06","poscon_diverse",-32.632693359375,-3.49916146877041,-3.53527874818358,-51.0958157484702,-1.75377761865607,-1.49142243228518
"BR00117011","I07","sample",-28.133,-3.01666517430247,-3.04780227385293,-293.236666666791,-10.0648535586777,-8.55920854240357
"BR00117011","I08","sample",-0.557874999999996,-0.0598202141298111,-0.0604376601686877,13.1833333333018,0.452495661348151,0.384804876437812
"BR00117011","I09","negcon",3.87102204895019,0.415084683610885,0.41936906134878,25.361052521085,0.870475314769228,0.740257143999922
"BR00117011","I10","negcon",4.20286647796631,0.450667932190816,0.455319589387765,28.1425629377361,0.965945964240707,0.821445925708581
"BR00117011","I11","sample",3.55700807952881,0.381413372133333,0.385350204844885,30.0833333333483,1.03255963177721,0.878094566336608
"BR00117011","I12","sample",10.259,1.10005929062556,1.11141376772677,14.2723690686134,0.489874974517516,0.416592456328884
"BR00117011","I13","sample",3.004,0.322115031585846,0.325439804878762,-1.97968750000041,-0.067949431447092,-0.0577845818324875
"BR00117011","I14","poscon_diverse",-36.5464987304687,-3.91883375263549,-3.95928276159976,277.654271358624,9.5300141449957,8.10437807202337
"BR00117011","I15","sample",7.346125,0.787715474836409,0.795846034159452,8.37203586324995,0.287355997834194,0.244369170106083
"BR00117011","I16","poscon_cp",0,0,0,-4.54747350886464e-13,-1.5608435141809e-14,-1.3273501757424e-14
"BR00117011","I17","poscon_diverse",-34.659575,-3.71650136347437,-3.75486195911478,-402.765000000001,-13.8242287011371,-11.7562024823398
"BR00117011","I18","poscon_cp",-12.802,-1.37274188893542,-1.38691091280223,29.0999999999995,0.998808375114724,0.84939230627309
"BR00117011","I19","sample",-29.5099779510498,-3.16431673761652,-3.1969778516532,-258.116315465694,-8.85940679178329,-7.53408977594921
"BR00117011","I20","sample",-38.6207958984375,-4.14125795296129,-4.18400275680759,-573.433333333396,-19.6821311306997,-16.7377959276264
"BR00117011","I21","negcon",11.7402412109375,1.25889086833774,1.27188475663019,-18.2166666666983,-0.625256331043706,-0.531721529643824
"BR00117011","I22","negcon",9.161806640625,0.982408666920218,0.992548790100514,43.360746045742,1.48828440899349,1.26564550122045
"BR00117011","I23","sample",12.6882041015625,1.36053970204476,1.37458277865326,33.7976562499996,1.16004749559274,0.986510968687725
"BR00117011","I24","sample",3.843,0.412079915574036,0.416333279011012,66.8720358632499,2.29526974162156,1.95191040436645
"BR00117011","J01","sample",-2.65300439453126,-0.284478227144416,-0.28741452479985,58.4842546597936,2.00737331156513,1.70708164763387
"BR00117011","J02","sample",0.256875000000001,0.0275443737478743,0.0278286783882264,-10.3214920914852,-0.354267791912577,-0.301271339235953
"BR00117011","J03","sample",2.31347753906249,0.248071201920193,0.250631717344838,-14.8714920914854,-0.510438860873824,-0.434080101900654
"BR00117011","J04","poscon_cp",-5.26351704406739,-0.564400119474836,-0.570225685684863,-50.6511795914853,-1.73851623317582,-1.47844406352801
"BR00117011","J05","sample",5.14387499999999,0.551571057955606,0.557264206498248,-17.3214920914854,-0.594530974929877,-0.50559251256626
"BR00117011","J06","poscon_diverse",-0.00281835937500574,-0.000302209027663196,-0.000305328337243708,-74.6673078399549,-2.56282929270851,-2.17944456389633
"BR00117011","J07","sample",0.59687499999999,0.0640021336477359,0.0646627441867536,-19.9881587582759,-0.686059806559761,-0.583429150029035
"BR00117011","J08","sample",0,0,0,7.01184124181714,0.240669613652987,0.204666804247695
"BR00117011","J09","poscon_cp",2.33989704895018,0.250904131767715,0.253493887831804,4.08956042960017,0.1403672579939,0.119369112197296
"BR00117011","J10","sample",-0.0272585220336907,-0.00292289603391004,-0.00295306527693999,-51.9289291537486,-1.78237282987987,-1.51573996206857
"BR00117011","J11","sample",-3.0791169204712,-0.330169721735717,-0.33357763308823,6.21184124186379,0.213210964166898,0.181315813011309
"BR00117011","J12","sample",1.438875,0.154288703752691,0.155881224781933,0.000876977128427825,3.01007594727763e-05,2.55978565520301e-05
"BR00117011","J13","sample",-12.581125,-1.34905774858871,-1.36298231196915,10.6488204085147,0.365502783818462,0.310825640064481
"BR00117011","J14","negcon",4.78617626953125,0.513215486097032,0.518512740103731,-33.817220732861,-1.16071901343936,-0.987082031272559
"BR00117011","J15","sample",0,0,0,24.9005437717653,0.85466912935225,0.726815474287086
"BR00117011","J16","sample",4.566875,0.489700094831428,0.494754630128394,-3.67149209148511,-0.126017768046147,-0.107166224572165
"BR00117011","J17","poscon_cp",0,0,0,6.40350790851494,0.219789598939457,0.186910321328233
"BR00117011","J18","sample",-1.49512500000001,-0.160320318442008,-0.161975095961838,-27.5714920914852,-0.946344921490904,-0.804777087799908
"BR00117011","J19","negcon",9.57289704895019,1.0264893592845,1.03708446995167,16.5021924428215,0.566409897582315,0.481678188919959
"BR00117011","J20","poscon_diverse",-3.27092089843751,-0.350736614019641,-0.354356810573025,66.6951745751192,2.28919927647316,1.94674804637965
"BR00117011","J21","sample",-29.6328837890625,-3.17749577153581,-3.21029291554844,-138.818158758183,-4.7646989548344,-4.0519270110034
"BR00117011","J22","poscon_cp",-0.0893183593749995,-0.00957749206100996,-0.00967634801833921,0.689253954257083,0.0236574784224374,0.0201184538080509
"BR00117011","J23","negcon",-2.42692089843751,-0.260235586503511,-0.262921659002561,51.826164158515,1.77884559490022,1.51274038143951
"BR00117011","J24","sample",6.45587499999999,0.692255119686841,0.699400366285511,21.9005437717653,0.751699193773411,0.639249257145528
"BR00117011","K01","sample",-49.2173793945312,-5.2775158849008,-5.33198879720381,-547.910760102719,-18.8061118902433,-15.9928241977835
"BR00117011","K02","sample",0,0,0,19.513493146002,0.669767710720651,0.569574259337701
"BR00117011","K03","poscon_orf",-17.7383974609375,-1.90206539893881,-1.92169793893123,242.963493146002,8.33931174575121,7.09179799943136
"BR00117011","K04","poscon_cp",0.630607955932618,0.067619274848043,0.0683172204173455,58.883805646002,2.02108722466858,1.71874403710636
"BR00117011","K05","negcon",10.763,1.15410255824183,1.16601485349871,-18.4865068539982,-0.634518139944657,-0.539597824455365
"BR00117011","K06","negcon",15.085306640625,1.61757790446974,1.63427405115223,-0.332322602467684,-0.0114064123224966,-0.00970007772291089
"BR00117011","K07","sample",0,0,0,29.9468264792113,1.02787426445169,0.874110103393051
"BR00117011","K08","sample",-9.82587499999999,-1.05361585751783,-1.06449095964151,-91.7431735206956,-3.14892955574144,-2.67786755125627
"BR00117011","K09","sample",13.9390220489502,1.49466329146917,1.51009075093579,-6.27545433291266,-0.215394376129322,-0.183172598925919
"BR00117011","K10","poscon_cp",2.75486647796631,0.295400766499636,0.298449803281091,-7.59394391626165,-0.260649305282261,-0.221657647310725
"BR00117011","K11","poscon_diverse",-39.0180919204712,-4.18385949113916,-4.22704401509312,-561.043173520649,-19.2568598114563,-16.3761427860992
"BR00117011","K12","sample",7.791,0.835418845234796,0.844041784224512,36.5358622146157,1.25403179285211,1.06643574804635
"BR00117011","K13","negcon",6.14400000000001,0.658813167131638,0.665613236076936,23.4838056460019,0.806041984838267,0.685462674835977
"BR00117011","K14","sample",-31.3836987304687,-3.36523339142664,-3.39996830599787,-0.0822354953741069,-0.00282259455365525,-0.00240035041489086
"BR00117011","K15","sample",3.695125,0.396223470735237,0.400313168775844,11.8355290092525,0.406234553208071,0.345464167736468
"BR00117011","K16","negcon",7.002,0.750815396525997,0.758565084474398,47.6634931460021,1.63596893956876,1.39123726351598
"BR00117011","K17","sample",-36.071075,-3.86785468141159,-3.9077774999225,-155.611506853998,-5.3411022786941,-4.54210366630071
"BR00117011","K18","sample",1.09200000000001,0.117093746501913,0.118302352505862,22.3634931460019,0.767589149520546,0.652762165622178
"BR00117011","K19","negcon",12.5610220489502,1.34690213516914,1.36080444896411,-16.2628223196912,-0.558193922196238,-0.474691276860214
"BR00117011","K20","poscon_diverse",-0.00279589843750472,-0.000299800570408672,-0.000302895020626621,-6.16984018739367,-0.211769348875887,-0.180089855192674
"BR00117011","K21","sample",-25.9157587890625,-2.77891326927764,-2.80759636604446,-118.563173520696,-4.06948077981627,-3.46070953250179
"BR00117011","K22","sample",11.574806640625,1.24115153350366,1.25396232178242,-5.87576080825579,-0.201675570634256,-0.17150604893586
"BR00117011","K23","sample",14.4232041015625,1.54658150623965,1.5625448497134,15.1611493960022,0.520380858869169,0.442534833375307
"BR00117011","K24","sample",-7.514,-0.805716493786967,-0.814032854147476,0.735529009252559,0.0252457915663679,0.021469164312708
"BR00117011","L01","sample",-35.7538793945313,-3.83384220721903,-3.87341395932591,-421.829253248722,-14.4785770107636,-12.3126639955462
"BR00117011","L02","negcon",13.132,1.4081273617794,1.42266162372433,7.97499999999945,0.273728412080396,0.232780193901291
"BR00117011","L03","sample",22.1416025390625,2.37421537990392,2.39872130826085,15.4249999999993,0.529437085434508,0.450236299802819
"BR00117011","L04","sample",-32.7512920440674,-3.51187865221439,-3.54812719452351,-394.7446875,-13.5489450139881,-11.5220996737004
"BR00117011","L05","negcon",10.569,1.13330018935779,1.14499776889602,11.4749999999992,0.393860003589035,0.334940780566434
"BR00117011","L06","negcon",28.887306640625,3.09754849899299,3.12952045159719,14.0291842515301,0.48152806620124,0.409494198162799
"BR00117011","L07","sample",12.897,1.38292861596626,1.39720278412829,16.308333333209,0.559756010906258,0.47601968595756
"BR00117011","L08","poscon_orf",17.861125,1.91522531409246,1.93499368672276,-43.6916666666982,-1.49964270066735,-1.27530465687088
"BR00117011","L09","poscon_diverse",-20.4389779510498,-2.1916451492293,-2.21426664324599,-163.303947478915,-5.60513231722469,-4.76663630833738
"BR00117011","L10","sample",25.6278664779663,2.74804294941011,2.77640741213326,2.46756293773615,0.084694932245141,0.0720250506720875
"BR00117011","L11","sample",-31.3534919204712,-3.36199435429066,-3.39669583650665,-554.301666666652,-19.0254689693028,-16.1793667017531
"BR00117011","L12","poscon_diverse",-35.352,-3.79074919994102,-3.8298761591458,-114.172630931387,-3.91878281729051,-3.3325551305869
"BR00117011","L13","sample",12.882,1.38132018538245,1.39557775181365,8.14531249999959,0.279574101131491,0.237751401020268
"BR00117011","L14","sample",-11.1926987304688,-1.20017859690273,-1.2125664750035,392.779271358624,13.4814854228337,11.4647316548306
"BR00117011","L15","negcon",17.785125,1.90707593246778,1.92676018966191,4.39703586325004,0.150920833192234,0.128343932393523
"BR00117011","L16","sample",-7.105427357601e-15,-7.61905778203922e-16,-7.69769937695701e-16,65.1249999999995,2.23530568485729,1.90091663044796
"BR00117011","L17","sample",15.253125,1.63557284991939,1.65245473495052,-4.54747350886464e-13,-1.5608435141809e-14,-1.3273501757424e-14
"BR00117011","L18","negcon",7.55399999999999,0.810005642010479,0.818366273653184,-9.87500000000068,-0.338942704613703,-0.288238798090979
"BR00117011","L19","sample",13.2930220489502,1.42539354765943,1.44010602591858,-0.00131546569355123,-4.51511392403813e-05,-3.83967848545922e-05
"BR00117011","L20","sample",-12.7017958984375,-1.36199713283028,-1.37605525259566,426.291666666604,14.6317418181521,12.4429162163214
"BR00117011","L21","sample",-21.9597587890625,-2.35471650997218,-2.37902117692982,-241.371666666698,-8.28467498907568,-7.04533459171856
"BR00117011","L22","sample",18.578806640625,1.99218138744083,2.01274407723211,9.28574604574192,0.31871755737717,0.271039218187598
"BR00117011","L23","sample",-16.8037958984375,-1.80184928315157,-1.82044742290614,-10.0773437500004,-0.345887812247788,-0.294144957007551
"BR00117011","L24","sample",19.117,2.04989116472258,2.07104951726607,30.5970358632501,1.0501916039141,0.893088895429791
"BR00117011","M01","negcon",7.29212060546875,0.781924653514769,0.789995441743059,-6.04425324872159,-0.207458789214351,-0.176424130812039
"BR00117011","M02","sample",-4.3,-0.461083434027676,-0.465842596863741,-23.9500000000005,-0.822043319037752,-0.699070300180114
"BR00117011","M03","sample",16.3206025390625,1.75003708467715,1.76810043469252,-4.54747350886464e-13,-1.5608435141809e-14,-1.3273501757424e-14
"BR00117011","M04","negcon",12.2966079559326,1.31854935423569,1.33215901925744,4.92031249999968,0.168881420384242,0.143617717593097
"BR00117011","M05","sample",4.77199999999999,0.511695383065131,0.516976947031108,9.74999999999932,0.334652290631205,0.284590205710041
"BR00117011","M06","sample",9.27930664062501,0.99500803982679,1.00527820989854,26.70418425153,0.916576044021835,0.779461465585878
"BR00117011","M07","sample",2.909,0.311928304555002,0.315147933552702,9.78333333320893,0.335796401022279,0.28556316367467
"BR00117011","M08","sample",0.850125000000006,0.0911578033378559,0.0920987064322767,-1.71666666669807,-0.0589216853600806,-0.0501073353652523
"BR00117011","M09","sample",6.22202204895019,0.667179370447877,0.674065792796839,38.3610525210852,1.31667836894421,1.11971075161334
"BR00117011","M10","poscon_diverse",-42.8671335220337,-4.59658723982842,-4.64403181395555,-281.097437062264,-9.64819499522606,-8.20487973724315
"BR00117011","M11","sample",-2.6679919204712,-0.286085320150919,-0.289038205731111,-33.6166666666516,-1.15383533368014,-0.981228110969121
"BR00117011","M12","sample",-38.681,-4.14771356084291,-4.19052499750845,173.572369068613,5.95757855375389,5.06635858654558
"BR00117011","M13","sample",4.752,0.509550808953376,0.514810237278255,-2.87968750000027,-0.0988404121207391,-0.0840544469749508
"BR00117011","M14","sample",-1.66969873046875,-0.17903963358981,-0.18088762618178,9.85427135862369,0.338231228991295,0.287633755187024
"BR00117011","M15","sample",-10.589875,-1.13553858858694,-1.14725927220056,-44.8279641367499,-1.53864419309722,-1.30847174720419
"BR00117011","M16","poscon_cp",-46.3594,-4.97105845382852,-5.02236820582439,-483.66,-16.6008130140205,-14.1174255275619
"BR00117011","M17","negcon",20.940125,2.24538249859739,2.26855865317473,-7.52500000000032,-0.2582829217436,-0.219645261330082
"BR00117011","M18","poscon_cp",0,0,0,-4.54747350886464e-13,-1.5608435141809e-14,-1.3273501757424e-14
"BR00117011","M19","sample",-41.8192779510498,-4.48422704330882,-4.53051186969386,70.5736845343065,2.42232258335296,2.05995686147028
"BR00117011","M20","poscon_cp",-42.9640958984375,-4.60698438994092,-4.65453628028626,-324.643333333396,-11.1428343731465,-9.47592954007704
"BR00117011","M21","sample",1.4482412109375,0.155293030427782,0.156895917811213,7.58333333330188,0.26028511493432,0.221347937773574
"BR00117011","M22","negcon",10.294806640625,1.10389879035123,1.11529289759973,9.16074604574214,0.314427143394726,0.267390625806706
"BR00117011","M23","negcon",5.5902041015625,0.599430349782334,0.605617487365164,40.4976562499996,1.39001368505215,1.18207552030387
"BR00117011","M24","sample",0.341000000000001,0.0365649886054507,0.0369424012861711,-12.6279641367498,-0.433433551217675,-0.368594349884811
"BR00117011","N01","sample",14.8671206054687,1.59418209834259,1.61063676063674,15.9194141114681,0.546407015170246,0.464667624283729
"BR00117011","N02","sample",11.16,1.1966723543602,1.20902404209287,4.71366736018922,0.161788674806254,0.1375860065318
"BR00117011","N03","sample",-39.8529974609375,-4.27338533153147,-4.31749391395516,-228.396332639811,-7.83931855278817,-6.66660095275768
"BR00117011","N04","poscon_diverse",-6.28839204406739,-0.674296139114165,-0.681256018582707,1.78397986018945,0.0612320970925515,0.0520721226045047
"BR00117011","N05","sample",4.89999999999999,0.525420657380374,0.530843889449378,-11.6863326398109,-0.401113639691405,-0.341109313842049
"BR00117011","N06","poscon_cp",-31.726693359375,-3.40201226150783,-3.43712679637926,-1.8321483882803,-0.0628854005040324,-0.0534781012012358
"BR00117011","N07","negcon",7.51699999999999,0.806038179903729,0.814357860610402,-31.3529993066015,-1.07613877293472,-0.915154515106989
"BR00117011","N08","negcon",16.810125,1.80252794451965,1.82113308921025,-19.5529993065084,-0.671123692988086,-0.570727394347477
"BR00117011","N09","poscon_cp",-32.2429779510498,-3.45737278998807,-3.49305873938078,715.324719881275,24.5523134413754,20.8794265826158
"BR00117011","N10","sample",9.77686647796631,1.04836073713739,1.05918159750834,16.306230297926,0.559683827770389,0.475958301009478
"BR00117011","N11","poscon_cp",11.2790080795288,1.20943343668257,1.22191684042205,51.5470006935382,1.76926378023201,1.50459195190879
"BR00117011","N12","sample",-28.591,-3.06577592146169,-3.0974199271933,633.336036428803,21.7381902902771,18.4862802964993
"BR00117011","N13","sample",0.619,0.0663745687588677,0.06705966685085,-40.2160201398106,-1.3803470010112,-1.1738549173773
"BR00117011","N14","poscon_cp",8.01530126953125,0.859470380028339,0.868341571638063,-104.612061281186,-3.59063240363113,-3.05349415792476
"BR00117011","N15","sample",-35.658175,-3.82357994887438,-3.86304577707481,-380.20429677656,-13.0498706486268,-11.0976840032298
"BR00117011","N16","sample",12.494,1.33971544761437,1.35354358260827,10.8636673601895,0.372877042742886,0.317096751672002
"BR00117011","N17","negcon",31.684125,3.39744771143305,3.43251513240822,-39.2613326398107,-1.34757896422023,-1.14598879306819
"BR00117011","N18","poscon_diverse",-28.3,-3.03457236813563,-3.06589430028927,536.763667360189,18.4235067497134,15.667454616587
"BR00117011","N19","poscon_cp",-36.5249779510498,-3.91652610731516,-3.95695129746695,-377.532648105504,-12.9581708181108,-11.0197019473446
"BR00117011","N20","poscon_cp",15.7162041015625,1.68522822256472,1.70262263523545,-16.769665973206,-0.575590474979892,-0.48948540400038
"BR00117011","N21","poscon_diverse",-24.5817587890625,-2.63587017602347,-2.66307682552906,-107.072999306508,-3.67509994694143,-3.12532583575718
"BR00117011","N22","negcon",28.286806640625,3.0331576612875,3.06446499126773,-14.6755865940684,-0.503714735390967,-0.428361867458639
"BR00117011","N23","sample",16.6082041015625,1.78087622794906,1.79925789021277,43.1613236101894,1.48143957054621,1.25982461178896
"BR00117011","N24","sample",-0.619000000000007,-0.0663745687588685,-0.0670596668508508,-162.24429677656,-5.5687615957055,-4.73570644050518
"BR00117011","O01","sample",2.18087939453125,0.233852874518759,0.236266632696525,-24.7166223173354,-0.848356335914176,-0.72144703894855
"BR00117011","O02","sample",-2.39724121093751,-0.257053072030635,-0.259706295584164,25.2776309313858,0.86761200953016,0.737822172987293
"BR00117011","O03","sample",0.633361328124998,0.0679145153842334,0.068615508336469,6.22763093138587,0.213752918604531,0.181776694138405
"BR00117011","O04","sample",-9.49263325500489,-1.01788277655418,-1.02838905269455,1.14794343138601,0.0394012203926565,0.0335070212596573
"BR00117011","O05","sample",-1.3632412109375,-0.146178590452816,-0.147687401361581,-21.2223690686144,-0.72842199194186,-0.619454192706853
"BR00117011","O06","sample",2.9550654296875,0.31686784095274,0.32013845434137,6.53181518291626,0.224193529532591,0.190655448878589
"BR00117011","O07","negcon",-7.29624121093751,-0.782366500705422,-0.7904418495459,-18.2890357354047,-0.627740277157905,-0.533833891505383
"BR00117011","O08","sample",-1.8381162109375,-0.197098822018838,-0.199133216055922,8.51096426468825,0.292124480682918,0.248424314961909
"BR00117011","O09","sample",-5.53521916198731,-0.593534385884861,-0.59966066712328,23.4886834524714,0.80620940731091,0.685605051856138
"BR00117011","O10","sample",-0.0703747329711959,-0.00754619152259063,-0.00762408101416144,3.77019386912252,0.129405539941094,0.110047205003117
"BR00117011","O11","sample",3.35176686859131,0.359405622751225,0.363115298173586,-28.2890357352653,-0.970973395749253,-0.825721281973173
"BR00117011","O12","sample",-0.874241210937505,-0.0937437534203671,-0.0947113479042857,-4.54747350886464e-13,-1.5608435141809e-14,-1.3273501757424e-14
"BR00117011","O13","sample",-0.000241210937502956,-2.58647366020693e-05,-2.61317045391429e-05,-17.552056568614,-0.602444711382111,-0.512322398922718
"BR00117011","O14","sample",3.83306005859374,0.411014068523425,0.415256430611626,-16.8180977099898,-0.577252812585427,-0.490899065326966
"BR00117011","O15","sample",1.8518837890625,0.198575101600261,0.200624733345753,9.49966679463637,0.326060025954716,0.277283295103857
"BR00117011","O16","sample",-43.8372412109375,-4.70061063159038,-4.74912890349891,-272.702369068614,-9.36004845839736,-7.95983828829312
"BR00117011","O17","sample",5.26788378906249,0.564868359888293,0.570698759133319,28.702630931386,0.985169352649341,0.837793604223909
"BR00117011","O18","negcon",-1.7632412109375,-0.189070072687949,-0.191021596418672,29.0276309313858,0.996324429003709,0.847279944414239
"BR00117011","O19","sample",3.81178083801269,0.408732325244601,0.41295113587332,0.00131546569286911,4.51511392169686e-05,3.83967848346819e-05
"BR00117011","O20","sample",0.759962890624998,0.0814898370565053,0.082330950346238,-22.1057024020095,-0.75874091741997,-0.645237578867002
"BR00117011","O21","sample",0,0,0,-10.8890357353118,-0.37374776939358,-0.317837222553498
"BR00117011","O22","sample",-40.9564345703125,-4.39170546446733,-4.43703531128238,17.0883769771281,0.5865296921606,0.498788176325328
"BR00117011","O23","sample",-1.81803710937501,-0.194945765948925,-0.196957936796721,-14.1747128186139,-0.486523088593741,-0.41374199353132
"BR00117011","O24","sample",3.64275878906249,0.390608309719868,0.394640049777927,-51.5003332053634,-1.76766199748168,-1.50322978677447
"BR00117011","P01","sample",-5.22148193359375,-0.559892748989506,-0.565671791493585,-0.116289111972264,-0.00399142745610151,-0.00339433254338739
"BR00117011","P02","sample",-3.2716025390625,-0.350809705461535,-0.35443065644253,9.27796413674901,0.318450456487943,0.270812074076715
"BR00117011","P03","sample",0,0,0,-13.472035863251,-0.462404888318257,-0.393231739246761
"BR00117011","P04","sample",2.86800541687011,0.307532508469871,0.310706765398616,-22.3517233632508,-0.767185171596659,-0.652418620504814
"BR00117011","P05","negcon",-8.03560253906251,-0.861647258881966,-0.870540919572499,-39.7220358632512,-1.36339182463311,-1.15943613923539
"BR00117011","P06","sample",7.1327041015625,0.764830628151564,0.772724977054076,1.83214838827962,0.062885400504009,0.0534781012012158
"BR00117011","P07","sample",-17.5956025390625,-1.88675368430164,-1.906228181437,-47.6887025300416,-1.63683420911894,-1.39197309364825
"BR00117011","P08","sample",-8.1884775390625,-0.878039847248704,-0.88710270724588,46.2112974700515,1.58612477450193,1.34884950288521
"BR00117011","P09","sample",-12.3525804901123,-1.32455121662425,-1.33822283104239,34.3890166578346,1.18034494329229,1.00377203331486
"BR00117011","P10","negcon",4.7682639389038,0.51129477006979,0.516572199030389,-2.62947292551439,-0.0902522192488398,-0.0767509990544798
"BR00117011","P11","sample",-4.25959445953369,-0.456750800224897,-0.461465242933855,22.5112974700978,0.772662283430688,0.657076387468259
"BR00117011","P12","sample",5.59739746093749,0.600201684396943,0.606396783460844,-45.1996667946371,-1.55140225934293,-1.31932127908841
"BR00117011","P13","sample",-5.9116025390625,-0.633893488213411,-0.640436343819339,-22.8517233632508,-0.784346827526466,-0.667012990028407
"BR00117011","P14","sample",1.66969873046875,0.179039633589809,0.180887626181779,0.0822354953731974,0.00282259455362403,0.00240035041486431
"BR00117011","P15","sample",0.000522460937496305,5.60228100479338e-05,5.66010604379403e-05,-4.54747350886464e-13,-1.5608435141809e-14,-1.3273501757424e-14
"BR00117011","P16","sample",4.6793974609375,0.501765732667314,0.506944805804818,-9.17203586325081,-0.314814647321914,-0.267720161343857
"BR00117011","P17","sample",-31.0204775390625,-3.32628565323008,-3.3606185611047,355.202964136749,12.1917421115246,10.3679266289745
"BR00117011","P18","sample",9.9733974609375,1.06943450004929,1.08047287738543,-12.972035863251,-0.44524323238845,-0.378637369723169
"BR00117011","P19","sample",7.10441950988769,0.761797707998194,0.76966075202221,-12.198351328944,-0.418687816836472,-0.356054493746438
"BR00117011","P20","sample",2.6886015625,0.288295265388296,0.291270961350444,43.8946308033537,1.50660910202609,1.28122892409165
"BR00117011","P21","sample",15.479638671875,1.6598616177525,1.67699420405084,-19.7887025299485,-0.679213808232539,-0.577607274229052
"BR00117011","P22","sample",-3.45279589843751,-0.370238834848428,-0.374060327388047,18.9887101824916,0.65175542140547,0.554256506359386
"BR00117011","P23","sample",7.64960156249999,0.820256873809528,0.828723315546028,-11.8743796132508,-0.407568034605039,-0.346598167878399
"BR00117011","P24","sample",-4.5346025390625,-0.486239560618967,-0.491258377335299,-4.54747350886464e-13,-1.5608435141809e-14,-1.3273501757424e-14
"BR00117012","A01","sample",5.92267126469314,0.651844037544783,0.641635479608118,9.45273437499986,0.21886657097221,0.275913396954234
"BR00117012","A02","negcon",3.21546026611329,0.353890754484869,0.348348455925207,-6.51250000000005,-0.15078901901933,-0.190091663044799
"BR00117012","A03","sample",0,0,0,-207.29,-4.79954790825591,-6.05053371709114
"BR00117012","A04","sample",-0.00924999999999443,-0.00101804693825059,-0.00100210326069465,0,0,0
"BR00117012","A05","sample",0,0,0,-214.266962890625,-4.9610910007721,-6.25418246624749
"BR00117012","A06","sample",24.0863295993805,2.65092044349824,2.60940426267242,12.8391113281252,0.29727401186149,0.374757470154414
"BR00117012","A07","sample",6.61050000000001,0.727545868682119,0.71615174106227,0,0,0
"BR00117012","A08","sample",-5.2735,-0.580396813931646,-0.571307194083938,25.3999999999999,0.588106116405517,0.741393971798515
"BR00117012","A09","negcon",9.89618505215645,1.08916550191516,1.07210803342807,83.967578125,1.94416717618389,2.45090772631481
"BR00117012","A10","sample",3.0713295993805,0.338027858919958,0.332733989860438,-2.41669921875018,-0.0559557319708435,-0.0705404028516368
"BR00117012","A11","sample",4.96978552246095,0.546970263233138,0.538404138055588,13.9000000000001,0.321837599135307,0.405723472755885
"BR00117012","A12","sample",7.89850000000001,0.86930202613807,0.855687849146106,44.363037109375,1.02717218371451,1.29490111352617
"BR00117012","A13","sample",-5.02775,-0.553349783112702,-0.544683747995737,56.7833984375002,1.31475054847975,1.65743579920457
"BR00117012","A14","sample",-28.3151997626305,-3.11634620803429,-3.06754097398589,-495.28625,-11.4677509053761,-14.4567811049092
"BR00117012","A15","sample",-9.79725,-1.07827679630071,-1.06138985630774,-123.65,-2.86296540525758,-3.60918758318451
"BR00117012","A16","sample",-13.61725,-1.49870266701635,-1.47523141910297,-82.3399999999999,-1.90648258365474,-2.40340077314527
"BR00117012","A17","negcon",9.5235,1.0481481098849,1.03173301656554,32.837646484375,0.760315777394613,0.958489494156159
"BR00117012","A18","sample",-13.1075,-1.44260002628407,-1.42000740427709,-131.4566015625,-3.04371777247203,-3.83705243903768
"BR00117012","A19","sample",14.278389651537,1.57146712085458,1.54685630565217,68.156689453125,1.57808527328088,1.98940782276734
"BR00117012","A20","sample",-0.225920400619501,-0.0248646023934236,-0.0244751967695546,35.7231201171876,0.827125410945162,1.04271283105186
"BR00117012","A21","sample",7.21215919876099,0.793763955727448,0.781332783754775,63.5999999999999,1.47258066942484,1.85640380340101
"BR00117012","A22","sample",-6.25531984353066,-0.688455050214961,-0.677673125610141,-27.29072265625,-0.631883500601075,-0.796581782022401
"BR00117012","A23","sample",4.70882959938049,0.518249681772536,0.510133350875408,22.9604248046876,0.531620719012039,0.670185848036558
"BR00117012","A24","sample",-18.6635,-2.05408854400555,-2.0219193736201,-229.77,-5.32004497505892,-6.70669657087188
"BR00117012","B01","sample",1.51205116038025,0.166415032897761,0.16380879980055,13.4693359375001,0.311866096408051,0.393152931818572
"BR00117012","B02","sample",-48.5763598381996,-5.34627182753166,-5.26254363098009,-456.7858984375,-10.5763220771214,-13.3330043899265
"BR00117012","B03","negcon",9.34737989568711,1.02876448470001,1.01265295918112,54.8166015625002,1.26921175824688,1.60002747846137
"BR00117012","B04","sample",-23.2838701043129,-2.56260245084697,-2.52246942196073,-42.0833984374999,-0.974389922056071,-1.22836133521093
"BR00117012","B05","sample",-2.53562010431289,-0.279068138785291,-0.274697640477448,48.579638671875,1.12480246597244,1.41797839619994
"BR00117012","B06","sample",-1.9842905049324,-0.218389283583499,-0.214969079476691,251.655712890625,5.82678204643181,7.34551293329796
"BR00117012","B07","sample",6.11087989568711,0.672558115440552,0.66202515342542,27.0166015625,0.625536559976267,0.788580532949604
"BR00117012","B08","sample",0.00587989568710157,0.000647136194755699,0.000637001366550535,33.0166015625,0.764459264638989,0.963712967232719
"BR00117012","B09","sample",0.0225649478435557,0.00248347849339784,0.00244458462826438,-23.1158203124999,-0.535218713051659,-0.674721646963195
"BR00117012","B10","sample",0.945709495067597,0.104083962803098,0.102453899316508,-9.76562498635758e-05,-2.26111172637774e-06,-2.85046279359469e-06
"BR00117012","B11","sample",5.29916541814805,0.583221527484572,0.574087669674562,-25.1833984374998,-0.583090970589404,-0.735071645313488
"BR00117012","B12","sample",-41.5691201043129,-4.57506112951268,-4.50341089737996,-599.800361328125,-13.8876480755634,-17.5074162272144
"BR00117012","B13","sample",-6.37237010431289,-0.701337499902622,-0.690353822690693,0,0,0
"BR00117012","B14","negcon",11.4229801330566,1.25720323785542,1.23751412304791,-11.9896484375001,-0.277605731482115,-0.34996271950969
"BR00117012","B15","sample",-21.9858701043129,-2.41974570210643,-2.38184995900046,-68.6833984374998,-1.59028057939413,-2.00478179386607
"BR00117012","B16","sample",-42.8601701043129,-4.71715296731044,-4.64327742870111,-216.2833984375,-5.00777911409708,-6.31303967723069
"BR00117012","B17","sample",2.2798798956871,0.250921594311863,0.246991900266119,-81.345751953125,-1.88346197902516,-2.37437992635687
"BR00117012","B18","sample",0.0278798956871,0.0030684370208665,0.00302038209469044,2.27373675443232e-13,5.26456099361293e-15,6.63675087871201e-15
"BR00117012","B19","sample",-3.97323045277595,-0.437290280801622,-0.430441858618429,-52.626708984375,-1.21850745826789,-1.53610727545711
"BR00117012","B20","sample",6.5184594950676,0.717415970926278,0.706180488077534,28.0397216796875,0.64922566228869,0.818444119064117
"BR00117012","B21","sample",6.50953909444809,0.716434199408584,0.705214092126451,22.2166015625,0.514398396246091,0.648474585523114
"BR00117012","B22","sample",-0.00293994784355078,-0.000323568097377849,-0.000318500683275267,7.82587890625018,0.181198710669869,0.228427537209412
"BR00117012","B23","sample",-10.9957905049324,-1.21018711969709,-1.19123432636916,35.8770263671875,0.830688923030908,1.04720516042084
"BR00117012","B24","sample",1.24987989568711,0.137560691998486,0.135406347994108,-54.2833984375,-1.25686608820361,-1.5844639515866
"BR00117012","C01","sample",12.1031754761189,1.33206494449513,1.31120341723088,-6.18491210937486,-0.143204119722596,-0.180529785590322
"BR00117012","C02","sample",-1.18403552246094,-0.130313917667246,-0.128273065712121,0.149853515624955,0.00346967594897268,0.00437403516288017
"BR00117012","C03","negcon",19.4075042114258,2.13597299908534,2.10252143267315,-8.83764648437477,-0.204624958743722,-0.257959757023694
"BR00117012","C04","sample",-34.9517457885742,-3.84675867963161,-3.78651442396993,319.862353515625,7.40602387836236,9.33637876778627
"BR00117012","C05","sample",5.09950421142578,0.561246989085529,0.552457275480969,-34.8146093749999,-0.806089949358521,-1.01619454807658
"BR00117012","C06","negcon",14.3598338108063,1.58043079404189,1.55567959836226,13.1014648437503,0.30334848852289,0.382415238460105
"BR00117012","C07","sample",3.44100421142578,0.3787139245353,0.372782869225501,-15.5376464843748,-0.359755312283762,-0.45352430863984
"BR00117012","C08","sample",-34.8599957885742,-3.83666075459545,-3.77657464297871,-419.857646484375,-9.72129330382235,-12.255115280198
"BR00117012","C09","poscon_diverse",-42.5956107364178,-4.68803579385408,-4.61461626056974,-286.950068359375,-6.64397993327285,-8.37571066491391
"BR00117012","C10","sample",-45.6881661891937,-5.02839975169956,-4.94964976360841,-630.754345703125,-14.6043499471405,-18.4109239996069
"BR00117012","C11","sample",1.18828973388672,0.13078213246905,0.128733947781468,47.6623535156252,1.1035638434969,1.3912039991423
"BR00117012","C12","negcon",5.32300421142578,0.585845204296247,0.576670256969119,-2.17460937499982,-0.0503504359933141,-0.0634741055764334
"BR00117012","C13","poscon_cp",-32.5792457885742,-3.58564339736124,-3.52948847953756,260.845751953125,6.03956622685158,7.61375858532672
"BR00117012","C14","sample",-16.9358955512047,-1.86394990404823,-1.83475850320611,301.456103515625,6.97984953957932,8.799123539699
"BR00117012","C15","negcon",13.3292542114258,1.46700610152584,1.44403125490873,38.6623535156252,0.895179786502822,1.12850534771763
"BR00117012","C16","sample",5.47525421142578,0.60260170660422,0.593164334962725,47.8623535156253,1.108194600319,1.39704174695174
"BR00117012","C17","sample",11.1950042114258,1.23211240661096,1.21281624040723,2.27373675443232e-13,5.26456099361293e-15,6.63675087871201e-15
"BR00117012","C18","negcon",10.0430042114258,1.10532429062551,1.08801375864281,-8.95424804687491,-0.207324726148792,-0.261363209604005
"BR00117012","C19","sample",14.8818938629627,1.63788826838579,1.61223722869142,59.71904296875,1.38272182818134,1.74312356136252
"BR00117012","C20","sample",-37.2969161891937,-4.10486609001302,-4.04057960292635,-603.734526367188,-13.9787388835328,-17.6222495439081
"BR00117012","C21","negcon",6.82566341018676,0.751226566083666,0.739461574027724,65.0623535156251,1.50643968701879,1.89908805856333
"BR00117012","C22","sample",-36.3870156321049,-4.00472322771493,-3.94200508236773,-330.788369140625,-7.65900248533104,-9.65529538668986
"BR00117012","C23","sample",1.86833381080628,0.205627190888923,0.202406854473099,-0.0772216796874545,-0.00178797410012992,-0.00225400345718248
"BR00117012","C24","sample",1.70100421142578,0.187211041015613,0.184279120727149,45.9623535156252,1.06420241050913,1.34158314276209
"BR00117012","D01","sample",-2.18482873530685,-0.24046034644134,-0.236694486455317,8.98969726562518,0.20814550970662,0.262397927599533
"BR00117012","D02","sample",1.79296026611328,0.197331644251102,0.194241224753422,-3.57553710937486,-0.0827872143093808,-0.104365419639072
"BR00117012","D03","sample",-36.4782,-4.0147588997746,-3.95188358532904,-330.803037109375,-7.65934210431282,-9.65572352620205
"BR00117012","D04","sample",11.83625,1.30268735922982,1.28228591561127,14.7369628906254,0.341216457213305,0.430153364162524
"BR00117012","D05","poscon_diverse",0.164499999999997,0.0181047266316021,0.0178211877172288,2.27373675443232e-13,5.26456099361293e-15,6.63675087871201e-15
"BR00117012","D06","sample",3.6708295993805,0.404008306431482,0.397681114702254,32.9760742187502,0.763520903271236,0.962530025171731
"BR00117012","D07","poscon_cp",1.36300000000001,0.150010592090422,0.147661269657042,14.2369628906251,0.329639565158073,0.415558994638925
"BR00117012","D08","poscon_diverse",-30.509,-3.35779395017362,-3.30520739249206,-188.033037109375,-4.35367634686336,-5.48844725243534
"BR00117012","D09","sample",-6.86731494784355,-0.755810698017174,-0.743973913670842,20.8045410156253,0.481703851192865,0.607258318701561
"BR00117012","D10","sample",9.73882959938049,1.07184709792427,1.05506085371834,4.82026367187495,0.111607344414055,0.140697418456988
"BR00117012","D11","poscon_diverse",-45.3204144775391,-4.98792531882532,-4.90980920259485,-121.013037109375,-2.80190973578077,-3.53221796149295
"BR00117012","D12","sample",0,0,0,0,0,0
"BR00117012","D13","sample",0.0477500000000006,0.00525532338394548,0.00517301953494044,-37.6796386718747,-0.872426219168485,-1.0998211405856
"BR00117012","D14","negcon",-4.11489976263046,-0.452882281573681,-0.445789672385526,-6.26928710937477,-0.145157720256913,-0.182992585447426
"BR00117012","D15","negcon",6.37225000000001,0.701324281326621,0.690340811131389,-12.3630371093745,-0.286251092179984,-0.360861464016208
"BR00117012","D16","poscon_cp",-28.26975,-3.11134404677048,-3.06261715178807,-196.453037109375,-4.54863120907338,-5.73421643521264
"BR00117012","D17","sample",-8.30099999999999,-0.913600825343054,-0.899292882922304,80.674609375,1.86792248866392,2.35479012078052
"BR00117012","D18","sample",-9.151,-1.0071510845337,-0.991378047418625,-45.7796386718749,-1.05997187046316,-1.33624992686781
"BR00117012","D19","sample",11.366889651537,1.25102996834449,1.23143753338036,13.5936523437501,0.314744491639752,0.396781570959888
"BR00117012","D20","sample",7.0415795993805,0.774990113686644,0.762852959673988,0.160083007812545,0.00370652740264373,0.00467262114092899
"BR00117012","D21","negcon",3.90165919876099,0.429413210961975,0.422688151913516,2.63696289062523,0.0610556694768141,0.0769696216915725
"BR00117012","D22","negcon",3.93018015646935,0.43255220271019,0.425777983774889,-24.8537597656248,-0.575458587946353,-0.725449908140267
"BR00117012","D23","sample",-2.0156704006195,-0.221842927553974,-0.218368635778131,-20.3026123046875,-0.470082302180972,-0.592607652537706
"BR00117012","D24","sample",0,0,0,2.23696289062514,0.0517941558326305,0.0652941260726955
"BR00117012","E01","sample",6.77192126469314,0.74531175238909,0.733639392488706,0.017578125,0.000407000111316566,0.000513083303563813
"BR00117012","E02","sample",-8.93928973388672,-0.98385043715933,-0.96844231250027,-62.34765625,-1.44358417260527,-1.81984946848489
"BR00117012","E03","sample",10.38625,1.14310162296341,1.12519945852931,16.0648437500001,0.371961923955672,0.468912532052567
"BR00117012","E04","sample",0,0,0,-28.3351562499997,-0.656066090548463,-0.827067481642477
"BR00117012","E05","poscon_diverse",-39.62075,-4.36062521391529,-4.29233327202071,341.327880859375,7.90303206429658,9.96293044393321
"BR00117012","E06","poscon_diverse",-35.8220204006195,-3.94254034495382,-3.88079604844895,-124.536044921875,-2.88348069809084,-3.63505011719321
"BR00117012","E07","negcon",2.56075000000001,0.281833913202895,0.277420099981122,-2.63515624999991,-0.0610138389098103,-0.076916888129808
"BR00117012","E08","sample",1.96475,0.216238672640979,0.212852149346055,43.2648437500002,1.00174485176001,1.26284623413602
"BR00117012","E09","poscon_orf",-0.0225649478435486,-0.00248347849339705,-0.00244458462826361,-13.4675781249998,-0.311825396396913,-0.393101623488207
"BR00117012","E10","poscon_diverse",-5.30242040061951,-0.583579768018532,-0.574440299787876,0.248144531249864,0.00574548490474904,0.0072430259686385
"BR00117012","E11","sample",3.55224609407401e-05,3.90957109187767e-06,3.84834312828492e-06,20.4648437500002,0.47383857404167,0.597342983860187
"BR00117012","E12","sample",0.335750000000004,0.0369523523803077,0.0363736399760472,-7.47211914062495,-0.173007833429618,-0.218101735725184
"BR00117012","E13","poscon_diverse",-38.6395,-4.25262969411432,-4.18602907477128,-36.2517578124998,-0.839365374015069,-1.05814309879084
"BR00117012","E14","negcon",13.4788502373695,1.48347050976223,1.46023781332876,-8.44140625,-0.195450497901133,-0.246394004222533
"BR00117012","E15","sample",0,0,0,-0.0351562499997726,-0.000814000222627868,-0.00102616660712099
"BR00117012","E16","sample",0,0,0,38.1648437500003,0.883660552796699,1.11398366499538
"BR00117012","E17","negcon",6.68275000000001,0.735497640713324,0.723978980044457,-0.997509765624955,-0.0230961257613493,-0.0291160522458462
"BR00117012","E18","sample",5.65575,0.622466915785325,0.612718434235372,17.2482421875002,0.399362075894196,0.503454440233604
"BR00117012","E19","sample",10.2586396515369,1.12905693922915,1.1113747292003,2.12153320312518,0.0491215217683195,0.0619248790459611
"BR00117012","E20","poscon_diverse",-7.2306704006195,-0.795801282470735,-0.78333820383497,-19.8120361328124,-0.458723607407644,-0.578288352674077
"BR00117012","E21","poscon_diverse",-35.408590801239,-3.89703864356661,-3.83600695119412,132.96484375,3.0786392864677,3.88107612666859
"BR00117012","E22","poscon_cp",0.859930156469339,0.0946431635571341,0.0931609528397952,-7.82587890624995,-0.181198710669864,-0.228427537209406
"BR00117012","E23","sample",-42.3019204006195,-4.65571249145912,-4.58279917482508,-336.924731445312,-7.80108249335731,-9.83440806470037
"BR00117012","E24","negcon",3.67575,0.404549841435337,0.398214168702766,40.0648437500001,0.927652742606558,1.16944226918503
"BR00117012","F01","negcon",8.73304626469314,0.961151460689403,0.946098825692056,16.1609375000003,0.374186857897539,0.471717387445387
"BR00117012","F02","sample",9.35683526611329,1.02980513452838,1.01367731134708,12.595703125,0.291638190875615,0.367652691631447
"BR00117012","F03","negcon",13.232375,1.45634365995046,1.43353579829647,66.2082031250002,1.53297044149731,1.9325339637987
"BR00117012","F04","sample",5.317125,0.585198143410696,0.576033329732353,55.6082031250003,1.28754032992651,1.62313332989853
"BR00117012","F05","sample",3.348375,0.368519234255878,0.362747838435727,45.471240234375,1.05283127962129,1.32724816535307
"BR00117012","F06","negcon",21.9367045993805,2.41433458948329,2.37652359004841,43.2473144531252,1.00133898220456,1.26233457606386
"BR00117012","F07","sample",-36.949125,-4.06658849484444,-4.0029014748472,166.808203125,3.86224112300894,4.86892111194559
"BR00117012","F08","sample",-5.808125,-0.639237175484354,-0.629226054164933,59.3082031250001,1.37320933113518,1.73113166437312
"BR00117012","F09","negcon",-4.04443994784356,-0.44512753576681,-0.43815637399137,-10.5242187499998,-0.243675488868683,-0.307188674769244
"BR00117012","F10","sample",-3.1632954006195,-0.348149534852411,-0.34269714978412,18.4915039062503,0.428148289322927,0.539743682109556
"BR00117012","F11","sample",-8.55783947753906,-0.94186835439502,-0.927117712967403,-37.4917968749999,-0.868076970756724,-1.09433827539447
"BR00117012","F12","sample",-2.242125,-0.246766323397458,-0.242901705230957,-15.0287597656247,-0.347972659061146,-0.438670547001665
"BR00117012","F13","poscon_cp",0.756624999999993,0.0832734880707362,0.08196933833768,2.99160156250014,0.0692668967226237,0.0873210773409697
"BR00117012","F14","sample",3.26297523736954,0.359120210810114,0.353496013506583,-13.1980468749998,-0.305584728023392,-0.385234346166895
"BR00117012","F15","sample",7.403125,0.8147814853774,0.802021156955088,-35.6917968749997,-0.826400159357904,-1.04179854510953
"BR00117012","F16","poscon_diverse",-0.484874999999995,-0.053364919911843,-0.0525291695707683,21.7082031250004,0.502627048582133,0.63363507619894
"BR00117012","F17","sample",0.484875000000002,0.0533649199118438,0.0525291695707691,12.1458496093749,0.281222379693502,0.354522034754406
"BR00117012","F18","sample",-0.494124999999997,-0.0543829668500944,-0.0535312728314638,-16.2083984374999,-0.375285758198086,-0.473102712364999
"BR00117012","F19","poscon_diverse",-11.5202353484631,-1.2679070621012,-1.24805031423476,15.964892578125,0.36964767610049,0.465995083379245
"BR00117012","F20","sample",4.8144545993805,0.529874677216081,0.521576286757672,-5.36867675781241,-0.124305182609198,-0.156704904912478
"BR00117012","F21","sample",7.63953419876099,0.840800475752865,0.827632662786087,-29.1917968749999,-0.675900562639961,-0.852071741302826
"BR00117012","F22","poscon_diverse",-19.1109448435307,-2.10333393351827,-2.07039352893722,-78.7825195312498,-1.82411344890415,-2.29956240407747
"BR00117012","F23","sample",0.905204599380497,0.0996260292854295,0.0980657816903284,-6.93137207031236,-0.16048749250524,-0.202318010599299
"BR00117012","F24","sample",-7.400125,-0.814451307992021,-0.801696150492159,-2.99179687499986,-0.0692714189460765,-0.0873267782665569
"BR00117012","G01","sample",-8.00606894393265,-0.881140970356615,-0.867341383142262,-44.5472656250001,-1.03143777099228,-1.3002785115938
"BR00117012","G02","sample",-5.2692799425125,-0.579932358082523,-0.57085001209815,-31.4125000000001,-0.727318243369626,-0.916891265319727
"BR00117012","G03","sample",-28.1207402086258,-3.09494415899989,-3.04647410337601,2.27373675443232e-13,5.26456099361293e-15,6.63675087871201e-15
"BR00117012","G04","negcon",-3.99699020862579,-0.439905258822868,-0.433015883354693,-322.07,-7.45713924845378,-9.40081718492712
"BR00117012","G05","sample",-10.4827402086258,-1.15372125122965,-1.13565277233353,-35.0369628906251,-0.811238274655506,-1.02268476682039
"BR00117012","G06","sample",-41.5247106092453,-4.57017345919022,-4.49859977307585,-592.120888671875,-13.7098392235985,-17.2832621038311
"BR00117012","G07","sample",0.0317597913742134,0.00349545495870432,0.00344071248595678,-30.3000000000002,-0.701559658546747,-0.884418793129734
"BR00117012","G08","sample",2.35575979137422,0.259272869498791,0.255212385767663,-42.8700000000001,-0.992602724815147,-1.25132124295286
"BR00117012","G09","negcon",-0.473555156469338,-0.05211906779856,-0.0513028288018352,-89.242421875,-2.06629976958777,-2.60487376404824
"BR00117012","G10","negcon",6.6175893907547,0.72832612084989,0.716919773666769,-96.4966992187501,-2.23426374108231,-2.81661697241087
"BR00117012","G11","sample",-3.32095468616485,-0.365501378413093,-0.359777245365079,2.27373675443232e-13,5.26456099361293e-15,6.63675087871201e-15
"BR00117012","G12","sample",5.18375979137421,0.570520084782511,0.561585144821303,8.56303710937505,0.198266712560272,0.249944255636916
"BR00117012","G13","negcon",0.896509791374214,0.0986690862941346,0.0971238254250079,35.4833984375002,0.821574946927085,1.03571565749951
"BR00117012","G14","sample",11.3128600287437,1.24508351514887,1.22558420784791,-2.50624999999991,-0.0580291714268221,-0.0731542772370067
"BR00117012","G15","sample",14.8190097913742,1.63096730227277,1.60542465213092,2.27373675443232e-13,5.26456099361293e-15,6.63675087871201e-15
"BR00117012","G16","sample",0.199009791374216,0.021902844193571,0.0215598227942037,23.1000000000001,0.53485241295148,0.674259871989995
"BR00117012","G17","poscon_orf",-12.8512402086258,-1.41439629698619,-1.39224537481534,108.937646484375,2.52231874820013,3.17975253564699
"BR00117012","G18","negcon",5.95775979137422,0.655705850210233,0.645436812256777,1.88339843750009,0.0436078008158427,0.0549740255140676
"BR00117012","G19","sample",6.05464944291116,0.666369440815142,0.655933399903565,57.556689453125,1.33265516171008,1.68000718886718
"BR00117012","G20","sample",2.13833939075471,0.235343769697273,0.23165804064307,25.8231201171875,0.59790294825167,0.753744314484719
"BR00117012","G21","poscon_cp",-12.6505810098648,-1.39231192045316,-1.37050686266757,0,0,0
"BR00117012","G22","sample",0.00293994784355078,0.000323568097377849,0.000318500683275267,64.50927734375,1.49363388073856,1.88294446250925
"BR00117012","G23","sample",-13.1809106092453,-1.4506795339573,-1.42796037842783,19.6604248046874,0.455213231447538,0.573863009180839
"BR00117012","G24","sample",9.22075979137421,1.01482878637387,0.998935508435006,53.6999999999998,1.24335820673135,1.56743528683387
"BR00117012","H01","sample",-44.5230689439327,-4.90017016431545,-4.82342838539185,-221.617265625,-5.13127832343029,-6.46872853467898
"BR00117012","H02","sample",-1.65827994251251,-0.182508845214945,-0.179650566220251,2.38750000000005,0.0552796595637089,0.0696881144751574
"BR00117012","H03","poscon_cp",-3.70474020862579,-0.407740478530553,-0.401354837091106,31.6000000000001,0.731659577890336,0.922364153891075
"BR00117012","H04","negcon",12.7880097913742,1.40743721237134,1.38539527672853,9.30000000000041,0.215330192227228,0.27145527313884
"BR00117012","H05","poscon_diverse",-4.65574020862579,-0.512406709695623,-0.504381885839342,87.2630371093751,2.02046952205297,2.54709801865044
"BR00117012","H06","sample",14.9625893907547,1.64676954784517,1.62097941804535,22.4391113281254,0.519550339321847,0.654969365007402
"BR00117012","H07","poscon_cp",-3.07724020862579,-0.33867837542216,-0.333374318595292,63.0000000000002,1.45868839895858,1.83889055997271
"BR00117012","H08","sample",3.97375979137421,0.437348539346407,0.4304992047736,2.27373675443232e-13,5.26456099361293e-15,6.63675087871201e-15
"BR00117012","H09","sample",3.82144484353066,0.420584888935377,0.413998090623691,13.467578125,0.311825396396918,0.393101623488214
"BR00117012","H10","negcon",12.2735893907547,1.35082055141733,1.32966529177405,-10.5166992187499,-0.24350138326551,-0.306969189133832
"BR00117012","H11","poscon_orf",3.54204531383515,0.389834420205071,0.383729206326979,5,0.115768920552268,0.145943695235929
"BR00117012","H12","sample",5.91375979137421,0.650863248558011,0.640670050800496,-18.936962890625,-0.438462350477201,-0.552746068160693
"BR00117012","H13","negcon",8.06950979137421,0.888123214734771,0.874214278286312,-29.8166015624997,-0.690367155485531,-0.870309002281716
"BR00117012","H14","sample",-1.52013997125626,-0.167305280373049,-0.164685105071253,-0.106249999999818,-0.00246008956173148,-0.00310130352375818
"BR00117012","H15","sample",2.15000979137421,0.23662820381823,0.23292235918517,27.7000000000003,0.64135981985957,0.808528071607054
"BR00117012","H16","sample",-13.2089902086258,-1.45376995019261,-1.43100239551953,-32.8999999999996,-0.761759497233914,-0.960309514652401
"BR00117012","H17","negcon",2.89975979137421,0.319145035380807,0.314146891045307,-7.36235351562505,-0.170466343845621,-0.21489781554071
"BR00117012","H18","negcon",4.42475979137421,0.486985206281682,0.479358509700471,-14.5166015624998,-0.336114258595593,-0.423721294859775
"BR00117012","H19","poscon_cp",-33.5098505570889,-3.6880649471243,-3.63030600093724,-497.733310546875,-11.5244096169837,-14.5282077166446
"BR00117012","H20","sample",6.85833939075471,0.754822856026537,0.743001542316757,-17.0768798828124,-0.395394390086785,-0.498452590639547
"BR00117012","H21","poscon_orf",4.87341899013519,0.536364246672693,0.527964222783638,-6.29999999999973,-0.145868839895851,-0.183889055997262
"BR00117012","H22","sample",0.00293994784355078,0.000323568097377849,0.000318500683275267,28.5092773437502,0.660097652762238,0.832149856810571
"BR00117012","H23","sample",1.8730893907547,0.206150585873366,0.202922052545835,-16.4395751953123,-0.380638374939828,-0.479850470422558
"BR00117012","H24","sample",-33.7512402086258,-3.71463208179161,-3.6564570665484,-447.61,-10.3638653056801,-13.0651714849108
"BR00117012","I01","sample",4.04542126469315,0.445235538644019,0.438262685430803,-0.0175781249997726,-0.000407000111311302,-0.000513083303557176
"BR00117012","I02","negcon",12.5972102661133,1.38643798291062,1.36472491711739,-37.0828124999999,-0.858607434833427,-1.08240053719822
"BR00117012","I03","sample",3.84875,0.423590070658846,0.416956208064959,-295.9303125,-6.85190656736405,-8.63783266771463
"BR00117012","I04","sample",7.5765,0.833862986774082,0.820803822125146,-275.4203125,-6.37702245525865,-8.03917162985685
"BR00117012","I05","poscon_diverse",-43.46235,-4.78342836180565,-4.70851488134902,-552.457275390625,-12.7914764846439,-16.1255312460962
"BR00117012","I06","poscon_diverse",-24.3079204006195,-2.67530853395726,-2.63341041018179,-35.3612011718748,-0.818745617819906,-1.03214887340089
"BR00117012","I07","sample",-28.41075,-3.12686238388329,-3.0778924555457,-411.6403125,-9.53103092678463,-12.0152616628645
"BR00117012","I08","sample",-3.67975,-0.404990077949175,-0.398647510653337,-1.07031249999989,-0.0247817845557172,-0.0312410722614377
"BR00117012","I09","negcon",9.02293505215645,0.993056367987821,0.977504068844053,49.3972656250003,1.14373362392799,1.44184389597265
"BR00117012","I10","negcon",5.7540795993805,0.633288985794922,0.623371019333972,18.61298828125,0.430961112314463,0.543289657829732
"BR00117012","I11","sample",12.1885355224609,1.3414595968008,1.32045093947655,34.2296875000002,0.792546794543295,0.999121416104222
"BR00117012","I12","sample",14.85025,1.63440557240702,1.60880907536646,23.292724609375,0.539314716949717,0.679885260321009
"BR00117012","I13","sample",0,0,0,34.2130859375002,0.792162405549274,0.998636837428634
"BR00117012","I14","poscon_diverse",-27.0306497626305,-2.97496975457152,-2.92837862333442,8.62343750000014,0.199665210164993,0.25170726687722
"BR00117012","I15","sample",11.6045,1.27718115620931,1.25717916635006,53.4296875000005,1.23709944946401,1.5595452058102
"BR00117012","I16","poscon_cp",0.808500000000009,0.0889828053595793,0.0875892417591485,22.3296875000003,0.517016763628901,0.651775421442715
"BR00117012","I17","poscon_diverse",-30.53575,-3.36073803185992,-3.3081053667865,-342.622666015625,-7.93301124027381,-10.0007235899812
"BR00117012","I18","poscon_cp",-16.38975,-1.80384160067056,-1.77559155859244,20.3130859375003,0.470324806413973,0.592913364672756
"BR00117012","I19","sample",-18.5598603484631,-2.04268205428354,-2.01069152143172,-211.633623046875,-4.90011921854045,-6.17731859672571
"BR00117012","I20","sample",-38.7915704006195,-4.269366429871,-4.20250369577842,-708.557192382812,-16.4057802623407,-20.6818909884685
"BR00117012","I21","negcon",6.74390919876099,0.742228768826244,0.730604691666066,46.0296875000001,1.06576144704665,1.34354853686101
"BR00117012","I22","negcon",3.05543015646934,0.336277980090164,0.33101151595941,52.4389648437502,1.21416047096786,1.53062726072877
"BR00117012","I23","sample",5.0395795993805,0.554651738510546,0.545965313413242,50.6901123046875,1.17366791683738,1.47958046033407
"BR00117012","I24","sample",2.97125,0.327013185435556,0.321891817658463,44.0296875000001,1.01945387882574,1.28517105876664
"BR00117012","J01","sample",5.49817126469314,0.605123937513687,0.595647065103779,21.4527343749999,0.496711980297653,0.626178265520463
"BR00117012","J02","sample",1.13496026611328,0.124912737724692,0.122956473884505,46.5874999999999,1.07867691724575,1.35983038036076
"BR00117012","J03","sample",-0.299500000000002,-0.0329627089736473,-0.0324464785489979,30.0000000000002,0.694613523313612,0.87566217141558
"BR00117012","J04","poscon_cp",-10.62275,-1.16913060684411,-1.15082080135681,-33.2,-0.768705632467059,-0.969066136366569
"BR00117012","J05","sample",8.0715,0.888342255361578,0.874429888508298,31.0630371093748,0.719226855045472,0.90669088419859
"BR00117012","J06","poscon_diverse",-0.0291704006195062,-0.00321046886899992,-0.003160189575848,-10.460888671875,-0.242209157912082,-0.30534014964502
"BR00117012","J07","sample",-6.964,-0.766451770592583,-0.754448335943974,0,0,0
"BR00117012","J08","sample",-0.939,-0.103345521623555,-0.101727022896524,19.5999999999999,0.453814168564888,0.572099285324839
"BR00117012","J09","poscon_cp",1.65668505215645,0.182333312972369,0.179477782995791,-16.532421875,-0.382788126916689,-0.482560547927359
"BR00117012","J10","sample",-10.1761704006195,-1.11998044534846,-1.10244038268663,-75.4166992187502,-1.74618197203395,-2.2013183532962
"BR00117012","J11","sample",-1.58971447753905,-0.17496258989754,-0.172222493136902,2.27373675443232e-13,5.26456099361293e-15,6.63675087871201e-15
"BR00117012","J12","sample",1.234,0.135812964519134,0.133685991751129,-12.2369628906249,-0.283331996937161,-0.357181516544547
"BR00117012","J13","sample",0.947749999999999,0.104308538997576,0.102674958413398,-1.81660156249973,-0.0420612003928313,-0.0530243089605145
"BR00117012","J14","negcon",11.2511002373695,1.23828628633637,1.21889343073267,-3.80624999999986,-0.0881290907704107,-0.111099637998347
"BR00117012","J15","sample",0.807250000000003,0.0888452314490042,0.0874538223995944,9.00000000000023,0.208384056994087,0.262698651424679
"BR00117012","J16","sample",2.41025,0.265270014369727,0.261115609090891,0,0,0
"BR00117012","J17","poscon_cp",0,0,0,-54.4623535156252,-1.26100957544799,-1.58968742466316
"BR00117012","J18","sample",0,0,0,-14.0166015624998,-0.324537366540366,-0.409126925336182
"BR00117012","J19","negcon",11.2798896515369,1.2414548241685,1.22201234595544,4.95668945312514,0.114766117500222,0.144679514985208
"BR00117012","J20","poscon_diverse",-2.78142040061951,-0.306120705171906,-0.301326535440553,50.0231201171875,1.15822452372465,1.46011179942662
"BR00117012","J21","sample",-35.785340801239,-3.93850342021376,-3.87682234616352,-0.5,-0.0115768920552268,-0.0145943695235929
"BR00117012","J22","poscon_cp",5.27718015646934,0.580801848745257,0.571705885629646,17.00927734375,0.393829135492016,0.496479357767928
"BR00117012","J23","negcon",2.2523295993805,0.247889432711554,0.244007225481041,5.96042480468759,0.138006389134329,0.173977284234399
"BR00117012","J24","sample",1.403,0.154412957228804,0.15199468916275,0,0,0
"BR00117012","K01","sample",-49.3178287353069,-5.42787724812718,-5.34287102552013,-732.41046875,-16.9580738736736,-21.3781380477708
"BR00117012","K02","sample",7.08296026611328,0.779544433802331,0.767335954383465,-26.095703125,-0.604214276366738,-0.761700668768455
"BR00117012","K03","poscon_orf",-16.7905,-1.84794779640074,-1.81900700526526,97.8167968750001,2.26482899721984,2.85514895841596
"BR00117012","K04","poscon_cp",2.87125,0.316007272589597,0.31105826889419,27.0167968750002,0.625541082199731,0.788586233875205
"BR00117012","K05","negcon",7.5865,0.834963578058677,0.821887177001574,-114.220166015625,-2.64462906498595,-3.33394261975632
"BR00117012","K06","negcon",15.9958295993805,1.76048706469593,1.73291599989891,-26.3440917968749,-0.609965414050811,-0.768950820894088
"BR00117012","K07","sample",0,0,0,-13.6832031250001,-0.316817931095736,-0.399395445345265
"BR00117012","K08","sample",-19.566,-2.15341690744033,-2.11969215121766,-369.553203125,-8.55655508248284,-10.7867920100673
"BR00117012","K09","sample",11.4596850521565,1.26124294926173,1.24149056835748,21.3843750000001,0.495129202086982,0.624182941562166
"BR00117012","K10","poscon_cp",-0.605170400619507,-0.0666045268617236,-0.0655614304580607,9.76562500909495e-05,2.2611117316423e-06,2.85046280023144e-06
"BR00117012","K11","poscon_diverse",-39.8193144775391,-4.38247904725627,-4.31384485152342,-595.313203125,-13.7837533832588,-17.3764417373599
"BR00117012","K12","sample",4.19900000000001,0.462138280401818,0.454900712611825,14.3798339843752,0.332947571618386,0.419729221711781
"BR00117012","K13","negcon",6.68775,0.736047936355621,0.72452065748267,16.7001953125002,0.386672716868039,0.487457643013604
"BR00117012","K14","sample",-26.6468997626305,-2.93273456402516,-2.88680487995153,6.11054687500018,0.141482283140561,0.178359158169977
"BR00117012","K15","sample",13.95625,1.53601271156415,1.51195714941386,30.0167968750002,0.695002434531091,0.876152451016762
"BR00117012","K16","negcon",6.26225000000001,0.689217777196067,0.678423907490689,9.61679687500009,0.222665238677837,0.280702174454169
"BR00117012","K17","sample",-32.1457,-3.53792772572343,-3.48252008511692,-235.945556640625,-5.46303248027782,-6.88695328212619
"BR00117012","K18","sample",6.146,0.676423403512638,0.665829907052221,8.10019531250032,0.18755017351814,0.236434487207809
"BR00117012","K19","negcon",22.1388896515369,2.43658690011119,2.39842740626785,-4.32651367187486,-0.100175163509516,-0.126285478552437
"BR00117012","K20","poscon_diverse",-7.2414204006195,-0.796984418101675,-0.784502810327129,-0.160083007812318,-0.00370652740263846,-0.00467262114092236
"BR00117012","K21","sample",-30.079340801239,-3.31050603322334,-3.2586600536741,-185.003203125,-4.28352422489864,-5.40001021890913
"BR00117012","K22","sample",8.45618015646934,0.930679818118293,0.916104400845886,57.5260742187502,1.33194630318287,1.67911356878014
"BR00117012","K23","sample",0.793329599380492,0.0873131642890124,0.0859457490102975,0.0772216796876819,0.00178797410013518,0.00225400345718911
"BR00117012","K24","sample",0,0,0,-2.783203125,-0.0644416842917897,-0.081238189730937
"BR00117012","L01","sample",-38.4458287353069,-4.23131440351452,-4.16504760386836,-340.000859375,-7.87230649533743,-9.92419636011578
"BR00117012","L02","negcon",4.84796026611328,0.533562281695148,0.525206139501962,48.6039062499999,1.12536435223722,1.41868673620513
"BR00117012","L03","sample",22.1925,2.44248720833944,2.40423530951129,66.11640625,1.53084499647154,1.92985452876897
"BR00117012","L04","sample",-32.58275,-3.5860290678167,-3.52986810999117,-385.88359375,-8.93466542145346,-11.263455520559
"BR00117012","L05","negcon",13.4195,1.47693847436346,1.45380807642162,23.679443359375,0.548268719398682,0.691173092999413
"BR00117012","L06","negcon",20.4728295993805,2.25322178280951,2.21793397807541,41.355517578125,0.957536725779975,1.2071154107492
"BR00117012","L07","sample",7.087,0.779989043393113,0.76777360092403,38.81640625,0.89874669025616,1.1330019527808
"BR00117012","L08","poscon_orf",0,0,0,-56.78359375,-1.3147550707032,-1.65744150013016
"BR00117012","L09","poscon_diverse",-21.3773149478436,-2.35276865196582,-2.31592183936686,-131.426015625,-3.04300959227835,-3.83615967408949
"BR00117012","L10","sample",4.98582959938049,0.548736060355842,0.540142280952445,11.39970703125,0.263946355523983,0.332743073749526
"BR00117012","L11","sample",-35.3000144775391,-3.88508882800885,-3.82424428221963,-578.08359375,-13.3848227274826,-16.8735311654281
"BR00117012","L12","poscon_diverse",-33.9956,-3.74152610746083,-3.6829299037072,-322.330556640625,-7.46317212065935,-9.40842250471733
"BR00117012","L13","sample",12.15775,1.33807136902958,1.3171157748884,-0.000195312499954525,-4.52222345802005e-06,-5.70092559382612e-06
"BR00117012","L14","sample",-6.02589976263047,-0.663205276059958,-0.652818789270784,378.91015625,8.77320395507073,11.0599096731096
"BR00117012","L15","negcon",6.88325,0.75756449596947,0.745700245316823,23.9164062500001,0.553755307010405,0.698089740977737
"BR00117012","L16","sample",0.00925000000000153,0.00101804693825137,0.00100210326069542,10.5164062500003,0.243494599930331,0.306960637745452
"BR00117012","L17","sample",12.128,1.3347971099579,1.31389279413103,-21.3459472656252,-0.494239454621413,-0.623061284451324
"BR00117012","L18","negcon",7.572,0.833367720696013,0.820316312430753,-30.6001953125001,-0.70851031600334,-0.893181115769483
"BR00117012","L19","sample",13.1658896515369,1.44902634044329,1.42633307564963,-52.4269042968751,-1.21388122366926,-1.53027522857327
"BR00117012","L20","sample",-14.6574204006195,-1.61318291475799,-1.58791878668562,383.539526367187,8.88039139133147,11.1950351494131
"BR00117012","L21","sample",-26.961340801239,-2.96734167068634,-2.92087000320407,-179.36359375,-4.1529459269626,-5.23539713253419
"BR00117012","L22","sample",11.4191801564693,1.25678501574406,1.2371024507313,23.3256835937502,0.540077842158441,0.680847291515198
"BR00117012","L23","sample",-20.1616704006195,-2.21897587258169,-2.18422439454312,13.7768310546874,0.318985771966423,0.402128326552435
"BR00117012","L24","sample",3.826,0.42108622548639,0.414491575721086,0.216406250000091,0.00501062359265495,0.0063166255594327
"BR00117012","M01","negcon",6.09885021977126,0.671234139793602,0.660721912618892,-28.7347656249999,-0.66531855974573,-0.838731575410167
"BR00117012","M02","sample",1.57263922119141,0.173083302065694,0.170372636913855,2.27373675443232e-13,5.26456099361293e-15,6.63675087871201e-15
"BR00117012","M03","sample",12.3151789550781,1.35539786261978,1.33417091750588,-5.58749999999986,-0.129371768717156,-0.163092079426147
"BR00117012","M04","negcon",-0.546071044921881,-0.0601001032811197,-0.0591588729391873,-38.6874999999998,-0.895762022773167,-1.12923934188799
"BR00117012","M05","sample",-1.65282104492188,-0.18190804370377,-0.179059173887779,-21.3244628906249,-0.493742010040907,-0.622434182635847
"BR00117012","M06","sample",9.90650855445861,1.09030169758118,1.07322643508415,-39.9283886718748,-0.924493291186869,-1.16545931751796
"BR00117012","M07","sample",-5.60932104492188,-0.617356985454137,-0.607688530746241,-33.2874999999999,-0.770731588576721,-0.971620151033194
"BR00117012","M08","sample",0.294678955078126,0.0324321089712811,0.031924188296439,22.9125000000001,0.53051107843077,0.668786983418648
"BR00117012","M09","sample",9.67436400723457,1.06475207103706,1.04807694235704,45.9800781250001,1.06461280228804,1.34210050175984
"BR00117012","M10","poscon_diverse",-41.1164914455414,-4.52524521381246,-4.45437515091087,-425.62419921875,-9.85481082089561,-12.4234336831635
"BR00117012","M11","sample",-3.55224609336346e-05,-3.90957109109565e-06,-3.84834312751515e-06,-38.4874999999997,-0.891131265951075,-1.12340159407855
"BR00117012","M12","sample",-36.2563210449219,-3.99033909535518,-3.927846220533,190.075537109375,4.40096795090898,5.54806525193923
"BR00117012","M13","sample",12.1874289550781,1.34133780895907,1.32033105895952,31.3958984375001,0.726933854375604,0.916406686644139
"BR00117012","M14","sample",5.83677919244766,0.642390830931857,0.632330320076759,0.106250000000045,0.00246008956173674,0.00310130352376482
"BR00117012","M15","sample",-12.1150710449219,-1.33337416043011,-1.31249212947793,3.01250000000027,0.0697507746327477,0.0879310763796551
"BR00117012","M16","poscon_cp",-43.4846710449219,-4.78588499655606,-4.71093304263533,-500.4575,-11.5874849114573,-14.607723371707
"BR00117012","M17","negcon",10.1646789550781,1.11871570686743,1.10119545133019,54.9501464843752,1.27230382853702,1.60392548633706
"BR00117012","M18","poscon_cp",0.0726789550781177,0.00799898245325131,0.00787371003975197,30.4958984375,0.706095448676194,0.890136821501669
"BR00117012","M19","sample",-32.3768313933849,-3.56336584543903,-3.50755981732882,-4.13081054687495,-0.0956438956035273,-0.120573151106096
"BR00117012","M20","poscon_cp",-41.7684414455414,-4.59699826261169,-4.52500447207955,-217.914379882812,-5.04554250637,-6.36064596902872
"BR00117012","M21","sample",4.7473381538391,0.522487899714489,0.514305193901098,4.31250000000023,0.0998506939763362,0.125876437140995
"BR00117012","M22","negcon",9.05785911154746,0.996900079526667,0.981287583848642,18.5217773437503,0.428849233959084,0.540627325576804
"BR00117012","M23","negcon",3.56400855445862,0.392251675326238,0.386108604710137,12.7729248046876,0.295741543386794,0.372825568993352
"BR00117012","M24","sample",-8.32432104492188,-0.916167519221923,-0.901819379696254,5.11250000000018,0.118373721264698,0.149227428378743
"BR00117012","N01","sample",-1.51205116038025,-0.166415032897761,-0.16380879980055,39.659716796875,0.918272520596573,1.15761712426928
"BR00117012","N02","sample",9.4947378410399,1.04498257173714,1.02861705404894,9.69448242187491,0.224463953058679,0.282969717609636
"BR00117012","N03","sample",-31.9417224250734,-3.51547813160171,-3.46042207506906,-184.223017578125,-4.2654599771802,-5.37723758657301
"BR00117012","N04","poscon_diverse",-11.3709724250734,-1.2514793148416,-1.23187984264237,54.8069824218753,1.26898903874152,1.59974670787582
"BR00117012","N05","sample",10.4322775749266,1.14816737774495,1.13018587830399,29.07001953125,0.67308095631323,0.848517214194249
"BR00117012","N06","poscon_cp",-27.5499928256929,-3.03212819946371,-2.98464190732516,-34.7539062499998,-0.804684442307437,-1.0144227004016
"BR00117012","N07","negcon",3.03477757492662,0.334004974965131,0.328774108466898,-10.1930175781249,-0.236006928437962,-0.297521330191266
"BR00117012","N08","negcon",16.5857775749266,1.82541622472103,1.79682830151354,22.3069824218751,0.516491055151778,0.651112688842272
"BR00117012","N09","poscon_cp",-29.7105373729169,-3.26991584932931,-3.21870555442252,822.874560546875,19.0526599248867,24.0186708163704
"BR00117012","N10","sample",8.2116071743071,0.903762328856754,0.889608467559103,6.69028320312486,0.154905372922947,0.195280930567782
"BR00117012","N11","poscon_cp",6.03106309738756,0.663773548183268,0.653378161659557,4.80698242187509,0.111299833218841,0.140309755516521
"BR00117012","N12","sample",-26.9962224250734,-2.97118071180481,-2.92464892093194,660.67001953125,15.2970110004757,19.2841247963968
"BR00117012","N13","sample",2.56752757492661,0.282579847192387,0.278154351865832,-47.5096191406249,-1.1000274647519,-1.38674587532688
"BR00117012","N14","poscon_cp",4.02887781229616,0.443414780691494,0.436470442448081,-116.899267578125,-2.70666040417405,-3.41214221614503
"BR00117012","N15","sample",-30.3098724250734,-3.33587814282493,-3.28363480955927,-301.343017578125,-6.97723117219652,-8.7958227037794
"BR00117012","N16","sample",3.26402757492662,0.359236030164491,0.353610019008993,7.70698242187541,0.178445807139164,0.224957098753369
"BR00117012","N17","negcon",15.4437775749266,1.69972870002018,1.67310917462554,-23.75537109375,-0.550026733768397,-0.693389327824529
"BR00117012","N18","poscon_diverse",-29.6302224250734,-3.26107645616737,-3.21000459538289,682.890380859375,15.8114964495234,19.9327091247376
"BR00117012","N19","poscon_cp",-31.6626327735364,-3.48476176779146,-3.43018676157376,-455.666328125,-10.5503997878093,-13.30032554423
"BR00117012","N20","poscon_cp",9.31235717430712,1.02490991450865,1.00885875558184,-30.1698974609374,-0.698547292445065,-0.880621264067654
"BR00117012","N21","poscon_diverse",-28.5775632263124,-3.14522170218676,-3.09596424776351,-207.953017578125,-4.81489927412126,-6.06988636416272
"BR00117012","N22","negcon",18.990957731396,2.09012825653035,2.05739466663326,-5.28374023437482,-0.122338580682432,-0.154225714894283
"BR00117012","N23","sample",1.52810717430711,0.168182143797087,0.165548235898915,-4.83259277343745,-0.111892809769909,-0.141057289385182
"BR00117012","N24","sample",5.67777757492662,0.624891251483826,0.615104802306634,-176.373017578125,-4.08370277191313,-5.1481059850526
"BR00117012","O01","sample",-10.2174879340678,-1.12452781706988,-1.10691653782095,-4.92548828124973,-0.114043692302625,-0.14376879212137
"BR00117012","O02","sample",-0.0616989326477011,-0.00679053075409291,-0.00668418395542467,-31.19072265625,-0.722183258631846,-0.910417864306428
"BR00117012","O03","sample",13.455840801239,1.48093811127535,1.45774507484518,-0.378222656249818,-0.00875728572849058,-0.0110398424150094
"BR00117012","O04","sample",1.19759080123901,0.131805799835587,0.129741583448676,-64.0482226562498,-1.48295872004107,-1.86948685754933
"BR00117012","O05","sample",1.57884080123901,0.173765842560806,0.171044488112467,-21.8151855468748,-0.505104096481825,-0.636757758193667
"BR00117012","O06","sample",0.0291704006195062,0.00321046886899992,0.003160189575848,10.4608886718752,0.242209157912087,0.305340149645026
"BR00117012","O07","negcon",4.48034080123902,0.493102403786306,0.48537990550785,-313.01822265625,-7.24755635002069,-9.13660721812717
"BR00117012","O08","sample",7.75034080123901,0.852995753849164,0.839636950099578,-331.95822265625,-7.68608902107268,-9.68944193568087
"BR00117012","O09","sample",-2.06797414660454,-0.22759943225226,-0.224034987604962,-62.7106445312497,-1.45198872490395,-1.83044463870348
"BR00117012","O10","sample",0.605170400619507,0.0666045268617236,0.0655614304580607,-18.6949218749999,-0.432858185055542,-0.545681196116896
"BR00117012","O11","sample",10.8396263237,1.19299982601404,1.17431620364301,28.7217773437503,0.665017831885711,0.838352463858101
"BR00117012","O12","sample",-1.14965919876099,-0.126530489441184,-0.124548889920722,0.484814453125182,0.0112252891812881,0.014151122558575
"BR00117012","O13","sample",-8.23390919876099,-0.906216870231033,-0.892024568253735,30.4051757812501,0.703994875879457,0.887488741562723
"BR00117012","O14","sample",4.40944103860855,0.485299237703205,0.477698945149524,6.71552734375018,0.155489870305039,0.196017775200965
"BR00117012","O15","sample",-2.73940919876099,-0.301496988909817,-0.296775231400753,51.9217773437504,1.20218562324823,1.51553120975281
"BR00117012","O16","sample",-42.030409198761,-4.62583020521556,-4.55338487637127,-226.02822265625,-5.23340867025233,-6.59747880841248
"BR00117012","O17","sample",5.57334080123901,0.613397031192636,0.603790593501353,22.7594238281249,0.526966785794717,0.66431888298344
"BR00117012","O18","negcon",0.296340801239019,0.0326150103113829,0.0321042252106665,19.0051757812503,0.440041737020289,0.554737116424809
"BR00117012","O19","sample",3.97323045277595,0.437290280801622,0.430441858618429,-2.12153320312495,-0.0491215217683142,-0.0619248790459545
"BR00117012","O20","sample",0.225920400619508,0.0248646023934244,0.0244751967695554,11.0448974609376,0.255731171332646,0.322386629790232
"BR00117012","O21","sample",0,0,0,4.82177734375023,0.111642391645869,0.140741600630358
"BR00117012","O22","sample",-44.7694790422916,-4.92728984498449,-4.85012334355766,-233.3589453125,-5.40314264000876,-6.81145335905305
"BR00117012","O23","sample",-0.793329599380492,-0.0873131642890124,-0.0859457490102975,31.6822021484375,0.733562868688669,0.924763530950929
"BR00117012","O24","sample",-11.408659198761,-1.25562708830812,-1.23596265764749,38.0217773437503,0.880348024112928,1.10980773699693
"BR00117012","P01","sample",2.72421099857986,0.299824288243728,0.295128726972838,3.60273437500018,0.083416933926064,0.105159273528206
"BR00117012","P02","sample",0,0,0,24.5374999999999,0.568135977610252,0.716218684370318
"BR00117012","P03","sample",12.3805397338867,1.36259141297089,1.34125180935082,12.95,0.299841504230375,0.377994170661057
"BR00117012","P04","sample",4.03828973388671,0.44445064857888,0.437490087563249,52.0500000000002,1.20515446294911,1.51927386740603
"BR00117012","P05","negcon",3.47653973388672,0.382624933166706,0.376632627379945,51.813037109375,1.19966787533739,1.5123572194277
"BR00117012","P06","sample",12.4928693332672,1.37495431077892,1.35342109127641,22.8891113281252,0.529969542171547,0.66810429757863
"BR00117012","P07","sample",-12.9779602661133,-1.42834299607161,-1.40597365403736,-52.3499999999999,-1.21210059818224,-1.52803048912017
"BR00117012","P08","sample",3.18003973388672,0.349992401578437,0.344511155293876,32.6500000000001,0.755971051206311,0.953012329890618
"BR00117012","P09","sample",2.31372478604316,0.254646533447261,0.250658502967058,24.5175781250002,0.567674710817434,0.715637189959622
"BR00117012","P10","negcon",4.43186933326721,0.487767676266172,0.480128725388365,17.7333007812501,0.410593017854803,0.517612688949166
"BR00117012","P11","sample",-2.06467474365235,-0.227236302838904,-0.223677545177206,-3.44999999999982,-0.0798805551810606,-0.100701149712786
"BR00117012","P12","sample",-3.94096026611328,-0.4337386521823,-0.426945852210006,-47.4869628906249,-1.09950288683065,-1.38608456795785
"BR00117012","P13","sample",-4.64121026611328,-0.510807556886128,-0.502807777431829,-26.3666015624999,-0.61048660030447,-0.769607852568931
"BR00117012","P14","sample",1.52013997125626,0.167305280373049,0.164685105071253,-15.5562500000001,-0.360186054068245,-0.454067321802786
"BR00117012","P15","sample",-2.01571026611328,-0.221847315115475,-0.21837295462584,-3.54999999999973,-0.0821959335921038,-0.103620023617502
"BR00117012","P16","sample",0.00428973388672205,0.000472124372896197,0.000464730412475578,-37.6499999999996,-0.871739971758568,-1.09895602512653
"BR00117012","P17","sample",-29.9719602661133,-3.29868782511388,-3.24702693103792,294.187646484375,6.81155725466165,8.58696644413817
"BR00117012","P18","sample",5.13803973388671,0.565488175102314,0.556632040098341,-18.1666015624999,-0.42062557059875,-0.530260192382006
"BR00117012","P19","sample",-4.33607061457634,-0.47722415277951,-0.469750324483441,66.106689453125,1.53062001585445,1.92957090772061
"BR00117012","P20","sample",2.67861933326721,0.294806509294396,0.290189531678748,18.4731201171876,0.427722635039838,0.539207082487906
"BR00117012","P21","sample",10.0106989326477,1.10176879979855,1.08451395051295,3.45000000000005,0.0798805551810658,0.100701149712792
"BR00117012","P22","sample",-9.70578010964394,-1.06820969988783,-1.05148042113139,-17.5407226562497,-0.406134105524148,-0.511991576312333
"BR00117012","P23","sample",-7.54163066673279,-0.830025298344725,-0.817026235901866,-12.3895751953125,-0.286865549292497,-0.361636077281464
"BR00117012","P24","sample",-6.53796026611328,-0.719562208791855,-0.708293113618177,-43.75,-1.01297805483234,-1.27700733331438
"BR00117013","A01","sample",0.134173142790807,0.0150436564562831,0.0145357128527998,45.1500000000001,1.31371528649558,1.31787156798044
"BR00117013","A02","negcon",-2.05751394391059,-0.230690973486863,-0.222901776445271,33.4000000000001,0.971829248481781,0.974903884176008
"BR00117013","A03","sample",-16.1366537144184,-1.80926130061811,-1.74817224907339,43.4000000000001,1.26279608934459,1.26679127464787
"BR00117013","A04","sample",6.49100026333333,0.727778868319989,0.703205678817307,10.8000244140626,0.314244898500099,0.315239094325308
"BR00117013","A05","sample",3.90221371722223,0.437520962540268,0.422748225941422,8.53798828125014,0.248427147751903,0.24921311192934
"BR00117013","A06","sample",1.11388769793511,0.12489044759682,0.120673566935039,44.6667236328128,1.29965354671317,1.30376534021094
"BR00117013","A07","sample",-1.27253292584418,-0.142677944091657,-0.13786047506276,7.90000000000009,0.229863804281621,0.23059103847277
"BR00117013","A08","sample",-2.78391128277777,-0.312135529300195,-0.301596386373829,-20.6309570312501,-0.600292439135918,-0.602191621078861
"BR00117013","A09","negcon",7.79125871644915,0.873565432353523,0.844069812397192,11.2996032714843,0.328780986690685,0.329821171228083
"BR00117013","A10","sample",0.000135532498369173,1.51960690620961e-05,1.46829793022619e-05,-72.2003967285157,-2.10079213451376,-2.10743853921193
"BR00117013","A11","sample",3.20140084376932,0.358944968201344,0.346825321549598,4.69998779296884,0.136754060021391,0.137186717213926
"BR00117013","A12","sample",4.5763462855816,0.513105528523059,0.49578070647048,-24.5,-0.71286876011388,-0.715124106656052
"BR00117013","A13","sample",0.249429110288624,0.0279662961404188,0.0270220242954104,36,1.04748062710611,1.05079460569869
"BR00117013","A14","sample",-33.4018215610981,-3.74505298249344,-3.61860262697702,-685.849987792969,-19.9559604253916,-20.0190963192045
"BR00117013","A15","sample",-13.9681612827778,-1.56612728369706,-1.51324756404204,-161.99,-4.71337185513662,-4.72828383825362
"BR00117013","A16","sample",-2.26268950998782,-0.253695508262512,-0.245129571448621,-128.359975585937,-3.73484965894674,-3.74666583148106
"BR00117013","A17","negcon",6.53946707415582,0.733213026277234,0.708456354402249,28.3,0.823436159641745,0.826041315035356
"BR00117013","A18","sample",-15.8767862827778,-1.78012464715332,-1.72001938414414,-126.7,-3.68654987373177,-3.69821323727843
"BR00117013","A19","sample",-2.86255190777778,-0.320952812114029,-0.310115956831734,27.9535156250001,0.813354613241543,0.815927873029559
"BR00117013","A20","sample",1.31666666902674e-07,1.47626273218921e-08,1.42641725651942e-08,13.6871337890627,0.398250207907018,0.399510176472871
"BR00117013","A21","sample",5.69501059222222,0.638531535315237,0.616971749638908,0,0,0
"BR00117013","A22","sample",1.44521455514432,0.162039219034383,0.156568023579931,-84.6655029296874,-2.46348539175119,-2.47127927131339
"BR00117013","A23","sample",-0.860922825664275,-0.0965277175094482,-0.0932684941410965,-34.8128662109373,-1.0129389702776,-1.01614366731564
"BR00117013","A24","sample",-25.7936843685508,-2.89201935880169,-2.79437137416962,-188.96,-5.49810942494361,-5.51550413035622
"BR00117013","B01","sample",10.1147440325022,1.13407744056084,1.09578572714252,2.84999999999991,0.0829255496458976,0.0831879062844768
"BR00117013","B02","sample",-50.8319430541992,-5.69933946844326,-5.50690333860417,-461.18,-13.418808766911,-13.4612626737811
"BR00117013","B03","negcon",13.497917175293,1.51340294068437,1.46230343934655,8.09999999999991,0.235683141098872,0.236428786282202
"BR00117013","B04","sample",-19.0564288469553,-2.13663005050248,-2.06448751186389,-25.7999755859375,-0.750693739057782,-0.753068754801695
"BR00117013","B05","sample",-7.37721539306639,-0.827142389817362,-0.799214227053303,8.03798828124991,0.233878805708756,0.234618742405741
"BR00117013","B06","sample",-0.113541412353506,-0.0127304016696578,-0.0123005642749614,199.866723632813,5.81545891690394,5.83385764033417
"BR00117013","B07","sample",3.6650379638672,0.410928527727914,0.397053675044672,0.399999999999864,0.0116386736345084,0.0116754956188703
"BR00117013","B08","sample",2.37665960693361,0.266473974571636,0.257476577477932,1.46904296874982,0.0427442791708855,0.0428795118639415
"BR00117013","B09","sample",3.84982960616054,0.431647592101234,0.417073167724823,1.39960327148424,0.040723814236502,0.0408526546609409
"BR00117013","B10","sample",3.20670642220976,0.359539836128707,0.347400103977169,39.2996032714841,1.14348814110654,1.14710586454928
"BR00117013","B11","sample",0.568971733480701,0.0637938048836254,0.0616398302015614,-20.0000122070312,-0.581934036909747,-0.583775137251564
"BR00117013","B12","sample",-42.674182824707,-4.78468143932822,-4.62312840606966,-538.77,-15.6764204851655,-15.7260169364523
"BR00117013","B13","sample",7.105427357601e-15,7.96669183709012e-16,7.69769937695701e-16,0,0,0
"BR00117013","B14","negcon",7.04624932861329,0.790034070903769,0.763358857067582,-45.9499877929688,-1.33699227858047,-1.34122220291034
"BR00117013","B15","sample",-26.3675903930664,-2.95636640241582,-2.85654576319662,-62.2,-1.80981375016667,-1.81553956873496
"BR00117013","B16","sample",-34.1061186202764,-3.82401962798648,-3.69490299232845,-179.689975585938,-5.22838245309553,-5.24492380677311
"BR00117013","B17","sample",1.3630379638672,0.152825479367803,0.147665382491107,-50,-1.45483420431404,-1.45943695235929
"BR00117013","B18","sample",4.45578460693361,0.499588006031983,0.482719598223124,0,0,0
"BR00117013","B19","sample",1.8981933607165e-05,2.12827755333559e-06,2.05641703373416e-06,-44.846484375,-1.3048839882397,-1.30901232960557
"BR00117013","B20","sample",2.41057102137805,0.270276163729897,0.261150387098426,20.8871337890625,0.607746333328234,0.609669097612603
"BR00117013","B21","sample",3.62958148193361,0.406953103717842,0.393212479784301,16.9999999999998,0.494643629466767,0.496208563802152
"BR00117013","B22","sample",-1.4452145551443,-0.162039219034381,-0.156568023579929,-20.4655029296875,-0.595478273411973,-0.597362224484066
"BR00117013","B23","sample",-10.4383519359529,-1.17036075348615,-1.13084394716789,49.7871337890626,1.44864050342175,1.45322365607628
"BR00117013","B24","sample",-8.42211347883939,-0.944297637933633,-0.912413770712477,0,0,0
"BR00117013","C01","sample",8.13286265277863,0.911866482439732,0.881077641420123,19.9120117187499,0.579373514502787,0.581206513963096
"BR00117013","C02","sample",7.33517556607724,0.822428833128209,0.794659821896018,14.36201171875,0.41788691782393,0.419209012251217
"BR00117013","C03","negcon",14.7230357955694,1.65076473499196,1.59502726249439,9.66201171875014,0.281132502618416,0.282021938729449
"BR00117013","C04","sample",-32.2523102266788,-3.61616836931442,-3.49406975601187,437.762036132813,12.7374236703235,12.7777218374454
"BR00117013","C05","sample",14.1089032272101,1.58190744220709,1.52849491122389,0,0,0
"BR00117013","C06","negcon",11.3705772079229,1.27488298826191,1.23183702659965,15.0287353515625,0.437286364740736,0.438669834385975
"BR00117013","C07","sample",10.0621565841436,1.12818127169602,1.09008864028071,-4.33798828124986,-0.126221074589516,-0.126620407931152
"BR00117013","C08","sample",-42.0672217727899,-4.71662822571586,-4.55737298453008,-350.0089453125,-10.1840997091301,-10.2163197689073
"BR00117013","C09","poscon_diverse",-39.764051773563,-4.45839399561507,-4.30785793953972,-211.138385009766,-6.14342688711668,-6.16286322289429
"BR00117013","C10","sample",-46.7091749575138,-5.23708967980889,-5.06026124641186,-642.818385009766,-18.7038834734824,-18.7630580947834
"BR00117013","C11","sample",4.85709035375715,0.544582895944922,0.526195251999082,-0.13800048828125,-0.00401535661127203,-0.00402806024082563
"BR00117013","C12","negcon",8.53803579556943,0.957294989506609,0.924972271424101,-12.8379882812499,-0.373542889322902,-0.374724689832231
"BR00117013","C13","poscon_cp",-37.9438813797235,-4.25431427051308,-4.11066889233027,239.66201171875,6.973369842463,6.99543191958218
"BR00117013","C14","sample",-23.1826320511103,-2.59926498757705,-2.51150174809902,286.512023925781,8.33654984708938,8.36292470025068
"BR00117013","C15","negcon",2.45552822721005,0.275316820494011,0.26602084791529,47.3620117187502,1.3780774926712,1.38243740080835
"BR00117013","C16","sample",7.105427357601e-15,7.96669183709012e-16,7.69769937695701e-16,38.4620361328125,1.11911771467156,1.12265833590409
"BR00117013","C17","sample",11.2311565841436,1.25925097783545,1.21673282533506,23.1620117187501,0.673937737783207,0.676069915866457
"BR00117013","C18","negcon",13.8979032272101,1.55824986479441,1.50563612333128,-33.4379882812498,-0.972934581500284,-0.976012714204256
"BR00117013","C19","sample",24.55213760221,2.7528156207156,2.65986779980684,-0.08447265625,-0.00245787419283524,-0.00246565031990388
"BR00117013","C20","sample",-38.5513103583455,-4.32241994863844,-4.1764750069376,-546.530854492187,-15.9022356165643,-15.9525464930079
"BR00117013","C21","negcon",9.74170010221005,1.09225129999584,1.05537183104216,19.26201171875,0.560460669846709,0.56223383358243
"BR00117013","C22","sample",-40.1400959348679,-4.50055652574139,-4.34859686712988,-613.663491210937,-17.8555727390488,-17.912063507741
"BR00117013","C23","sample",8.19276668432356,0.918582995537389,0.887567373889307,-19.7508544921873,-0.574684373593273,-0.576502537731391
"BR00117013","C24","sample",0.0190051414370629,0.00213087964353649,0.00205893126530327,41.8620117187502,1.21804573019666,1.22189933604883
"BR00117013","D01","sample",-0.643293931365001,-0.0721269003809152,-0.0696915617520365,3.11655273437486,0.09068135035034,0.0909682444904612
"BR00117013","D02","sample",-4.6059810180664,-0.5164282108826,-0.498991199665383,25.4665527343748,0.740992239678713,0.743336562195061
"BR00117013","D03","sample",-40.0211207885742,-4.4872168871934,-4.3357076366388,-340.023447265625,-9.89355482701605,-9.92485567216087
"BR00117013","D04","sample",3.06853318917752,0.344047684674584,0.332431039397449,-30.4334228515627,-0.885511690376118,-0.888313237926924
"BR00117013","D05","poscon_diverse",-8.56525335693357,-0.960346655691238,-0.927920899206932,-7.79545898437505,-0.22682200737592,-0.227539618047963
"BR00117013","D06","sample",5.3104206237793,0.595410838867002,0.575307007865143,0.2332763671875,0.00678756876084993,0.00680904300771143
"BR00117013","D07","poscon_cp",7.105427357601e-15,7.96669183709012e-16,7.69769937695701e-16,-7.83344726562518,-0.227927340394436,-0.228648448076224
"BR00117013","D08","poscon_diverse",-25.4403783569336,-2.8524062577581,-2.75609579511396,-226.044404296875,-6.57714262129771,-6.59795113009805
"BR00117013","D09","sample",6.09379164229335,0.683243353148253,0.660173889161044,-30.7338439941407,-0.89425294945455,-0.89708215226189
"BR00117013","D10","sample",3.56066845834256,0.399226491441317,0.38574675376863,37.9661560058594,1.10468924727294,1.10818422027977
"BR00117013","D11","poscon_diverse",-46.9532662303865,-5.26445749110626,-5.08670499348786,-161.033459472656,-4.68553969759678,-4.70036362641293
"BR00117013","D12","sample",-3.96812078857421,-0.444910543784592,-0.429888300655443,-0.233447265625045,-0.00679254133869803,-0.00681403131760851
"BR00117013","D13","sample",1.68396203613281,0.188807877866454,0.182432848356293,6.06655273437491,0.17651656840487,0.177075024679661
"BR00117013","D14","negcon",17.0352113647461,1.910008680582,1.84551793029675,-21.083435058594,-0.613458049353526,-0.615398884143588
"BR00117013","D15","negcon",10.7563716430664,1.20601751102072,1.16529676721804,22.2665527343752,0.647882850602627,0.649932597244078
"BR00117013","D16","poscon_cp",-19.0201565841436,-2.13256316014514,-2.06055793858429,-127.803422851563,-3.71865581985728,-3.7304207589514
"BR00117013","D17","sample",7.105427357601e-15,7.96669183709012e-16,7.69769937695701e-16,106.766552734375,3.10655265589335,3.11638104673127
"BR00117013","D18","sample",6.41374664306642,0.719117098168927,0.694836370193525,-67.6334472656249,-1.96790904875402,-1.97413504309793
"BR00117013","D19","sample",-1.89819335858488e-05,-2.12827755094559e-06,-2.05641703142485e-06,39.3200683593748,1.14408360730369,1.1477032146593
"BR00117013","D20","sample",6.19153305751087,0.694202239863576,0.670762753041525,25.5536865234376,0.743527544012315,0.745879887626208
"BR00117013","D21","negcon",8.60454351806641,0.964751916490085,0.932177417972819,34.4665527343748,1.00286239645524,1.00603521361973
"BR00117013","D22","negcon",5.73874748098851,0.6434353686412,0.621710006811381,36.4010498046875,1.05914984657597,1.06250074379264
"BR00117013","D23","sample",4.81861010017992,0.540268442969269,0.522026474963177,3.95368652343745,0.115039167748645,0.115403124206991
"BR00117013","D24","sample",-0.818151442706572,-0.0917321378726277,-0.0886348355112198,26.5665527343749,0.772998592173626,0.775444175146969
"BR00117013","E01","sample",11.9868694271147,1.34398242373281,1.29860334469621,8.38095703125009,0.243858059078978,0.244629567750836
"BR00117013","E02","sample",0.781182340413338,0.0875871170224884,0.0846297697865683,18.8309570312499,0.547918407780607,0.549651890793922
"BR00117013","E03","sample",5.15904256990552,0.578438146790702,0.558907392580319,8.23095703125,0.239493556466033,0.240251256893755
"BR00117013","E04","sample",6.52169654765726,0.73122057316679,0.70653117574836,-14.8690185546875,-0.43263913555879,-0.434007902480537
"BR00117013","E05","poscon_diverse",-36.1070899984538,-4.04837098002338,-3.91167920234245,570.3689453125,16.595845014383,16.6483503053451
"BR00117013","E06","poscon_diverse",-39.753516017741,-4.45721271381904,-4.30671654329506,-47.6023193359374,-1.38506964749203,-1.38945167713748
"BR00117013","E07","negcon",0.624163358479741,0.0699819572103848,0.0676190418096271,8.23095703125,0.239493556466033,0.240251256893755
"BR00117013","E08","sample",-5.41921499845385,-0.607608996880874,-0.587093299498295,0,0,0
"BR00117013","E09","poscon_orf",-0.0190449992269208,-0.00213534854756048,-0.00206324927840389,-25.6694396972657,-0.746895577543176,-0.749258576810961
"BR00117013","E10","poscon_diverse",-8.59716818317771,-0.96392498494471,-0.931378407471123,-9.36943969726576,-0.2726196269368,-0.273482130341834
"BR00117013","E11","sample",-2.61690287190675,-0.293410342528871,-0.283503448741679,14.6309448242189,0.425711979434102,0.427058830487898
"BR00117013","E12","sample",0.0190425699055297,0.00213507616908241,0.00206298609668634,1.83095703125014,0.0532747783138398,0.0534433269917702
"BR00117013","E13","poscon_diverse",-43.2527746053875,-4.84955385564001,-4.68581042877575,10.53095703125,0.306415929864477,0.307385356702281
"BR00117013","E14","negcon",14.3783747232258,1.61212091508625,1.55768823715058,-31.6190307617187,-0.920008949188124,-0.922919637828747
"BR00117013","E15","sample",9.60953500154615,1.07743278767256,1.04105366041239,-6.96904296874982,-0.20277604164543,-0.203417576623463
"BR00117013","E16","sample",6.7860067743361,0.760855358231325,0.735165353044573,9.83098144531255,0.286048961372347,0.286953951984953
"BR00117013","E17","negcon",15.1331633584797,1.69674873768686,1.639458632018,-16.6690429687499,-0.485013877282355,-0.486548345381167
"BR00117013","E18","sample",0.170910001546147,0.0191626378776246,0.0185156183605217,-31.7690429687498,-0.924373806985193,-0.927298304993669
"BR00117013","E19","sample",3.39414437654614,0.380555608236702,0.367706286162957,0.08447265625,0.00245787419283524,0.00246565031990388
"BR00117013","E20","poscon_diverse",-14.7663035840094,-1.65561597221705,-1.59971469945425,-68.8819091796873,-2.00423515066125,-2.01057607211784
"BR00117013","E21","poscon_diverse",-36.4692931234539,-4.08898163627362,-3.95091865451504,79.03095703125,2.29953878977471,2.30681398143451
"BR00117013","E22","poscon_cp",2.94991083946825,0.33074760211003,0.319580029296368,-10.1345458984374,-0.294881680364746,-0.295814615591216
"BR00117013","E23","sample",-40.6674265413403,-4.55968147666413,-4.40572548553102,-248.031909179687,-7.21690610471845,-7.23973867242118
"BR00117013","E24","negcon",-1.04998808422684,-0.117725944952537,-0.113750971123771,37.2309570312502,1.08329739496818,1.08672468926215
"BR00117013","F01","negcon",-0.473142488658411,-0.0530493130457972,-0.0512581222333039,5.28784179687477,0.153858662261897,0.15434543433178
"BR00117013","F02","sample",-1.39982957535981,-0.156950599732844,-0.151651219663321,-6.16215820312505,-0.179298370526013,-0.179865627758492
"BR00117013","F03","negcon",15.9130306541324,1.78418841028647,1.72394593578915,15.6378417968749,0.455009342554907,0.456448883470156
"BR00117013","F04","sample",13.6416846318841,1.52952232330867,1.4778785568635,-7.46213378906259,-0.217123349469916,-0.217810275904136
"BR00117013","F05","sample",9.46289808577301,1.06099167778413,1.02516767863568,-70.724169921875,-2.05783882948124,-2.06434934017844
"BR00117013","F06","negcon",19.2455720664859,2.15783701902442,2.08497843478606,1.80456542968773,0.0525068702206474,0.0526729894207277
"BR00117013","F07","sample",-38.0988485572934,-4.27168937951679,-4.12745733708091,214.637841796875,6.24524947572479,6.26500795386013
"BR00117013","F08","sample",-7.729226914227,-0.86661035101173,-0.837349566854098,33.6068847656247,0.977848909149426,0.980942589612663
"BR00117013","F09","negcon",2.56394308499993,0.287472426611777,0.277766024401674,9.43744506835924,0.274598357735677,0.275467121372488
"BR00117013","F10","sample",-5.54318009895085,-0.621508115181718,-0.600523119111318,15.2374450683592,0.443359125436105,0.444761807846164
"BR00117013","F11","sample",0.00908521232010173,0.00101864508897354,0.000984250907035962,-56.5621704101563,-1.6457716036587,-1.65097843204451
"BR00117013","F12","sample",3.03903065413238,0.340739824453253,0.329234867876637,-20.262158203125,-0.58956161614257,-0.591426848323809
"BR00117013","F13","poscon_cp",0.451113478839403,0.0505793935902625,0.0488715987122752,-6.06215820312514,-0.176388702117388,-0.176946753853776
"BR00117013","F14","sample",11.5283628074527,1.29257410217414,1.2489308064677,-17.4121459960938,-0.506635711312542,-0.508238585731484
"BR00117013","F15","sample",5.28952308577301,0.593067781411465,0.573043062894698,12.5378417968752,0.364809621887446,0.36596379242389
"BR00117013","F16","poscon_diverse",-3.06700514143704,-0.343876358097756,-0.332265497600343,7.4378662109375,0.216417243415671,0.217101935898935
"BR00117013","F17","sample",3.9651514427066,0.444577617103417,0.429566615122895,-23.662158203125,-0.688490342035927,-0.690668561084243
"BR00117013","F18","sample",-0.740101914226997,-0.0829811295217817,-0.0801793017830999,17.037841796875,0.495744700275703,0.497313118136219
"BR00117013","F19","poscon_diverse",-11.898867539227,-1.33411554470359,-1.28906961725841,32.2913574218749,0.939571425621472,0.942544005266511
"BR00117013","F20","sample",2.23068450021745,0.250107067522057,0.241662293108138,3.32497558593764,0.0967457642186238,0.0970518447161973
"BR00117013","F21","sample",4.850694960773,0.543865836681381,0.525502403981477,-3.36215820312509,-0.0978276550844283,-0.0981371584263733
"BR00117013","F22","poscon_diverse",-11.3221010763049,-1.26944778524569,-1.22658534124177,-82.3576611328125,-2.39633484806641,-2.40391627934222
"BR00117013","F23","sample",-0.481238457113498,-0.0539570429057821,-0.052135202923826,31.9249755859375,0.928910929086252,0.931849781465708
"BR00117013","F24","sample",7.105427357601e-15,7.96669183709012e-16,7.69769937695701e-16,15.037841796875,0.437551332103141,0.438935640041848
"BR00117013","G01","sample",-1.54266557443141,-0.172965546203714,-0.16712542727568,-2.84999999999991,-0.0829255496458976,-0.0831879062844768
"BR00117013","G02","sample",6.2346473388672,0.699036265687175,0.675433559736629,0,0,0
"BR00117013","G03","sample",-34.2794924316406,-3.84345851122667,-3.71368552872707,106.1,3.0871581815544,3.09692521290641
"BR00117013","G04","negcon",8.66716154611111,0.971772726186277,0.938961172576267,5.00002441406264,0.145484130799672,0.145944407851632
"BR00117013","G05","sample",-0.525624999999984,-0.0589337162442568,-0.0569438406922084,-43.76201171875,-1.27332942996059,-1.27735794023848
"BR00117013","G06","sample",-42.5435510192871,-4.77003484193827,-4.60897634572784,-582.333276367187,-16.9439673753849,-16.9975740423745
"BR00117013","G07","sample",-0.0503716430663985,-0.00564773007226104,-0.00545703651496384,-9.70000000000005,-0.282237835636925,-0.283130768757703
"BR00117013","G08","sample",0.0582500000000081,0.00653106106297939,0.00631054215518992,6.36904296874991,0.185318031193664,0.185904333195155
"BR00117013","G09","negcon",7.81641999922694,0.876386546074461,0.846795672236641,8.79960327148433,0.256039276474983,0.256849323610118
"BR00117013","G10","negcon",4.11029681527615,0.460851493348232,0.445291009839303,-2.40039672851572,-0.0698435852913637,-0.0700645537183637
"BR00117013","G11","sample",-2.95843787345289,-0.331703663563074,-0.320503809681241,59.0999877929689,1.71961367431507,1.72505412138084
"BR00117013","G12","sample",2.27750756835938,0.255356927044648,0.246734893028223,0,0,0
"BR00117013","G13","negcon",-8.37640960693359,-0.939173264058418,-0.907462419462402,-13,-0.37825689312165,-0.379453607613415
"BR00117013","G14","sample",4.91383972167969,0.550945704308657,0.532343222446388,-12.4499877929686,-0.36225336169006,-0.363399444829609
"BR00117013","G15","sample",7.105427357601e-15,7.96669183709012e-16,7.69769937695701e-16,48.1000000000001,1.39955050455011,1.40397834816964
"BR00117013","G16","sample",2.00047177278996,0.224295335671348,0.216722085020717,-10.9999755859374,-0.320062814580821,-0.32107541690334
"BR00117013","G17","poscon_orf",-6.1743716430664,-0.692278081139733,-0.668903562839045,102.7,2.98822945566104,2.99768350014598
"BR00117013","G18","negcon",9.81337500000001,1.10028757697694,1.06313676604598,-31.1999999999998,-0.907816543491956,-0.910688658272191
"BR00117013","G19","sample",1.24360937500001,0.13943500028528,0.134727028077697,1.95351562500014,0.0568408269982424,0.057020657802729
"BR00117013","G20","sample",2.23416141444446,0.250496903386903,0.242038966306412,-5.71286621093736,-0.166225463366832,-0.166751361042536
"BR00117013","G21","poscon_cp",-11.860828125,-1.32985051917369,-1.28494859876849,-11.4000000000001,-0.331702198583604,-0.332751625137921
"BR00117013","G22","sample",-5.5626241620779,-0.623688207260605,-0.602629601171943,23.3344970703126,0.678956489567132,0.681104545782677
"BR00117013","G23","sample",0.481238457113513,0.0539570429057837,0.0521352029238275,-63.3128662109373,-1.8421944667366,-1.84802273016043
"BR00117013","G24","sample",0.997476914227022,0.111838328510352,0.10806214791515,52.0000000000002,1.51302757248661,1.51781443045367
"BR00117013","H01","sample",-46.3898374494314,-5.20128516882201,-5.02566566175114,-93.5499511718754,-2.72199337553505,-2.73060511263284
"BR00117013","H02","sample",3.30047546386721,0.370053335474317,0.35755861883092,-1.59995117187532,-0.0465532738015309,-0.0467005572441077
"BR00117013","H03","poscon_cp",-5.93766430664061,-0.665738165804937,-0.643259758118744,6.00004882812482,0.174581525254207,0.175133859514508
"BR00117013","H04","negcon",6.28898967111112,0.705129194274123,0.681320762799917,-20.9999267578128,-0.611028234707113,-0.612961382143811
"BR00117013","H05","poscon_diverse",-13.366796875,-1.4987015726533,-1.44809845767445,9.53803710937495,0.277525252574706,0.27840327620792
"BR00117013","H06","sample",8.22087710571291,0.921734770277301,0.890612730098365,-28.3332275390626,-0.824402970848816,-0.827011185002236
"BR00117013","H07","poscon_cp",-3.95854351806639,-0.443836728531317,-0.428850742384691,14.2000488281246,0.413174334761704,0.414481519701426
"BR00117013","H08","sample",1.13907812500001,0.127714829010783,0.123402584135043,5.26909179687482,0.15331309943528,0.153798145474646
"BR00117013","H09","sample",4.40024812422695,0.49336118783833,0.476703026287136,-29.1003479003907,-0.846723629658534,-0.849402461046825
"BR00117013","H10","negcon",-1.29987505972384,-0.145743577498699,-0.140822598469805,5.99965209960919,0.17456998176992,0.175122279509393
"BR00117013","H11","poscon_orf",-7.88960974845288,-0.884592670046628,-0.854724719409482,3.66210938409495e-05,1.06555239838415e-06,1.06892355174598e-06
"BR00117013","H12","sample",4.1773356933594,0.46836797414403,0.452553699387473,9.40004882812468,0.273510251147558,0.274375572274936
"BR00117013","H13","negcon",6.75841851806642,0.757762129281654,0.732176565848384,-31.3999511718753,-0.913634459572698,-0.916524980850243
"BR00117013","H14","sample",-1.7953321533203,-0.201294831273194,-0.194498184310628,9.55006103515598,0.277875108944633,0.278754239439865
"BR00117013","H15","sample",0.0818281250000155,0.00917466920247445,0.00886488982476697,-0.0999511718750909,-0.00290824767210308,-0.00291744867332244
"BR00117013","H16","sample",-5.10870010221003,-0.57279368789662,-0.55345351679339,24.3000732421872,0.707051554401406,0.709288496693703
"BR00117013","H17","negcon",16.4174564819336,1.84074524948155,1.77859315382358,-0.199951171875227,-0.00581791608073513,-0.005836322578045
"BR00117013","H18","negcon",0.453203125000016,0.0508136872670862,0.049097981548086,-27.7999511718751,-0.808886396862083,-0.81144552028037
"BR00117013","H19","poscon_cp",-39.9085625,-4.47459671456125,-4.32351357955788,-463.976435546875,-13.500175768586,-13.5428871012211
"BR00117013","H20","sample",3.41798953944446,0.383229156991133,0.370289563513467,1.58718261718741,0.0461817511995384,0.0463278592333126
"BR00117013","H21","poscon_orf",7.105427357601e-15,7.96669183709012e-16,7.69769937695701e-16,-1.79995117187536,-0.0523726106187884,-0.0525383050535462
"BR00117013","H22","sample",4.9282039629221,0.552556240560632,0.533899379526002,10.1345458984374,0.294881680364746,0.295814615591216
"BR00117013","H23","sample",5.32406658211352,0.596940840363031,0.576785349415633,-1.5128173828125,-0.0440179694679294,-0.0441572318129606
"BR00117013","H24","sample",-38.222694960773,-4.28557518936323,-4.14087429759467,-317.219951171875,-9.23004870511348,-9.25925037531688
"BR00117013","I01","sample",6.7800844255686,0.760191337262453,0.734523752502855,15.8499999999997,0.461182442767541,0.462641513897885
"BR00117013","I02","negcon",6.1813973388672,0.693065810724023,0.669664695019654,29.3999999999996,0.855442512136645,0.858148927987251
"BR00117013","I03","sample",8.26225756835939,0.926374398231953,0.895095702698053,-119.98,-3.49102015667198,-3.50206491088136
"BR00117013","I04","sample",21.1509115461111,2.37146600592804,2.2913943164362,1.70002441406223,0.0494650733149333,0.0496215689959073
"BR00117013","I05","poscon_diverse",-38.872875,-4.35847416855845,-4.2113118691999,-589.56201171875,-17.1542996042526,-17.2085717121925
"BR00117013","I06","poscon_diverse",-27.1122010192871,-3.03985305422681,-2.9372135184922,-0.2332763671875,-0.00678756876084993,-0.00680904300771143
"BR00117013","I07","sample",-21.2336216430664,-2.38073956290211,-2.30035475512283,-322.46,-9.38251675046212,-9.41220079315553
"BR00117013","I08","sample",7.105427357601e-15,7.96669183709012e-16,7.69769937695701e-16,25.7690429687498,0.749793702467508,0.752165870710555
"BR00117013","I09","negcon",15.4981699992269,1.73767372754287,1.67900180443618,42.3996032714842,1.23368786177402,1.23759095559556
"BR00117013","I10","negcon",15.3610468152762,1.72229930887278,1.66414649743575,20.7996032714843,0.605199485510352,0.607114192176348
"BR00117013","I11","sample",19.0003121265471,2.13033817534987,2.05840807959356,9.79998779296875,0.28514714886142,0.286049286354571
"BR00117013","I12","sample",6.65825756835939,0.746531961407619,0.721325580519114,20.2999999999997,0.590662686951492,0.592531402657863
"BR00117013","I13","sample",-2.10765960693359,-0.23631336640097,-0.228334331302036,6.39999999999964,0.186218778152187,0.186807929901978
"BR00117013","I14","poscon_diverse",-27.1194102783203,-3.04066136514465,-2.9379945370851,57.3500122070309,1.66869518753233,1.67397454066394
"BR00117013","I15","sample",8.44475000000001,0.946835672301933,0.914866109270948,0,0,0
"BR00117013","I16","poscon_cp",3.07922177278996,0.345246101708912,0.333588992315313,-5.59997558593773,-0.162940720514915,-0.163456226048548
"BR00117013","I17","poscon_diverse",-23.0228216430664,-2.58134684966402,-2.4941886096132,-271.52,-7.90033166310697,-7.92532642609189
"BR00117013","I18","poscon_cp",-10.581875,-1.18645273452026,-1.14639258829942,41.3,1.2016930527634,1.20549492264877
"BR00117013","I19","sample",-21.112640625,-2.36717502356386,-2.28724821753509,-179.716484375,-5.2291537709564,-5.24569756489952
"BR00117013","I20","sample",-35.6770885855555,-4.00015869702242,-3.86509478958905,-561.462866210938,-16.3367076443174,-16.388393086516
"BR00117013","I21","negcon",13.404921875,1.50297619416448,1.45222874814083,24.0999999999997,0.701230086479358,0.703448611037168
"BR00117013","I22","negcon",12.7081258379221,1.42485057242032,1.37674100967647,0.534497070312227,0.0155520923999175,0.0156012955068289
"BR00117013","I23","sample",14.2519884571135,1.59795033274288,1.54399611937996,-3.71286621093759,-0.108032095194278,-0.108373882948171
"BR00117013","I24","sample",8.50722691422702,0.953840660144732,0.921634576240144,39.7999999999997,1.15804802663397,1.16171181407799
"BR00117013","J01","sample",1.7336870867014,0.194383111199041,0.187819835957701,-20.75,-0.603756194790327,-0.605666335229105
"BR00117013","J02","sample",7.105427357601e-15,7.96669183709012e-16,7.69769937695701e-16,-3.5,-0.101838394301983,-0.10216058666515
"BR00117013","J03","sample",0.18986022949219,0.0212873605535554,0.0205686005459971,-15,-0.436450261294212,-0.437831085707787
"BR00117013","J04","poscon_cp",-9.63048579275608,-1.07978181594226,-1.04332337459462,-53.6999755859374,-1.56249122506501,-1.56743457421817
"BR00117013","J05","sample",1.99172766113283,0.223314935204838,0.21577478742034,14.5379882812501,0.423007252269588,0.424345546212455
"BR00117013","J06","poscon_diverse",-6.18659835815429,-0.693648955351555,-0.67022814998036,-34.4332763671873,-1.00189416451165,-1.00506391842146
"BR00117013","J07","sample",12.5339810180664,1.40532524276747,1.35787494569695,-28.3,-0.823436159641745,-0.826041315035356
"BR00117013","J08","sample",3.56160266113282,0.399331235397855,0.38584796108347,-2.93095703125005,-0.085281130808746,-0.0855509399436719
"BR00117013","J09","poscon_cp",-3.78322733964024,-0.424180064726524,-0.409857778703235,52.1996032714844,1.51883536581957,1.52364059825798
"BR00117013","J10","sample",-13.296350523591,-1.49080304179123,-1.44046661784191,-84.5803967285157,-2.46100908350192,-2.46879512861609
"BR00117013","J11","sample",-0.00908521232008042,-0.00101864508897115,-0.000984250907033653,14.9999877929688,0.436449906110081,0.437830729399938
"BR00117013","J12","sample",-2.32413977050781,-0.260585386439198,-0.251786815387826,-0.599999999999909,-0.0174580104517658,-0.0175132434283088
"BR00117013","J13","sample",-0.363056945800778,-0.0407063876800575,-0.0393319512654076,-3.70000000000005,-0.10765773111924,-0.107998334474589
"BR00117013","J14","negcon",7.99419238281251,0.896318602598213,0.866054730101793,-24.0499877929688,-0.699774897090921,-0.701988817776968
"BR00117013","J15","sample",5.19235266113282,0.582172914856261,0.562516057556852,9.5,0.276418498819668,0.277293020948265
"BR00117013","J16","sample",8.94682443392277,1.00312887034674,0.969258587902918,11.4000244140625,0.331702908951865,0.332752337753617
"BR00117013","J17","poscon_cp",-1.89819335858488e-05,-2.12827755094559e-06,-2.05641703142485e-06,0,0,0
"BR00117013","J18","sample",-1.78927233886717,-0.200615397483945,-0.193841691356824,5.60000000000014,0.162941430883176,0.163456938664244
"BR00117013","J19","negcon",11.9949620361328,1.34488977692862,1.29948006144049,23.653515625,0.688238871670531,0.690416295126655
"BR00117013","J20","poscon_diverse",-4.97748592442273,-0.558081794206365,-0.539238364857163,66.4871337890627,1.93455512766264,1.94067559816428
"BR00117013","J21","sample",-37.2214754638672,-4.17331723791711,-4.03240669515997,84.5,2.45866980529073,2.4664484494872
"BR00117013","J22","poscon_cp",2.49272849905492,0.279487760356298,0.270050957506046,31.6344970703126,0.920458967483261,0.923371079874317
"BR00117013","J23","negcon",6.67259111824632,0.748139056507375,0.722878412635767,18.2871337890626,0.532094954703907,0.533778376089923
"BR00117013","J24","sample",3.92282957535983,0.439832437705288,0.424981654985932,22.2,0.645946386715435,0.647990006847526
"BR00117013","K01","sample",-46.5725979222059,-5.22177649599093,-5.04546510669099,-716.21,-20.8393361094352,-20.9052667929849
"BR00117013","K02","sample",-3.1727850089073,-0.355736525886289,-0.343725211125517,0,0,0
"BR00117013","K03","poscon_orf",-28.7599247794151,-3.22459785237816,-3.11572047554618,204.5,5.95027189564442,5.96909713514949
"BR00117013","K04","poscon_cp",16.6287291983366,1.86443340419004,1.8014814865807,4.80002441406259,0.139664793982414,0.140106660042194
"BR00117013","K05","negcon",6.79194265222551,0.761520896101851,0.735808419270309,-10.26201171875,-0.298590513070182,-0.299535182157757
"BR00117013","K06","negcon",16.4076166329384,1.83964199360793,1.77752714898435,7.16672363281282,0.208527893477637,0.209187625941473
"BR00117013","K07","sample",0.408196009159106,0.045767434531884,0.0442221137060681,2.40000000000009,0.0698320418070766,0.0700529737132485
"BR00117013","K08","sample",-25.3331823477745,-2.84038731043577,-2.74448266318836,-52.0309570312502,-1.51392831944514,-1.5187180271605
"BR00117013","K09","sample",8.78698765145243,0.985207775300836,0.951942592130749,17.0996032714843,0.497541754391112,0.499115857701759
"BR00117013","K10","poscon_cp",-0.000135532498347857,-1.51960690597061e-05,-1.46829792999526e-05,-3.10039672851576,-0.0902112641517616,-0.0904966710513951
"BR00117013","K11","poscon_diverse",-42.0467702212274,-4.71433517280449,-4.5551573557185,-549.140012207031,-15.9781534543244,-16.0287045166794
"BR00117013","K12","sample",0.567075220584883,0.0635811655440663,0.0614343705521721,41.4000000000001,1.20460272117203,1.20841379655349
"BR00117013","K13","negcon",11.5031580452919,1.28974811349174,1.24620023626809,-0.900000000000091,-0.0261870156776554,-0.0262698651424699
"BR00117013","K14","sample",-32.8475926260948,-3.68291215816081,-3.55855996503773,53.1500122070313,1.54648911436996,1.55138183666578
"BR00117013","K15","sample",4.55356765222551,0.510551560362032,0.493312972118013,23.7,0.689591412844856,0.691773115418304
"BR00117013","K16","negcon",12.0500394250155,1.35106512096264,1.30544689722317,-22.0999755859375,-0.643036007938542,-0.645070420327106
"BR00117013","K17","sample",-28.4515039908409,-3.19001733730056,-3.08230755901684,-71.1,-2.06877423853457,-2.07531934625491
"BR00117013","K18","sample",2.03194265222551,0.227823889067043,0.220131498090913,20.1000000000001,0.584843350134248,0.586693654848438
"BR00117013","K19","negcon",9.34717702722551,1.04801689152411,1.0126309813274,4.55351562500005,0.13249220562257,0.132911379325409
"BR00117013","K20","poscon_diverse",-6.33727093333005,-0.710542548295574,-0.686551336886411,-25.4128662109374,-0.739430139866566,-0.741769520272097
"BR00117013","K21","sample",-32.9132604727745,-3.69027491724303,-3.56567412323023,-136.53,-3.97257027829992,-3.98513854211228
"BR00117013","K22","sample",3.6099434901476,0.404751268121127,0.39108498836784,22.8344970703126,0.664408147523991,0.666510176259084
"BR00117013","K23","sample",5.143806109339,0.576729816244031,0.557256743194896,-3.31286621093727,-0.0963934215597559,-0.0966983873292872
"BR00117013","K24","sample",3.22704456645251,0.361820173673035,0.349603446751456,-33.8,-0.98346792211629,-0.986579379794878
"BR00117013","L01","sample",-36.7802016686201,-4.12384108165529,-3.98460108336792,-282.23,-8.21195714967103,-8.23793782128724
"BR00117013","L02","negcon",7.3151112446785,0.820179196935207,0.792486143853066,1.70000000000005,0.0494643629466787,0.0496208563802171
"BR00117013","L03","sample",18.4309714741707,2.06650300682958,1.99672828238353,62.0000000000002,1.80399441334942,1.80970182092552
"BR00117013","L04","sample",-29.9663745480776,-3.35986647226745,-3.24642179955069,-375.889975585937,-10.9371518708238,-10.971754407831
"BR00117013","L05","negcon",8.89083890581133,0.996851704634482,0.963193368414029,3.43798828125,0.100034058911867,0.100350542788689
"BR00117013","L06","negcon",10.7165128865242,1.20154849861091,1.1609786493912,18.2667236328127,0.531501086835352,0.533182629365232
"BR00117013","L07","sample",16.0180922627449,1.79596804601563,1.73532783639072,0,0,0
"BR00117013","L08","poscon_orf",7.43171390581132,0.833252829552619,0.805118350007329,-49.73095703125,-1.44700594604669,-1.45158392735197
"BR00117013","L09","poscon_diverse",-15.0971160949617,-1.69270707452481,-1.63555343414659,-170.940396728516,-4.97379872119313,-4.98953463273105
"BR00117013","L10","sample",7.23076072108747,0.810721713325469,0.783347988746911,27.9996032714844,0.814695610931575,0.817273113316087
"BR00117013","L11","sample",-36.4577739676416,-4.08769009447098,-3.94967072115289,-560.050012207031,-16.2955982777057,-16.3471536596842
"BR00117013","L12","poscon_diverse",-37.4215285258293,-4.1957474312821,-4.05407954118206,-192.34,-5.59645621715525,-5.61416206833571
"BR00117013","L13","sample",6.91305429887772,0.775100081676502,0.748929108569591,-13.5,-0.392805235164791,-0.394047977137008
"BR00117013","L14","sample",-13.188696372509,-1.47873272703758,-1.42880385288767,364.250012207031,10.5984675336119,10.6319985542453
"BR00117013","L15","negcon",17.9174639058113,2.00892791180372,1.94109718955709,-1.09999999999991,-0.0320063524949062,-0.0321076129519017
"BR00117013","L16","sample",0.0129356786012735,0.00145036406585376,0.0014013930492586,6.50002441406264,0.189129156929093,0.189727516422411
"BR00117013","L17","sample",13.7150922627449,1.53775287643555,1.48583120834951,18.2,0.529559650370312,0.531235050658783
"BR00117013","L18","negcon",10.7008389058113,1.19979111277167,1.15928060104737,10.6000000000001,0.30842485131458,0.309400633900173
"BR00117013","L19","sample",0.743073280811323,0.0833142827681804,0.0805012062309782,-0.646484375,-0.0188105516260917,-0.018870063719958
"BR00117013","L20","sample",-15.8993746797442,-1.78265728577826,-1.72246650914457,418.887133789063,12.188226599668,12.2267872383925
"BR00117013","L21","sample",-28.9186642191887,-3.24239591202218,-3.13291759016218,-198.87,-5.78645756423866,-5.80476453431384
"BR00117013","L22","sample",8.36483974373341,0.937876036881582,0.90620899269065,11.7344970703127,0.341434954166277,0.342515172835324
"BR00117013","L23","sample",-17.5692976370752,-1.96989108500226,-1.90337842705281,60.3871337890628,1.75706535473633,1.76262428997645
"BR00117013","L24","sample",14.0889408200383,1.57966923276155,1.52633227410842,4.00000000000023,0.11638673634513,0.11675495618875
"BR00117013","M01","negcon",7.86995942556859,0.882389451872129,0.852595892097475,15.25,0.443724432315782,0.445128270469583
"BR00117013","M02","sample",-8.27472766113281,-0.927772560246789,-0.896446656279612,10.0999999999999,0.293876509271433,0.294806264376574
"BR00117013","M03","sample",17.8971325683594,2.00664833744508,1.9388945841998,0,0,0
"BR00117013","M04","negcon",8.26378654611111,0.926545829082775,0.895261345248381,4.30002441406259,0.125116451939274,0.125512290518601
"BR00117013","M05","sample",7.105427357601e-15,7.96669183709012e-16,7.69769937695701e-16,-5.86201171874995,-0.170565103090543,-0.171104730350137
"BR00117013","M06","sample",5.1196739807129,0.574024092542112,0.55464237727233,53.6667236328128,1.56152370348969,1.56646399163561
"BR00117013","M07","sample",2.6292533569336,0.294795093977245,0.284841444559688,5.20000000000005,0.151302757248661,0.151781443045367
"BR00117013","M08","sample",1.975875,0.221537515498929,0.21405738164608,36.06904296875,1.04948954855621,1.05280988289657
"BR00117013","M09","sample",0.019044999226935,0.00213534854756207,0.00206324927840543,43.7996032714843,1.27442321949481,1.27845519026162
"BR00117013","M10","poscon_diverse",-44.2850781847238,-4.96529699232974,-4.7976455404385,-409.870396728516,-11.9258694499282,-11.9636000532752
"BR00117013","M11","sample",4.6321871265471,0.519366471735999,0.501830251206858,-16.8000122070312,-0.488824647833647,-0.490371172300568
"BR00117013","M12","sample",-40.8598674316406,-4.5812581840558,-4.4265736632241,159.2,4.63219210653591,4.64684725631198
"BR00117013","M13","sample",-4.4897846069336,-0.503400127510801,-0.486403004802975,-13.7,-0.398624571982048,-0.399885724946446
"BR00117013","M14","sample",7.97546472167969,0.894218834384905,0.864025859800561,5.05001220703139,0.146938609819854,0.147403488496142
"BR00117013","M15","sample",-12.458375,-1.39684820378514,-1.349684130861,-49.8999999999999,-1.45192453590541,-1.45651807845457
"BR00117013","M16","poscon_cp",-43.91290322721,-4.92356828205276,-4.75732578492782,-472.489975585937,-13.7478915535585,-13.7913865997891
"BR00117013","M17","negcon",11.2472533569336,1.26105576763816,1.21847667706474,21.4000000000001,0.622669039446412,0.624639015609778
"BR00117013","M18","poscon_cp",7.105427357601e-15,7.96669183709012e-16,7.69769937695701e-16,-24.1999999999998,-0.70413975488799,-0.70636748494189
"BR00117013","M19","sample",-37.841665625,-4.2428537153938,-4.09959529869752,21.353515625,0.621316498272086,0.623282195318129
"BR00117013","M20","poscon_cp",-44.7493135855556,-5.01734763182207,-4.84793870896862,-308.262866210937,-8.96942723367109,-8.99780435976859
"BR00117013","M21","sample",5.930796875,0.664968180991364,0.642515771563106,0,0,0
"BR00117013","M22","negcon",7.7250008379221,0.866136518180758,0.83689173281679,32.2344970703127,0.937916977935033,0.940884323302633
"BR00117013","M23","negcon",-0.487136542886489,-0.0546183434781098,-0.0527741749222016,-9.11286621093723,-0.265154189260183,-0.265993073802963
"BR00117013","M24","sample",1.96210191422701,0.219993260319375,0.212565267682518,-14.3,-0.416082582433814,-0.417398968374755
"BR00117013","N01","sample",0.480463618755351,0.0538701670837908,0.0520512604324518,38.3756835937497,1.11660514212241,1.12013781417533
"BR00117013","N02","sample",17.337776532054,1.94393265625957,1.87829647524075,-27.7743164062501,-0.808140510185066,-0.810697273796006
"BR00117013","N03","sample",-40.9612632384539,-4.59262680561507,-4.43755842740014,-217.19431640625,-6.31963440980837,-6.33962822411393
"BR00117013","N04","poscon_diverse",-13.0477092607021,-1.46292508006241,-1.41352994537873,7.42570800781232,0.216063480020281,0.216747053280632
"BR00117013","N05","sample",8.56350419318677,0.960150537318027,0.927731402699455,-3.13632812500009,-0.0912567486440451,-0.0915454632069771
"BR00117013","N06","poscon_cp",-35.7272218261003,-4.00577969711311,-3.87052599865058,40.4924072265626,1.17819478096433,1.18192230792852
"BR00117013","N07","negcon",3.94475755012036,0.442291028986807,0.427357232824632,15.7256835937499,0.457565247568149,0.459012874756575
"BR00117013","N08","negcon",6.52337919318677,0.731409233436328,0.706713465972329,33.9947265624999,0.989133819388557,0.992263202613243
"BR00117013","N09","poscon_cp",-30.3694508075863,-3.40505987422261,-3.29008926268177,674.525286865234,19.6264491801257,19.6885425790375
"BR00117013","N10","sample",4.07442600846291,0.456829614727193,0.441404928491053,29.9252868652343,0.87072661810905,0.8734813892215
"BR00117013","N11","poscon_cp",4.56569131973387,0.511910880753522,0.494626395549549,57.6256713867188,1.67671595559919,1.68202068452581
"BR00117013","N12","sample",-34.0793632384539,-3.8210197819359,-3.69200443499163,792.82568359375,23.068598451017,23.1415819883246
"BR00117013","N13","sample",6.81071958625316,0.763626188852239,0.737842627574631,-19.0743164062501,-0.554999358634422,-0.556755244085488
"BR00117013","N14","poscon_cp",3.24896891486645,0.36427835836415,0.351978631728129,-105.304304199219,-3.06400607221029,-3.07369985581647
"BR00117013","N15","sample",-38.9417708068132,-4.36619885046884,-4.21877573002755,-246.24431640625,-7.16489308251482,-7.18756109343467
"BR00117013","N16","sample",10.5926009659767,1.18765534291088,1.14755459105394,30.3257080078124,0.882377545596114,0.885169177461189
"BR00117013","N17","negcon",16.1787575501204,1.81398203404224,1.75273358864579,19.7256835937499,0.573951983913272,0.575767830945319
"BR00117013","N18","poscon_diverse",-34.2614958068132,-3.84144070769577,-3.71173585560047,644.92568359375,18.765198874656,18.8245674832459
"BR00117013","N19","poscon_cp",-35.6558614318132,-3.99777868264844,-3.86279513553711,-383.14080078125,-11.1481268408967,-11.1833968523337
"BR00117013","N20","poscon_cp",8.20729060763122,0.920211435537326,0.889140830203328,-1.58718261718741,-0.0461817511995384,-0.0463278592333126
"BR00117013","N21","poscon_diverse",-30.2116989318132,-3.38737254145912,-3.27299913629334,-143.84431640625,-4.18539263207968,-4.19863421500286
"BR00117013","N22","negcon",10.0595050311089,1.12788397633496,1.08980138298968,1.96018066406236,0.0570347575342587,0.0572152018886557
"BR00117013","N23","sample",14.6053676503003,1.63757163899333,1.58227962659664,1.5128173828125,0.0440179694679294,0.0441572318129606
"BR00117013","N24","sample",-0.474393892586221,-0.0531896219808526,-0.0513936936880613,-76.87431640625,-2.23678769882145,-2.24386436101282
"BR00117013","O01","sample",-0.18082712054251,-0.0202745573580378,-0.0195899942830036,-12.4492065429688,-0.362230629905623,-0.363376641127234
"BR00117013","O02","sample",-9.4275142072439,-1.05702439415634,-1.02133434890054,15.7007934570313,0.456841027123184,0.458286363051048
"BR00117013","O03","sample",13.1163460222483,1.47062071750143,1.42096574241105,-24.1992065429688,-0.704116667919422,-0.706344324931667
"BR00117013","O04","sample",7.105427357601e-15,7.96669183709012e-16,7.69769937695701e-16,1.40081787109375,0.0407591550576313,0.0408881072919898
"BR00117013","O05","sample",0.875213453888911,0.0981300001800649,0.0948166763185334,1.33878173828134,0.038954109299254,0.0390773507998318
"BR00117013","O06","sample",10.8218874346018,1.21336322149466,1.17239445244232,2.86751708984389,0.0834352388751989,0.0836992080487988
"BR00117013","O07","negcon",-6.3625331891775,-0.713374983240265,-0.6892881356926,2.10079345703116,0.0611261235497614,0.0613195120093178
"BR00117013","O08","sample",2.1120884538889,0.236809934124639,0.228814132596634,-6.23016357421875,-0.181277101324897,-0.181850618789153
"BR00117013","O09","sample",-1.96474154688416,-0.220289219153155,-0.212851233573628,-1.39960327148424,-0.040723814236502,-0.0408526546609409
"BR00117013","O10","sample",0.871135269165052,0.0976727491335819,0.094374864187777,3.10039672851576,0.0902112641517616,0.0904966710513951
"BR00117013","O11","sample",-1.635599419564,-0.183385402296045,-0.177193460706632,18.10078125,0.526672713746124,0.528338980456442
"BR00117013","O12","sample",-1.74365397775171,-0.195500611182863,-0.188899603959918,9.00079345703125,0.261893243745102,0.262721811434902
"BR00117013","O13","sample",3.78442884695531,0.424314779192487,0.409987944584119,-40.8992065429688,-1.19003129216031,-1.19379626701967
"BR00117013","O14","sample",14.2126781755686,1.59354281601888,1.53973742085941,-43.1491943359374,-1.25549847617031,-1.25947057356798
"BR00117013","O15","sample",-7.87516154611109,-0.882972719973761,-0.853159466363223,6.20079345703152,0.180422528303523,0.18099334210279
"BR00117013","O16","sample",-39.0256897733211,-4.37560794737193,-4.22786713218666,-300.449182128906,-8.74207493638623,-8.76973277410104
"BR00117013","O17","sample",12.2244668108225,1.37062213225469,1.32434357312283,-32.8992065429688,-0.957257819470067,-0.960286354642184
"BR00117013","O18","negcon",-1.43778654611109,-0.161206381599665,-0.155763306599102,-9.09920654296866,-0.264756738216578,-0.265594365319158
"BR00117013","O19","sample",6.5484478288889,0.734219959454116,0.709429288845658,-12.9456909179687,-0.37667667891877,-0.377868393990111
"BR00117013","O20","sample",-1.3166665269182e-07,-1.47626257285537e-08,-1.42641710256543e-08,16.4879272460939,0.479744010317177,0.48126180581522
"BR00117013","O21","sample",0.0230103288889012,0.00257994614682629,0.00249283520099872,30.5007934570312,0.887471951600139,0.890279700949397
"BR00117013","O22","sample",-45.040685708189,-5.05001662967561,-4.87950464995961,-150.644709472656,-4.38326152079543,-4.39712911363647
"BR00117013","O23","sample",-1.62892308899759,-0.182636843968048,-0.176470177179056,10.687927246094,0.31098324261675,0.311967119341544
"BR00117013","O24","sample",-8.29568463188408,-0.930122281374199,-0.898717039925465,-12.2992065429687,-0.357866127292678,-0.358998330270153
"BR00117013","P01","sample",-0.134173142790779,-0.01504365645628,-0.0145357128527967,-27.9500244140627,-0.813253030579818,-0.815825968984547
"BR00117013","P02","sample",13.6251397705078,1.52766729326701,1.47608616123832,-23.2000244140627,-0.675043781169984,-0.677179458510415
"BR00117013","P03","sample",7.105427357601e-15,7.96669183709012e-16,7.69769937695701e-16,-13.4000244140625,-0.389896277124427,-0.391129815847989
"BR00117013","P04","sample",-5.76334602224826,-0.64619338709661,-0.624374901774056,0,0,0
"BR00117013","P05","negcon",0.782867431640639,0.0877760515066463,0.0848123249664005,-25.5620361328126,-0.743770489958544,-0.746123602195402
"BR00117013","P06","sample",0.113541412353527,0.0127304016696602,0.0123005642749637,-4.73330078124991,-0.137723357517375,-0.138159081335744
"BR00117013","P07","sample",-16.3398792114258,-1.83204719127063,-1.77018878239312,-43.9000244140627,-1.277345141756,-1.28138635678716
"BR00117013","P08","sample",-1.31925756835937,-0.147916768012902,-0.142922411994575,54.6690185546872,1.59068716219276,1.59571971655852
"BR00117013","P09","sample",2.11091243086757,0.23667807698878,0.22868672756914,18.8995788574218,0.549915075378155,0.551654875370995
"BR00117013","P10","negcon",-6.08421075308321,-0.682169132161661,-0.659135938856413,25.3995788574218,0.73904352193898,0.741381679177703
"BR00117013","P11","sample",5.65405455818774,0.633939494814351,0.612534757719871,-3.66210938409495e-05,-1.06555239838415e-06,-1.06892355174598e-06
"BR00117013","P12","sample",7.105427357601e-15,7.96669183709012e-16,7.69769937695701e-16,-40.1000244140625,-1.16677774222813,-1.17046914840785
"BR00117013","P13","sample",-10.590917175293,-1.18746655424525,-1.14737217676913,29.9999755859374,0.872899812220156,0.87566145879987
"BR00117013","P14","sample",1.79533215332032,0.201294831273195,0.19449818431063,-5.05001220703139,-0.146938609819854,-0.147403488496142
"BR00117013","P15","sample",-4.38350756835936,-0.491484216291559,-0.474889430003811,28.5999755859377,0.832164454499374,0.834797224133821
"BR00117013","P16","sample",1.71496420443059,0.192283878797571,0.185791483376815,0,0,0
"BR00117013","P17","sample",-32.7438792114258,-3.67128368358134,-3.54732412168447,428.499975585937,12.4679284206031,12.5073739691034
"BR00117013","P18","sample",6.22986743164064,0.698500336657613,0.674915726156353,-8.4000244140625,-0.244412856693023,-0.24518612061206
"BR00117013","P19","sample",10.3751018066406,1.16326907182469,1.12399171356539,39.8534912109374,1.15960444350001,1.16327315507536
"BR00117013","P20","sample",6.20765384608508,0.69600972234532,0.672509206532897,-7.01289062499995,-0.204051863047264,-0.204697434419579
"BR00117013","P21","sample",4.27366430664063,0.479168455782688,0.462989506681244,1.09997558593727,0.0320056421266384,0.0321069003361983
"BR00117013","P22","sample",-12.6171317304373,-1.41464820207947,-1.36688311866949,20.13447265625,0.585846390122764,0.587699868215977
"BR00117013","P23","sample",-12.9952691112459,-1.45704542653021,-1.40784881621533,24.587109375,0.715403354079207,0.717666719471489
"BR00117013","P24","sample",-10.0590306541324,-1.12783078860963,-1.0897499911286,-34.9000244140625,-1.01547498497946,-1.01868770536248
